cyp_id,kingdom,reason,num_pairs_lost
CYP102A1,Bacteria,class_only,0
CYP102A1Pm,Bacteria,no_substrate,0
CYP102A2,Bacteria,no_smiles,1
CYP102A3,Bacteria,no_smiles,1
CYP102A5,Bacteria,no_smiles,1
CYP105A3,Bacteria,no_smiles,1
CYP105B1,Bacteria,class_only,0
CYP105D18,Bacteria,no_substrate,0
CYP105D7,Bacteria,no_substrate,0
CYP105K1,Bacteria,class_only,0
CYP105L10,Bacteria,class_only,0
CYP107A2,Bacteria,class_only,0
CYP107B1,Bacteria,class_only,0
CYP107F1,Bacteria,no_substrate,0
CYP107L1,Bacteria,class_only,0
CYP109A1,Bacteria,class_only,0
CYP109A2,Bacteria,no_smiles,1
CYP109B1,Bacteria,no_substrate,0
CYP109F2,Bacteria,class_only,0
CYP110A1,Bacteria,none,0
CYP112A1,Bacteria,class_only,0
CYP113A1,Bacteria,no_smiles,1
CYP113B1,Bacteria,no_substrate,0
CYP113C1,Bacteria,no_smiles,1
CYP113D1,Bacteria,no_substrate,0
CYP113E1,Bacteria,no_sequence,1
CYP113E2,Bacteria,no_smiles,1
CYP116A1,Bacteria,no_smiles,1
CYP116C1,Bacteria,class_only,0
CYP117A1,Bacteria,class_only,0
CYP117A2,Bacteria,class_only,0
CYP121A1,Bacteria,no_smiles,1
CYP122A2,Bacteria,no_substrate,0
CYP1232A24,Bacteria,no_substrate,0
CYP124A1,Bacteria,class_only,0
CYP127A1,Bacteria,class_only,0
CYP130A1,Bacteria,class_only,0
CYP131A1,Bacteria,class_only,0
CYP134A1,Bacteria,no_smiles,1
CYP135A1,Bacteria,no_smiles,1
CYP138A1,Bacteria,no_substrate,0
CYP138B1,Bacteria,no_substrate,0
CYP138C1,Bacteria,no_substrate,0
CYP138D1,Bacteria,no_substrate,0
CYP139A1,Bacteria,no_smiles,1
CYP142A1,Bacteria,no_smiles,1
CYP151A1,Bacteria,no_smiles,1
CYP152A1,Bacteria,class_only,0
CYP152B1,Bacteria,class_only,0
CYP152C1,Bacteria,class_only,0
CYP152L1,Bacteria,class_only,0
CYP152N1,Bacteria,class_only,0
CYP153A1,Bacteria,class_only,0
CYP153B1,Bacteria,no_smiles,1
CYP154A1,Bacteria,no_smiles,1
CYP154C1,Bacteria,class_only,0
CYP154C3,Bacteria,class_only,0
CYP154C5,Bacteria,class_only,0
CYP158A1,Bacteria,no_smiles,1
CYP158B1,Bacteria,no_substrate,0
CYP158C1,Bacteria,no_smiles,2
CYP158D1,Bacteria,no_substrate,0
CYP158G1,Bacteria,no_smiles,1
CYP158G2,Bacteria,no_smiles,1
CYP158H1,Bacteria,no_substrate,0
CYP158I1,Bacteria,no_smiles,1
CYP158K1,Bacteria,no_substrate,0
CYP158L1,Bacteria,no_smiles,1
CYP161C2,Bacteria,no_smiles,1
CYP163A1,Bacteria,no_substrate,0
CYP163B3,Bacteria,no_smiles,1
CYP163C1,Bacteria,no_smiles,1
CYP165A2,Bacteria,no_substrate,0
CYP165A3,Bacteria,no_substrate,0
CYP165A3Ao,Bacteria,no_substrate,0
CYP165B1,Bacteria,no_substrate,0
CYP165B2,Bacteria,no_substrate,0
CYP165B3,Bacteria,no_smiles,1
CYP165C4,Bacteria,no_substrate,0
CYP165D1,Bacteria,no_substrate,0
CYP165D3,Bacteria,no_smiles,1
CYP165E1,Bacteria,none,0
CYP170A1,Bacteria,no_smiles,1
CYP175A1,Bacteria,none,0
CYP200A1,Bacteria,class_only,0
CYP200A2,Bacteria,no_smiles,1
CYP201A1,Bacteria,no_substrate,0
CYP202A1,Bacteria,no_smiles,1
CYP255A1,Bacteria,no_smiles,1
CYP260A1,Bacteria,class_only,0
CYP260B1,Bacteria,no_smiles,1
CYP267A1,Bacteria,no_substrate,0
CYP267F1,Bacteria,class_only,0
CYP267X1,Bacteria,no_substrate,0
CYP51M3,Bacteria,no_substrate,0
CYP503B2,Fungi,none,0
CYP503C1,Fungi,no_smiles,1
CYP505A3,Fungi,no_substrate,0
CYP505A30,Fungi,no_smiles,1
CYP505B2,Fungi,no_smiles,1
CYP505J1,Fungi,none,0
CYP505J2,Fungi,none,0
CYP5066B1,Fungi,none,0
CYP5076B1,Fungi,none,0
CYP5076D1,Fungi,none,0
CYP5076E1,Fungi,none,0
CYP512W2,Fungi,no_smiles,1
CYP5139B1,Fungi,no_substrate,0
CYP5139G1,Fungi,no_smiles,1
CYP5139G4,Fungi,class_only,0
CYP5139G5,Fungi,class_only,0
CYP5150L8,Fungi,no_smiles,2
CYP51C1,Fungi,gene_only,0
CYP51C2,Fungi,no_substrate,0
CYP51C4,Fungi,no_substrate,0
CYP51J1,Fungi,gene_only,0
CYP51K1,Fungi,no_substrate,0
CYP51K2,Fungi,no_substrate,0
CYP522A1,Fungi,none,0
CYP52B300,Fungi,no_substrate,0
CYP52H1,Fungi,none,0
CYP52I1,Fungi,no_substrate,0
CYP52J1,Fungi,no_smiles,1
CYP52K1,Fungi,no_substrate,0
CYP52M1,Fungi,class_only,0
CYP52O1,Fungi,none,0
CYP52P1,Fungi,no_smiles,1
CYP52R1,Fungi,no_substrate,0
CYP52S1,Fungi,none,0
CYP52T1,Fungi,none,0
CYP52U1,Fungi,no_substrate,0
CYP52U5,Fungi,none,0
CYP52U6,Fungi,none,0
CYP52V1,Fungi,no_substrate,0
CYP52W1,Fungi,no_substrate,0
CYP52X2,Fungi,no_smiles,1
CYP53C1,Fungi,none,0
CYP55A1,Fungi,no_smiles,1
CYP60A1,Fungi,no_smiles,1
CYP60AC1,Fungi,no_smiles,1
CYP60AD1,Fungi,gene_only,0
CYP60AD2,Fungi,class_only,0
CYP60AE1,Fungi,no_smiles,1
CYP60D1,Fungi,no_substrate,0
CYP60H1,Fungi,no_substrate,0
CYP60I1,Fungi,no_substrate,0
CYP60J1,Fungi,no_substrate,0
CYP60K1,Fungi,none,0
CYP60L1,Fungi,none,0
CYP60N1,Fungi,no_smiles,1
CYP60O1,Fungi,none,0
CYP60P1,Fungi,none,0
CYP60R1,Fungi,none,0
CYP60R2,Fungi,none,0
CYP60S1,Fungi,none,0
CYP60U1,Fungi,none,0
CYP60W1,Fungi,none,0
CYP60X1,Fungi,none,0
CYP60Y1,Fungi,no_substrate,0
CYP619A1,Fungi,none,0
CYP619D1,Fungi,no_substrate,0
CYP619F1,Fungi,none,0
CYP619H1,Fungi,no_substrate,0
CYP61B1,Fungi,none,0
CYP620A1,Fungi,none,0
CYP621A2,Fungi,no_substrate,0
CYP621B1,Fungi,none,0
CYP623A1,Fungi,no_substrate,0
CYP624B1,Fungi,no_substrate,0
CYP624D1,Fungi,none,0
CYP624E1,Fungi,no_smiles,1
CYP624F1,Fungi,none,0
CYP624G1,Fungi,no_substrate,0
CYP624H1,Fungi,no_smiles,1
CYP624I1,Fungi,none,0
CYP624J1,Fungi,none,0
CYP624K1,Fungi,no_substrate,0
CYP624L1,Fungi,no_smiles,1
CYP624M1,Fungi,none,0
CYP626B1,Fungi,no_substrate,0
CYP626B2,Fungi,no_substrate,0
CYP626B3,Fungi,no_substrate,0
CYP626C1,Fungi,none,0
CYP626D1,Fungi,no_substrate,0
CYP628A1,Fungi,no_smiles,1
CYP628B1,Fungi,none,0
CYP628B2,Fungi,no_smiles,1
CYP628C1,Fungi,none,0
CYP628D1,Fungi,none,0
CYP628E1,Fungi,none,0
CYP628F1,Fungi,none,0
CYP629A1,Fungi,gene_only,0
CYP629B2,Fungi,no_substrate,0
CYP630B18,Fungi,class_only,0
CYP631B1,Fungi,no_substrate,0
CYP632A1,Fungi,no_substrate,0
CYP632B1,Fungi,no_substrate,0
CYP632C1,Fungi,no_substrate,0
CYP635A1,Fungi,no_substrate,0
CYP635A2,Fungi,no_smiles,1
CYP635A3,Fungi,none,0
CYP636A1,Fungi,no_smiles,1
CYP636A2,Fungi,no_smiles,1
CYP636B1,Fungi,no_smiles,1
CYP636C1,Fungi,no_smiles,1
CYP636D1,Fungi,no_smiles,1
CYP637C1,Fungi,no_substrate,0
CYP637D1,Fungi,no_smiles,1
CYP637E1,Fungi,no_smiles,1
CYP638A1,Fungi,none,0
CYP639A1,Fungi,none,0
CYP639B1,Fungi,none,0
CYP639C1,Fungi,none,0
CYP639D1,Fungi,none,0
CYP641A1,Fungi,none,0
CYP641B1,Fungi,no_substrate,0
CYP642B1,Fungi,none,0
CYP642D1,Fungi,no_smiles,1
CYP642E1,Fungi,none,0
CYP642F1,Fungi,no_substrate,0
CYP643A1,Fungi,none,0
CYP643C1,Fungi,none,0
CYP643D1,Fungi,class_only,0
CYP643E1,Fungi,no_substrate,0
CYP643F1,Fungi,no_substrate,0
CYP643G1,Fungi,no_substrate,0
CYP643I1,Fungi,none,0
CYP643J1,Fungi,none,0
CYP643K1,Fungi,no_smiles,1
CYP643L1,Fungi,no_substrate,0
CYP643M1,Fungi,no_smiles,1
CYP643P1,Fungi,no_smiles,1
CYP644A1,Fungi,none,0
CYP645A1,Fungi,no_smiles,1
CYP645B1,Fungi,none,0
CYP647A1,Fungi,none,0
CYP647A2,Fungi,none,0
CYP648C1,Fungi,none,0
CYP649A1,Fungi,no_substrate,0
CYP64C1,Fungi,no_substrate,0
CYP64C2,Fungi,no_substrate,0
CYP64D1,Fungi,no_substrate,0
CYP64E1,Fungi,class_only,0
CYP64H1,Fungi,no_smiles,1
CYP64J1,Fungi,no_substrate,0
CYP64L1,Fungi,none,0
CYP651A1,Fungi,no_substrate,0
CYP651A2,Fungi,no_smiles,1
CYP652A1,Fungi,no_smiles,1
CYP652B1,Fungi,none,0
CYP652C1,Fungi,none,0
CYP652D1,Fungi,no_substrate,0
CYP652E1,Fungi,none,0
CYP652E2,Fungi,none,0
CYP652F2,Fungi,no_substrate,0
CYP652G1,Fungi,none,0
CYP652M1,Fungi,no_smiles,1
CYP652M2,Fungi,class_only,0
CYP652N2,Fungi,no_smiles,1
CYP652N3,Fungi,no_smiles,1
CYP652Q1,Fungi,no_substrate,0
CYP652S1,Fungi,no_smiles,1
CYP652T1,Fungi,no_smiles,1
CYP652U1,Fungi,no_smiles,1
CYP652W1,Fungi,no_substrate,0
CYP652X1,Fungi,no_substrate,0
CYP652Y1,Fungi,no_smiles,1
CYP656A1,Fungi,none,0
CYP657A1,Fungi,none,0
CYP658B1,Fungi,none,0
CYP658C1,Fungi,gene_only,0
CYP658D1,Fungi,no_substrate,0
CYP668A1,Fungi,none,0
CYP669A1,Fungi,none,0
CYP669B1,Fungi,none,0
CYP671A1,Fungi,gene_only,0
CYP671A2,Fungi,none,0
CYP671A3,Fungi,no_substrate,0
CYP671B1,Fungi,no_substrate,0
CYP671C1,Fungi,none,0
CYP671C2,Fungi,none,0
CYP672A1,Fungi,none,0
CYP672D1,Fungi,none,0
CYP672E1,Fungi,no_substrate,0
CYP673A1,Fungi,no_smiles,1
CYP673B1,Fungi,none,0
CYP674A1,Fungi,none,0
CYP674B1,Fungi,none,0
CYP675B1,Fungi,no_substrate,0
CYP678A1,Fungi,no_smiles,1
CYP678A2,Fungi,no_substrate,0
CYP678B1,Fungi,no_smiles,1
CYP679B1,Fungi,none,0
CYP679D1,Fungi,none,0
CYP679E1,Fungi,no_smiles,1
CYP679E2,Fungi,no_smiles,1
CYP679F1,Fungi,none,0
CYP681A1,Fungi,class_only,0
CYP681A2,Fungi,none,0
CYP681B1,Fungi,no_smiles,1
CYP681C1,Fungi,none,0
CYP689A1,Fungi,no_smiles,1
CYP689A2,Fungi,no_smiles,1
CYP689B1,Fungi,no_smiles,1
CYP689B2,Fungi,no_smiles,1
CYP689C1,Fungi,no_smiles,1
CYP68AA1,Fungi,no_smiles,1
CYP68AB1,Fungi,no_smiles,1
CYP68AC1,Fungi,none,0
CYP68AC2,Fungi,no_smiles,1
CYP68AE1,Fungi,no_smiles,1
CYP68AF1,Fungi,none,0
CYP68AF2,Fungi,class_only,0
CYP68AH1,Fungi,none,0
CYP68B1,Fungi,no_substrate,0
CYP68B2,Fungi,no_substrate,0
CYP68F1,Fungi,none,0
CYP68G1,Fungi,none,0
CYP68I1,Fungi,no_substrate,0
CYP68J1,Fungi,no_smiles,1
CYP68L1,Fungi,none,0
CYP68M1,Fungi,none,0
CYP68N1,Fungi,no_smiles,1
CYP68O1,Fungi,none,0
CYP68Q1,Fungi,no_smiles,1
CYP68R1,Fungi,no_smiles,1
CYP68R2,Fungi,no_smiles,1
CYP68S1,Fungi,no_smiles,1
CYP68T1,Fungi,no_smiles,1
CYP68U1,Fungi,no_smiles,1
CYP68V1,Fungi,no_substrate,0
CYP68W1,Fungi,no_substrate,0
CYP68Y1,Fungi,none,0
CYP691A1,Fungi,no_substrate,0
CYP692A1,Fungi,none,0
CYP693A1,Fungi,none,0
CYP693C1,Fungi,none,0
CYP693D1,Fungi,no_substrate,0
CYP694A1,Fungi,none,0
CYP694B1,Fungi,no_smiles,1
CYP695A1,Fungi,none,0
CYP695C1,Fungi,no_substrate,0
CYP696B1,Fungi,none,0
CYP697A1,Fungi,none,0
CYP697B1,Fungi,none,0
CYP697C1,Fungi,no_substrate,0
CYP697D1,Fungi,no_substrate,0
CYP698A1,Fungi,no_substrate,0
CYP11B1,Metazoa,class_only,0
CYP15C1,Metazoa,no_substrate,0
CYP17A1,Metazoa,class_only,0
CYP17A1Ol,Metazoa,class_only,0
CYP17A1Rn,Metazoa,class_only,0
CYP17A1Sa,Metazoa,class_only,0
CYP17A2,Metazoa,class_only,0
CYP18A1,Metazoa,no_smiles,1
CYP19A1,Metazoa,no_substrate,0
CYP19A2Ca,Metazoa,no_substrate,0
CYP1A1,Metazoa,no_smiles,1
CYP1A2,Metazoa,no_substrate,0
CYP1B1,Metazoa,no_substrate,0
CYP21A2Bt,Metazoa,class_only,0
CYP22A1,Metazoa,class_only,0
CYP27B1,Metazoa,no_smiles,1
CYP2B1,Metazoa,class_only,0
CYP2B4,Metazoa,no_smiles,1
CYP2C38,Metazoa,no_smiles,1
CYP2C39,Metazoa,no_smiles,1
CYP2C50,Metazoa,gene_only,0
CYP2C54,Metazoa,gene_only,0
CYP2C55,Metazoa,gene_only,0
CYP2D7,Metazoa,gene_only,0
CYP2F1,Metazoa,gene_only,0
CYP2U1Am,Metazoa,class_only,0
CYP302A1,Metazoa,class_only,0
CYP306A1,Metazoa,class_only,0
CYP315A1,Metazoa,class_only,0
CYP39A1Mm,Metazoa,no_smiles,1
CYP3A38,Metazoa,no_sequence,1
CYP3A40,Metazoa,no_substrate,0
CYP4A22,Metazoa,class_only,0
CYP4A300,Metazoa,class_only,0
CYP4B1,Metazoa,gene_only,0
CYP4B1Mm,Metazoa,gene_only,0
CYP4B1Oc,Metazoa,gene_only,0
CYP4B1Rn,Metazoa,gene_only,0
CYP4E5,Metazoa,gene_only,0
CYP4F2v3,Metazoa,no_smiles,1
CYP4X1,Metazoa,no_substrate,0
CYP51A1Dr,Metazoa,class_only,0
CYP5A1,Metazoa,no_smiles,1
CYP6A1,Metazoa,no_smiles,1
CYP6A8,Metazoa,gene_only,0
CYP6A9,Metazoa,gene_only,0
CYP6B1,Metazoa,gene_only,0
CYP6B2,Metazoa,gene_only,0
CYP6B3,Metazoa,gene_only,0
CYP6B6,Metazoa,gene_only,0
CYP6B7,Metazoa,gene_only,0
CYP6D1,Metazoa,gene_only,0
CYP6D3,Metazoa,gene_only,0
CYP6G1,Metazoa,gene_only,0
CYP7B1Am,Metazoa,no_smiles,1
CYP8B1Am,Metazoa,class_only,0
CYP5164A1,OtherEukaryotes,class_only,0
CYP5164B1,OtherEukaryotes,no_smiles,1
CYP5164C1,OtherEukaryotes,class_only,0
CYP51D1,OtherEukaryotes,no_smiles,1
CYP51D2,OtherEukaryotes,no_smiles,1
CYP51D3,OtherEukaryotes,no_smiles,1
CYP51I1,OtherEukaryotes,no_smiles,1
CYP51N1,OtherEukaryotes,no_smiles,1
CYP521A1,OtherEukaryotes,no_smiles,1
CYP51H10,Viridiplantae,no_smiles,1
CYP701A8,Viridiplantae,no_smiles,1
CYP704B1,Viridiplantae,class_only,0
CYP705A5,Viridiplantae,no_smiles,1
CYP706A3,Viridiplantae,no_smiles,1
CYP706C37,Viridiplantae,no_smiles,1
CYP709C1,Viridiplantae,class_only,0
CYP711A1,Viridiplantae,no_smiles,1
CYP711A2,Viridiplantae,no_substrate,0
CYP711A3,Viridiplantae,no_smiles,1
CYP711A3Zm,Viridiplantae,no_substrate,0
CYP711A9,Viridiplantae,no_substrate,0
CYP712K1,Viridiplantae,no_smiles,1
CYP714A2,Viridiplantae,class_only,0
CYP714B2,Viridiplantae,no_smiles,1
CYP714D1,Viridiplantae,class_only,0
CYP714E19,Viridiplantae,no_smiles,1
CYP714E52,Viridiplantae,no_smiles,1
CYP716A155,Viridiplantae,no_smiles,1
CYP716A224,Viridiplantae,no_smiles,1
CYP716A262,Viridiplantae,no_smiles,1
CYP716A265,Viridiplantae,no_smiles,1
CYP716A297,Viridiplantae,no_smiles,1
CYP716C49,Viridiplantae,class_only,0
CYP71A1,Viridiplantae,class_only,0
CYP71AV1,Viridiplantae,no_smiles,1
CYP71AZ1,Viridiplantae,no_smiles,1
CYP71AZ3,Viridiplantae,class_only,0
CYP71AZ6,Viridiplantae,no_smiles,1
CYP71B15,Viridiplantae,no_smiles,1
CYP71B38At,Viridiplantae,no_smiles,2
CYP71B40,Viridiplantae,class_only,0
CYP71BE85,Viridiplantae,no_smiles,1
CYP71BE86,Viridiplantae,no_smiles,1
CYP71BJ1,Viridiplantae,no_smiles,1
CYP71BZ6X,Viridiplantae,no_substrate,0
CYP71C113,Viridiplantae,no_smiles,1
CYP71D13,Viridiplantae,no_smiles,1
CYP71D16,Viridiplantae,no_smiles,1
CYP71D178,Viridiplantae,no_smiles,1
CYP71D181,Viridiplantae,no_smiles,1
CYP71D353,Viridiplantae,no_smiles,1
CYP71D381,Viridiplantae,no_smiles,1
CYP71D507,Viridiplantae,no_smiles,1
CYP71D55,Viridiplantae,no_smiles,1
CYP71D558,Viridiplantae,no_smiles,1
CYP71D716,Viridiplantae,no_smiles,1
CYP71D9,Viridiplantae,class_only,0
CYP71DD6,Viridiplantae,no_substrate,0
CYP71FB1,Viridiplantae,no_smiles,1
CYP71L1,Viridiplantae,no_smiles,1
CYP71P1,Viridiplantae,no_substrate,0
CYP71U5,Viridiplantae,no_smiles,1
CYP71Z2,Viridiplantae,no_smiles,1
CYP71Z21,Viridiplantae,no_smiles,1
CYP71Z7,Viridiplantae,no_smiles,1
CYP720B1,Viridiplantae,no_smiles,1
CYP720B12,Viridiplantae,no_substrate,0
CYP720B12Pc,Viridiplantae,no_smiles,2
CYP720B2,Viridiplantae,class_only,0
CYP720B4,Viridiplantae,no_substrate,0
CYP725A5,Viridiplantae,class_only,0
CYP725A500,Viridiplantae,no_smiles,1
CYP725A6,Viridiplantae,class_only,0
CYP726A16,Viridiplantae,no_smiles,1
CYP72A188,Viridiplantae,class_only,0
CYP72A208,Viridiplantae,class_only,0
CYP72A224,Viridiplantae,no_smiles,1
CYP72A475,Viridiplantae,class_only,0
CYP72A552,Viridiplantae,no_substrate,0
CYP72A61,Viridiplantae,no_smiles,1
CYP72A68,Viridiplantae,no_smiles,1
CYP734A1,Viridiplantae,class_only,0
CYP734A2,Viridiplantae,no_smiles,1
CYP734A4,Viridiplantae,no_substrate,0
CYP734A6,Viridiplantae,no_smiles,1
CYP735A1,Viridiplantae,class_only,0
CYP736A167,Viridiplantae,no_smiles,1
CYP73A33,Viridiplantae,no_smiles,1
CYP74A2,Viridiplantae,no_smiles,1
CYP74A4,Viridiplantae,gene_only,0
CYP74B2,Viridiplantae,no_smiles,1
CYP74B300,Viridiplantae,class_only,0
CYP75A1,Viridiplantae,class_only,0
CYP75A109,Viridiplantae,no_substrate,0
CYP75A110,Viridiplantae,no_smiles,1
CYP75A2,Viridiplantae,class_only,0
CYP75A3,Viridiplantae,class_only,0
CYP75A4,Viridiplantae,class_only,0
CYP75A500,Viridiplantae,class_only,0
CYP75A6,Viridiplantae,class_only,0
CYP75A7,Viridiplantae,class_only,0
CYP75B1,Viridiplantae,class_only,0
CYP75B2,Viridiplantae,class_only,0
CYP75B3,Viridiplantae,class_only,0
CYP75B500,Viridiplantae,class_only,0
CYP75B81,Viridiplantae,class_only,0
CYP76A2L,Viridiplantae,class_only,0
CYP76AE2,Viridiplantae,no_smiles,1
CYP76AE4,Viridiplantae,no_smiles,1
CYP76AH1,Viridiplantae,no_substrate,0
CYP76AH17,Viridiplantae,no_smiles,1
CYP76AH23,Viridiplantae,no_substrate,0
CYP76AH3,Viridiplantae,no_substrate,0
CYP76AH39,Viridiplantae,no_smiles,1
CYP76AH4,Viridiplantae,no_substrate,0
CYP76AH68,Viridiplantae,no_smiles,1
CYP76AH8,Viridiplantae,no_smiles,1
CYP76B6,Viridiplantae,no_smiles,1
CYP76BK1,Viridiplantae,class_only,0
CYP76F39,Viridiplantae,no_smiles,1
CYP76M7,Viridiplantae,no_smiles,1
CYP76M8,Viridiplantae,no_smiles,1
CYP77A4,Viridiplantae,class_only,0
CYP77A6,Viridiplantae,class_only,0
CYP77B1,Viridiplantae,class_only,0
CYP788A1,Viridiplantae,class_only,0
CYP78A5,Viridiplantae,class_only,0
CYP78A7,Viridiplantae,class_only,0
CYP79A125,Viridiplantae,no_smiles,1
CYP79B2,Viridiplantae,no_substrate,0
CYP79D16,Viridiplantae,no_smiles,1
CYP79D3,Viridiplantae,no_substrate,0
CYP81A37,Viridiplantae,no_smiles,1
CYP81A38,Viridiplantae,no_smiles,1
CYP81E1,Viridiplantae,no_substrate,0
CYP81E100,Viridiplantae,class_only,0
CYP81E6,Viridiplantae,class_only,0
CYP81E7,Viridiplantae,class_only,0
CYP81E9,Viridiplantae,class_only,0
CYP81F1,Viridiplantae,no_smiles,1
CYP81F2,Viridiplantae,no_smiles,1
CYP81F3,Viridiplantae,no_smiles,1
CYP81F4,Viridiplantae,no_smiles,1
CYP81Q19,Viridiplantae,no_substrate,0
CYP81Q500,Viridiplantae,no_substrate,0
CYP82AR2,Viridiplantae,no_substrate,0
CYP82D26,Viridiplantae,no_substrate,0
CYP82D263,Viridiplantae,none,0
CYP82D274,Viridiplantae,none,0
CYP82D47,Viridiplantae,no_smiles,1
CYP82G1,Viridiplantae,no_smiles,1
CYP82N4,Viridiplantae,no_smiles,1
CYP82P3,Viridiplantae,class_only,0
CYP82Q3,Viridiplantae,no_smiles,1
CYP82X2,Viridiplantae,no_smiles,1
CYP83B1,Viridiplantae,class_only,0
CYP85A1,Viridiplantae,class_only,0
CYP85A2,Viridiplantae,class_only,0
CYP85A69,Viridiplantae,no_smiles,1
CYP86A1,Viridiplantae,class_only,0
CYP86A22,Viridiplantae,class_only,0
CYP86A4,Viridiplantae,class_only,0
CYP86A7,Viridiplantae,class_only,0
CYP86B1,Viridiplantae,class_only,0
CYP86B1v2,Viridiplantae,class_only,0
CYP86C3,Viridiplantae,class_only,0
CYP87D18,Viridiplantae,no_smiles,1
CYP87D20,Viridiplantae,no_smiles,1
CYP88L2,Viridiplantae,no_smiles,1
CYP88L7,Viridiplantae,no_smiles,2
CYP88L8,Viridiplantae,no_smiles,1
CYP90A1,Viridiplantae,class_only,0
CYP90A1Bd,Viridiplantae,class_only,0
CYP92A300,Viridiplantae,no_smiles,1
CYP92A6,Viridiplantae,no_smiles,1
CYP92C5,Viridiplantae,no_smiles,1
CYP92C6,Viridiplantae,no_smiles,1
CYP93B16,Viridiplantae,class_only,0
CYP93B500,Viridiplantae,no_smiles,1
CYP93B501,Viridiplantae,no_smiles,1
CYP93C1,Viridiplantae,no_substrate,0
CYP93G1,Viridiplantae,no_smiles,1
CYP94A1,Viridiplantae,class_only,0
CYP94A2,Viridiplantae,class_only,0
CYP94A5,Viridiplantae,class_only,0
CYP94B3,Viridiplantae,no_smiles,1
CYP94C1,Viridiplantae,no_smiles,1
CYP96A15,Viridiplantae,no_smiles,1
CYP97A29,Viridiplantae,no_smiles,1
CYP97A3,Viridiplantae,no_smiles,1
CYP97B3,Viridiplantae,gene_only,0
CYP97C1,Viridiplantae,class_only,0
CYP97C11,Viridiplantae,class_only,0
CYP98A112,Viridiplantae,no_smiles,1
CYP98A113,Viridiplantae,no_smiles,1
CYP98A14,Viridiplantae,no_smiles,1
CYP98A34,Viridiplantae,no_smiles,1
CYP98A6,Viridiplantae,no_smiles,1
CYP98A9,Viridiplantae,no_smiles,1
CYP51V1,Virus,no_smiles,1
tadB,Fungi,no_smiles,1
CYP3,Fungi,no_smiles,1
bsc1,Fungi,no_smiles,1
ORF5,Fungi,no_substrate,0
ORF6,Fungi,no_substrate,0
