Substrate Index,auc,n_pos,n_neg,n_total,promiscuity,family
0,0.875,2,20,22,7,Duf
1,1.0,3,25,28,25,Duf
2,0.8115942028985508,3,23,26,34,Duf
3,0.6748768472906403,7,29,36,25,Duf
5,0.8,5,23,28,28,Duf
6,0.9770114942528736,3,29,32,15,Duf
7,0.9821428571428571,7,32,39,16,Duf
8,0.77,4,25,29,18,Duf
10,0.28,3,25,28,4,Duf
11,0.8347826086956521,5,23,28,21,Duf
12,0.9217391304347826,5,23,28,16,Duf
13,0.525,2,20,22,8,Duf
14,0.38888888888888895,2,27,29,10,Duf
16,0.9047619047619048,2,21,23,16,Duf
0,0.9294117647058824,17,5,22,101,Esterase
3,0.9020979020979021,22,13,35,107,Esterase
4,0.9071428571428571,7,20,27,28,Esterase
5,0.9473684210526316,7,19,26,44,Esterase
6,0.968421052631579,5,19,24,28,Esterase
7,0.875,4,30,34,9,Esterase
8,0.5111111111111111,3,30,33,16,Esterase
9,0.7681159420289855,23,3,26,122,Esterase
12,0.8909090909090909,10,22,32,58,Esterase
13,0.9365079365079365,7,18,25,57,Esterase
14,0.9874999999999999,4,20,24,29,Esterase
16,0.9807692307692308,4,26,30,7,Esterase
17,0.875,7,24,31,19,Esterase
18,0.9848484848484849,3,22,25,32,Esterase
19,0.826388888888889,8,18,26,68,Esterase
22,0.7246376811594203,3,23,26,22,Esterase
23,0.9821428571428572,2,28,30,9,Esterase
25,0.9702380952380952,7,24,31,28,Esterase
27,0.9555555555555556,3,15,18,25,Esterase
28,0.7294117647058823,17,10,27,64,Esterase
31,0.8774193548387097,31,5,36,125,Esterase
32,1.0,2,21,23,17,Esterase
33,0.9772727272727273,2,22,24,11,Esterase
35,0.8333333333333334,6,18,24,39,Esterase
38,0.9375,11,16,27,46,Esterase
39,0.75,4,16,20,19,Esterase
40,0.9142857142857144,5,21,26,34,Esterase
41,0.7687499999999999,10,16,26,58,Esterase
42,0.9159663865546218,7,17,24,27,Esterase
43,0.8181818181818181,3,22,25,31,Esterase
45,0.9285714285714285,8,21,29,38,Esterase
46,0.7678571428571428,2,28,30,10,Esterase
47,0.9500000000000001,5,24,29,33,Esterase
50,0.8157894736842106,2,19,21,13,Esterase
53,1.0,4,20,24,40,Esterase
55,0.746031746031746,6,21,27,31,Esterase
56,0.9553571428571428,7,16,23,54,Esterase
57,0.8823529411764706,5,34,39,30,Esterase
58,0.895,10,20,30,57,Esterase
59,0.9558823529411764,4,17,21,32,Esterase
60,0.93125,8,20,28,44,Esterase
61,1.0,2,16,18,37,Esterase
64,0.8444444444444446,5,27,32,33,Esterase
65,0.84375,4,16,20,43,Esterase
67,0.9841269841269841,6,21,27,36,Esterase
68,0.8823529411764706,10,17,27,46,Esterase
70,0.7352941176470589,17,16,33,64,Esterase
71,0.9508771929824562,15,19,34,55,Esterase
72,0.9583333333333333,2,24,26,12,Esterase
73,0.9074074074074074,3,18,21,28,Esterase
74,0.8482142857142857,14,16,30,57,Esterase
75,0.5714285714285714,2,28,30,7,Esterase
76,0.75,2,18,20,19,Esterase
78,0.7222222222222222,14,9,23,72,Esterase
79,0.9487179487179487,3,13,16,21,Esterase
82,0.9722222222222222,3,24,27,18,Esterase
83,0.7277777777777777,12,15,27,80,Esterase
84,0.9444444444444444,3,18,21,27,Esterase
87,0.7033492822966507,19,11,30,79,Esterase
88,0.9791666666666667,2,24,26,11,Esterase
89,0.98,6,25,31,12,Esterase
90,1.0,2,16,18,33,Esterase
91,0.95,4,20,24,35,Esterase
92,0.7577639751552795,23,7,30,115,Esterase
93,0.875,16,5,21,110,Esterase
95,0.7352941176470589,4,17,21,62,Esterase
1,0.5,2,2,4,26,Gt_acceptor
3,0.5555555555555556,2,9,11,7,Gt_acceptor
4,0.5833333333333334,2,6,8,25,Gt_acceptor
8,0.4375,2,8,10,16,Gt_acceptor
18,0.7500000000000001,2,6,8,3,Gt_acceptor
26,0.6500000000000001,5,4,9,20,Gt_acceptor
30,0.7575757575757576,3,11,14,7,Gt_acceptor
35,0.1875,2,8,10,14,Gt_acceptor
39,0.88,5,5,10,22,Gt_acceptor
40,1.0,3,2,5,45,Gt_acceptor
41,0.4444444444444445,3,3,6,27,Gt_acceptor
42,0.8571428571428572,7,5,12,42,Gt_acceptor
43,0.33333333333333337,3,7,10,11,Gt_acceptor
44,0.7083333333333333,4,6,10,19,Gt_acceptor
45,0.6666666666666666,3,5,8,32,Gt_acceptor
46,0.8888888888888888,2,9,11,8,Gt_acceptor
48,0.7272727272727273,2,11,13,3,Gt_acceptor
50,0.42857142857142855,7,2,9,26,Gt_acceptor
60,0.8333333333333334,4,3,7,26,Gt_acceptor
68,0.5625,2,8,10,2,Gt_acceptor
71,0.6000000000000001,5,2,7,29,Gt_acceptor
73,0.6111111111111112,3,6,9,7,Gt_acceptor
75,0.8333333333333334,4,3,7,24,Gt_acceptor
78,0.4285714285714286,4,7,11,6,Gt_acceptor
86,0.4375,2,8,10,12,Gt_acceptor
89,1.0,2,2,4,11,Gt_acceptor
92,0.5,2,8,10,15,Gt_acceptor
93,0.5833333333333333,4,6,10,13,Gt_acceptor
95,0.625,2,8,10,13,Gt_acceptor
97,0.8666666666666667,5,3,8,26,Gt_acceptor
98,1.0,6,3,9,20,Gt_acceptor
102,0.7222222222222222,3,6,9,20,Gt_acceptor
1,0.6976744186046512,4,43,47,12,Phosphatase
2,0.8875,2,40,42,15,Phosphatase
3,0.9904761904761905,7,30,37,45,Phosphatase
4,0.9032258064516129,2,31,33,10,Phosphatase
5,0.8713235294117646,8,34,42,38,Phosphatase
6,0.9222222222222223,3,30,33,16,Phosphatase
7,0.9404761904761905,3,28,31,12,Phosphatase
9,0.48275862068965514,2,29,31,10,Phosphatase
10,0.7613636363636364,8,22,30,52,Phosphatase
12,0.9594594594594594,2,37,39,13,Phosphatase
13,0.5121951219512195,4,41,45,23,Phosphatase
15,0.7954545454545454,11,28,39,58,Phosphatase
16,0.695852534562212,7,31,38,41,Phosphatase
17,0.5675675675675675,7,37,44,37,Phosphatase
18,0.8275862068965516,3,29,32,27,Phosphatase
19,0.7357142857142858,4,35,39,21,Phosphatase
20,0.8035714285714286,6,28,34,61,Phosphatase
21,0.5432432432432432,10,37,47,50,Phosphatase
22,0.7464387464387465,13,27,40,67,Phosphatase
23,0.6212121212121211,2,33,35,17,Phosphatase
24,0.9431818181818181,8,44,52,29,Phosphatase
25,0.7720588235294118,8,34,42,26,Phosphatase
27,0.6354679802955665,14,29,43,64,Phosphatase
28,0.8298611111111112,9,32,41,54,Phosphatase
29,0.5428571428571428,5,42,47,20,Phosphatase
31,0.9761904761904762,10,42,52,43,Phosphatase
32,0.9833333333333334,8,30,38,48,Phosphatase
33,0.8632478632478633,3,39,42,10,Phosphatase
34,0.37777777777777777,3,30,33,10,Phosphatase
35,0.9946236559139785,6,31,37,43,Phosphatase
36,0.676923076923077,5,39,44,12,Phosphatase
37,0.9753086419753086,3,27,30,24,Phosphatase
39,0.9571428571428571,2,35,37,13,Phosphatase
40,0.6421052631578947,5,19,24,45,Phosphatase
41,0.9456521739130435,8,23,31,54,Phosphatase
43,0.5555555555555556,6,36,42,17,Phosphatase
44,0.9343434343434343,6,33,39,45,Phosphatase
45,0.9662162162162161,4,37,41,22,Phosphatase
46,0.8352941176470589,10,34,44,46,Phosphatase
47,0.9190476190476189,7,30,37,45,Phosphatase
48,0.875,4,34,38,31,Phosphatase
49,0.9498327759197325,13,23,36,55,Phosphatase
50,0.8387096774193549,5,31,36,46,Phosphatase
51,1.0,9,31,40,48,Phosphatase
52,0.6142857142857142,4,35,39,14,Phosphatase
53,0.9768518518518519,8,27,35,40,Phosphatase
54,0.7714285714285714,10,28,38,35,Phosphatase
55,0.7190476190476192,5,42,47,26,Phosphatase
56,0.92,10,30,40,52,Phosphatase
57,0.6612903225806451,2,31,33,7,Phosphatase
60,0.849624060150376,7,38,45,38,Phosphatase
61,0.8857142857142857,5,35,40,46,Phosphatase
62,0.851190476190476,7,24,31,40,Phosphatase
63,0.6767676767676767,3,33,36,8,Phosphatase
64,0.9315476190476191,14,24,38,59,Phosphatase
66,0.8598484848484849,8,33,41,55,Phosphatase
67,0.9818181818181818,5,33,38,47,Phosphatase
69,1.0,5,30,35,45,Phosphatase
70,0.8423423423423424,6,37,43,40,Phosphatase
71,0.6851851851851851,2,27,29,19,Phosphatase
72,0.9925925925925927,5,27,32,33,Phosphatase
73,0.7987012987012987,11,28,39,66,Phosphatase
74,0.931985294117647,16,34,50,55,Phosphatase
76,0.9369369369369369,6,37,43,43,Phosphatase
77,0.8999999999999999,5,48,53,22,Phosphatase
78,0.9085365853658536,4,41,45,38,Phosphatase
80,0.8242424242424242,5,33,38,32,Phosphatase
81,0.5999999999999999,6,35,41,17,Phosphatase
82,0.9155405405405405,8,37,45,44,Phosphatase
83,0.8295454545454545,8,22,30,53,Phosphatase
84,0.9375,10,24,34,59,Phosphatase
85,0.9230769230769231,5,39,44,42,Phosphatase
86,0.8666666666666666,5,30,35,26,Phosphatase
87,0.9009287925696594,17,19,36,70,Phosphatase
88,0.432258064516129,5,31,36,31,Phosphatase
89,0.9464285714285714,12,28,40,62,Phosphatase
90,0.9115384615384615,10,26,36,47,Phosphatase
91,0.9793103448275862,10,29,39,49,Phosphatase
92,0.9166666666666667,10,30,40,59,Phosphatase
94,0.898989898989899,3,33,36,10,Phosphatase
96,0.9702380952380952,7,24,31,54,Phosphatase
97,0.9482758620689655,16,29,45,64,Phosphatase
98,1.0,4,26,30,47,Phosphatase
99,0.9404761904761905,6,28,34,33,Phosphatase
100,0.6666666666666667,2,39,41,5,Phosphatase
102,0.9328063241106719,11,23,34,71,Phosphatase
103,0.9003831417624522,9,29,38,57,Phosphatase
104,0.971875,10,32,42,48,Phosphatase
105,0.9037267080745341,14,23,37,69,Phosphatase
106,0.9444444444444444,4,36,40,18,Phosphatase
108,0.7474747474747475,6,33,39,50,Phosphatase
109,0.9500000000000001,10,30,40,56,Phosphatase
110,0.9444444444444444,3,30,33,39,Phosphatase
111,0.8422619047619047,12,28,40,51,Phosphatase
112,0.9158249158249158,9,33,42,48,Phosphatase
114,0.963235294117647,8,34,42,54,Phosphatase
115,0.7638888888888888,4,36,40,5,Phosphatase
116,0.9140625,4,32,36,9,Phosphatase
117,0.8285714285714286,8,35,43,34,Phosphatase
118,0.9333333333333333,10,24,34,59,Phosphatase
119,0.9037037037037038,5,27,32,46,Phosphatase
120,0.9103448275862068,20,29,49,74,Phosphatase
121,0.7454545454545455,10,33,43,59,Phosphatase
122,0.9759615384615384,13,32,45,48,Phosphatase
124,0.9507575757575757,16,33,49,52,Phosphatase
125,0.9377777777777777,9,25,34,66,Phosphatase
128,0.7395833333333333,3,32,35,29,Phosphatase
129,0.8771626297577855,17,34,51,68,Phosphatase
130,0.8894348894348894,11,37,48,65,Phosphatase
131,0.9166666666666667,14,24,38,65,Phosphatase
132,0.7894736842105263,12,19,31,52,Phosphatase
133,0.9117647058823529,2,34,36,22,Phosphatase
134,0.937888198757764,7,23,30,51,Phosphatase
135,0.9466666666666668,5,30,35,45,Phosphatase
136,0.8888888888888888,9,42,51,40,Phosphatase
137,0.9411764705882353,8,34,42,55,Phosphatase
138,0.8348214285714286,8,28,36,28,Phosphatase
139,0.7246376811594204,3,23,26,36,Phosphatase
140,0.641025641025641,2,39,41,16,Phosphatase
141,0.9852941176470588,2,34,36,17,Phosphatase
142,0.8440860215053764,6,31,37,40,Phosphatase
144,0.9696969696969697,3,33,36,19,Phosphatase
145,0.8417508417508417,9,33,42,35,Phosphatase
146,0.8740740740740741,5,27,32,36,Phosphatase
147,0.6625,2,40,42,12,Phosphatase
149,0.967479674796748,3,41,44,11,Phosphatase
150,0.7735042735042734,9,26,35,49,Phosphatase
151,0.9829059829059829,3,39,42,21,Phosphatase
154,0.9904761904761905,3,35,38,12,Phosphatase
156,0.8456790123456791,6,27,33,27,Phosphatase
158,1.0,10,29,39,45,Phosphatase
160,0.8535714285714285,10,28,38,48,Phosphatase
161,0.7091836734693877,14,28,42,66,Phosphatase
163,0.8939393939393939,2,33,35,13,Phosphatase
164,0.9743589743589743,9,26,35,48,Phosphatase
0,0.775,8,5,13,30,Thiolase
1,0.4375,2,8,10,28,Thiolase
2,0.5,4,7,11,24,Thiolase
3,0.7714285714285715,7,5,12,40,Thiolase
5,0.46,5,10,15,33,Thiolase
7,0.7222222222222222,9,4,13,46,Thiolase
11,1.0,2,13,15,15,Thiolase
12,0.4666666666666667,10,6,16,54,Thiolase
13,0.7575757575757576,11,3,14,50,Thiolase
