Substrate Index,Enzyme Index,Label,Dock Index,positive_reactions,dataset_id,tag,logit,prob
0,70,0,1195,0,0,0,-4.5933313,0.010017722
9,92,0,1571,9,0,0,-0.88736105,0.2916547
14,37,0,632,14,0,0,-6.8025846,0.0011096675
2,94,0,1608,2,0,0,-2.7930865,0.057698913
5,140,0,2396,5,0,0,-10.671289,2.3201059e-05
13,75,0,1284,13,0,0,-3.7242088,0.023563545
6,159,0,2715,6,0,0,-3.6579566,0.025136987
12,148,0,2529,12,0,0,-5.52052,0.0039877985
7,160,0,2720,7,0,0,-4.468799,0.011331203
11,14,0,246,11,0,0,-5.573414,0.0037831278
6,135,1,2307,6,0,0,-0.78817123,0.31256148
5,121,1,2073,5,0,0,0.27676424,0.56875277
10,40,0,682,10,0,0,-2.8440452,0.05498995
9,104,0,1775,9,0,0,-4.0648093,0.016876554
13,19,0,332,13,0,0,-3.711189,0.023864975
11,113,0,1929,11,0,0,-2.922917,0.051032256
11,28,1,484,11,0,0,0.8921774,0.7093393
10,48,0,818,10,0,0,-6.159022,0.0021098594
5,133,0,2277,5,0,0,-7.021062,0.0008920803
5,142,0,2430,5,0,0,-9.887259,5.0815488e-05
3,90,0,1544,3,0,0,-0.7573569,0.3192204
7,122,0,2074,7,0,0,-2.7207243,0.06176148
13,53,0,910,13,0,0,-7.7594457,0.00042651105
0,24,0,413,0,0,0,-3.5946214,0.026736598
1,15,0,256,1,0,0,-2.1486645,0.10445609
7,38,0,646,7,0,0,-3.6529696,0.025259484
6,46,0,794,6,0,0,-3.8762994,0.020306487
9,120,0,2047,9,0,0,-2.8201618,0.056244344
12,59,0,1016,12,0,0,-4.048275,0.01715309
1,118,0,2007,1,0,0,-2.6033967,0.068920135
14,156,0,2655,14,0,0,-3.8169713,0.021520976
4,45,0,780,4,0,0,-2.5204463,0.07443719
1,4,0,69,1,0,0,-2.0619216,0.1128533
7,28,1,476,7,0,0,-0.02072835,0.4948181
6,30,0,522,6,0,0,-3.0444188,0.045459043
8,68,1,1162,8,0,0,-0.33049384,0.41812047
15,157,0,2673,15,0,0,-5.580806,0.0037553709
8,96,0,1638,8,0,0,-0.3045525,0.42444497
12,92,0,1577,12,0,0,-2.0230033,0.116808794
2,39,0,673,2,0,0,-1.8065729,0.14105283
6,57,0,981,6,0,0,-4.4980907,0.0110077085
3,82,0,1408,3,0,0,-6.3398542,0.0017614512
5,61,0,1053,5,0,0,-0.686755,0.33475533
15,90,0,1534,15,0,0,-1.6818848,0.15684606
13,142,0,2423,13,0,0,-1.8576164,0.13498113
13,50,0,859,13,0,0,-4.570942,0.010242219
12,114,0,1951,12,0,0,-4.084464,0.016553527
16,43,0,742,16,0,0,-3.0345268,0.045890216
15,86,0,1466,15,0,0,-4.4031906,0.012090267
14,39,0,666,14,0,0,-3.087676,0.043618478
4,19,0,338,4,0,0,-1.7401252,0.14929703
15,49,0,837,15,0,0,-3.8783646,0.020265443
15,107,0,1823,15,0,0,-4.1113687,0.016121183
5,40,0,696,5,0,0,-10.911287,1.8250728e-05
12,57,0,982,12,0,0,-4.9465494,0.0070577273
0,71,0,1212,0,0,0,-3.3532717,0.03378819
4,35,0,610,4,0,0,-2.833787,0.055525467
8,42,0,720,8,0,0,-3.202803,0.03906038
8,79,0,1349,8,0,0,-1.0384015,0.26145855
15,15,0,259,15,0,0,-3.9590807,0.018723393
16,52,0,895,16,0,0,-2.8816328,0.053069025
15,55,0,939,15,0,0,-4.5850368,0.010100317
1,54,0,919,1,0,0,-3.274653,0.036451053
14,49,0,836,14,0,0,-4.175926,0.015128569
9,110,0,1877,9,0,0,-2.9317212,0.050607562
12,80,0,1373,12,0,0,-8.495232,0.00020439911
12,149,0,2546,12,0,0,-4.9089775,0.0073259645
11,56,0,960,11,0,0,-7.0583653,0.0008594438
5,69,0,1189,5,0,0,-1.636802,0.16290069
12,54,0,931,12,0,0,-4.7064795,0.008955606
3,81,0,1391,3,0,0,-2.8228312,0.05610282
8,85,0,1451,8,0,0,-2.1821387,0.101365946
3,158,0,2700,3,0,0,-0.64997786,0.3429945
4,63,0,1086,4,0,0,-1.9642675,0.12300595
8,11,0,193,8,0,0,-2.4431634,0.07993994
13,116,0,1981,13,0,0,-5.393655,0.004524764
8,51,0,873,8,0,0,-0.44785565,0.38987073
7,149,0,2533,7,0,0,-3.6474204,0.025396474
1,7,0,120,1,0,0,-2.9987407,0.047482796
13,64,1,1097,13,0,0,-4.0967574,0.016354581
16,107,0,1830,16,0,0,-5.280467,0.0050642756
10,1,0,19,10,0,0,-2.699308,0.06301421
7,106,0,1802,7,0,0,-5.330518,0.0048182346
16,152,0,2595,16,0,0,-3.1359513,0.04164842
0,31,0,532,0,0,0,-3.135952,0.04164839
7,14,0,238,7,0,0,-5.0455966,0.006396441
3,104,0,1782,3,0,0,-1.9421897,0.12540749
11,77,0,1317,11,0,0,-6.2289,0.00196774
2,0,0,10,2,0,0,-5.5610347,0.0038300704
10,141,0,2399,10,0,0,-3.1298048,0.04189444
12,4,0,81,12,0,0,-4.7871685,0.008267113
14,16,0,275,14,0,0,-2.3223045,0.08929248
11,117,0,1997,11,0,0,-3.7759664,0.022401603
10,151,0,2569,10,0,0,-3.3429236,0.034127653
13,67,0,1148,13,0,0,-5.558551,0.003839559
7,18,1,306,7,0,0,-0.47743136,0.38285884
7,24,0,408,7,0,0,-4.1459,0.015582528
5,16,0,288,5,0,0,-10.342569,3.2230364e-05
8,21,0,363,8,0,0,-2.477709,0.07743571
11,70,0,1198,11,0,0,-4.9017143,0.007378974
2,36,0,622,2,0,0,-2.9221265,0.051070545
14,87,0,1482,14,0,0,-7.824668,0.00039959158
15,148,0,2520,15,0,0,-3.5639894,0.027545359
6,78,0,1338,6,0,0,-3.4751484,0.030027665
16,154,0,2629,16,0,0,-0.907474,0.287517
5,158,0,2702,5,0,0,0.6238634,0.6510967
15,145,0,2469,15,0,0,-2.2041974,0.09937419
1,93,0,1582,1,0,0,-3.0430489,0.045518525
6,146,0,2494,6,0,0,-3.3016493,0.03551465
14,62,0,1057,14,0,0,-4.190447,0.014913731
9,75,0,1282,9,0,0,-3.4063714,0.032096937
7,132,0,2244,7,0,0,-3.3763938,0.033041418
2,12,0,214,2,0,0,-3.4560673,0.030588433
4,151,0,2582,4,0,0,-3.7737164,0.02245093
10,80,0,1362,10,0,0,-11.510897,1.0020208e-05
3,140,1,2394,3,0,0,-2.2016914,0.099598706
14,81,0,1380,14,0,0,-4.261037,0.013911409
6,29,0,505,6,0,0,-6.9562187,0.0009517854
0,82,0,1399,0,0,0,-6.98069,0.00092879805
6,136,0,2324,6,0,0,-1.0034704,0.26825964
5,18,0,322,5,0,0,-11.031811,1.6178506e-05
13,56,0,961,13,0,0,-7.605438,0.00049748964
16,1,0,28,16,0,0,-2.7402387,0.060640305
9,99,0,1690,9,0,0,0.23524469,0.5585415
14,27,0,462,14,0,0,-1.0231583,0.26441264
7,121,0,2057,7,0,0,-4.246381,0.014113898
4,129,0,2208,4,0,0,-2.4955444,0.07617112
2,101,0,1727,2,0,0,-2.8040051,0.05710813
4,133,0,2276,4,0,0,-4.420515,0.011885081
0,96,0,1637,0,0,0,-2.962699,0.049139746
12,97,0,1662,12,0,0,-4.7871428,0.0082673235
0,1,1,22,0,0,0,-1.7375469,0.1496248
6,141,1,2409,6,0,0,-1.5124333,0.18057846
1,0,0,1,1,0,0,-5.3908925,0.0045372234
4,62,0,1069,4,0,0,-1.3305244,0.20907263
4,150,0,2565,4,0,0,-3.3089128,0.035266694
0,135,0,2300,0,0,0,-1.7131283,0.1527584
3,146,1,2496,3,0,0,-0.94276404,0.28034237
7,89,1,1513,7,0,0,0.4326896,0.60651577
15,93,0,1585,15,0,0,-2.791498,0.057785343
13,88,0,1505,13,0,0,-3.8771672,0.02028923
7,0,0,0,7,0,0,-6.45294,0.0015734028
3,38,0,660,3,0,0,-0.7173302,0.32798114
15,125,0,2129,15,0,0,-3.428633,0.031412497
0,29,0,498,0,0,0,-7.2417135,0.0007155713
2,158,0,2696,2,0,0,-0.6124333,0.35150433
4,122,0,2089,4,0,0,-3.0943198,0.043342166
16,90,0,1541,16,0,0,-2.4836743,0.077010624
7,137,1,2329,7,0,0,0.4096235,0.6009976
2,131,0,2237,2,0,0,-1.7039022,0.1539563
14,61,0,1040,14,0,0,-3.4543078,0.03064065
7,90,0,1530,7,0,0,-0.8714547,0.2949517
11,10,0,178,11,0,0,-1.4553909,0.18917328
3,19,0,337,3,0,0,-0.56000125,0.36354718
0,126,0,2147,0,0,0,-4.1454577,0.01558931
13,144,0,2457,13,0,0,-3.4186382,0.031718023
6,18,0,318,6,0,0,-1.2200155,0.22793372
8,82,0,1400,8,0,0,-2.370411,0.08545702
2,21,0,367,2,0,0,-6.3336806,0.00177234
10,102,0,1736,10,0,0,-6.71164,0.0012151888
11,53,0,909,11,0,0,-7.808071,0.00040627614
2,69,0,1183,2,0,0,-0.20333266,0.44934124
11,118,0,2014,11,0,0,-5.191046,0.0055353693
7,159,0,2703,7,0,0,-3.2115362,0.038733896
4,109,0,1868,4,0,0,-1.1063237,0.2485569
15,1,0,21,15,0,0,-2.974513,0.04859066
6,51,0,879,6,0,0,-5.0429344,0.0064133825
0,54,0,923,0,0,0,-3.3580542,0.03363241
0,134,0,2283,0,0,0,-2.2159717,0.098325364
5,26,0,458,5,0,0,-4.7091603,0.008931845
0,156,0,2657,0,0,0,-3.4996343,0.02932264
16,39,0,674,16,0,0,-1.2725496,0.21882111
9,29,0,500,9,0,0,-6.6766167,0.0012584482
6,148,0,2528,6,0,0,-3.817999,0.021499347
12,116,0,1985,12,0,0,-8.356733,0.000234755
9,134,0,2285,9,0,0,-0.018069923,0.49548265
16,112,0,1915,16,0,0,-1.8110967,0.14050564
8,19,0,329,8,0,0,-1.5353007,0.17721945
3,56,0,966,3,0,0,-3.7095869,0.023902327
3,118,0,2020,3,0,0,-2.136288,0.105619535
12,1,1,30,12,0,0,-0.6666642,0.3392442
15,96,0,1636,15,0,0,-2.5596344,0.071781896
4,50,1,865,4,0,0,-1.7146142,0.1525662
11,16,0,280,11,0,0,-2.7266147,0.06142103
8,151,0,2573,8,0,0,-2.739447,0.06068541
7,126,0,2142,7,0,0,-5.4088697,0.0044567455
6,23,1,403,6,0,0,-0.43769282,0.39229086
2,30,0,520,2,0,0,-1.7210896,0.15173087
4,36,0,627,4,0,0,-2.627357,0.06739839
3,58,1,1000,3,0,0,-1.0578165,0.25772694
13,150,0,2559,13,0,0,-1.2091465,0.22985211
14,99,0,1686,14,0,0,-2.719056,0.061858233
4,108,0,1851,4,0,0,-2.8633926,0.05399315
3,4,0,82,3,0,0,-1.4013009,0.19760975
9,96,0,1639,9,0,0,-3.581047,0.027092105
3,68,0,1170,3,0,0,-1.1721385,0.23646867
14,79,1,1346,14,0,0,-4.2594557,0.013933117
8,117,0,1995,8,0,0,-3.6199872,0.026084399
2,29,0,503,2,0,0,-6.0657644,0.0023156086
4,28,0,491,4,0,0,-3.867292,0.02048646
10,88,1,1498,10,0,0,-6.641706,0.0013030991
0,90,0,1535,0,0,0,-1.6055889,0.16720194
11,44,0,756,11,0,0,-5.1785097,0.005604809
14,32,0,547,14,0,0,-2.9430966,0.0500638
13,17,0,298,13,0,0,-4.6578064,0.009398089
12,56,0,965,12,0,0,-5.5083613,0.0040363846
12,66,0,1135,12,0,0,-3.7070484,0.023961622
7,107,0,1819,7,0,0,-4.363364,0.012575318
10,78,0,1328,10,0,0,-7.09159,0.0008313816
5,131,0,2243,5,0,0,-0.13167328,0.46712917
4,120,0,2055,4,0,0,-2.2265763,0.097389184
12,98,0,1679,12,0,0,-2.4580617,0.07885101
11,124,0,2116,11,0,0,-2.6555643,0.06564689
1,31,0,528,1,0,0,-2.2732117,0.09336599
3,131,0,2241,3,0,0,-1.3436604,0.20690876
10,70,0,1192,10,0,0,-10.590937,2.5142226e-05
0,23,0,396,0,0,0,-2.0123541,0.117911905
7,8,0,136,7,0,0,-0.21528961,0.44638452
12,102,0,1747,12,0,0,-4.128498,0.015851727
7,85,0,1445,7,0,0,-5.4439087,0.004303951
4,152,0,2599,4,0,0,-3.8998756,0.019842723
14,151,0,2570,14,0,0,-1.8190291,0.13955042
12,139,1,2376,12,0,0,-1.2436564,0.22380018
4,111,0,1902,4,0,0,-5.422097,0.00439844
13,58,0,995,13,0,0,-4.364641,0.012559472
8,63,1,1077,8,0,0,-0.34568223,0.41442984
1,137,1,2330,1,0,0,0.6102219,0.6479914
7,3,0,51,7,0,0,-4.8496046,0.007770618
3,108,1,1850,3,0,0,-0.91896015,0.2851698
1,41,0,698,1,0,0,-2.5893488,0.069827065
13,81,0,1386,13,0,0,-2.4119902,0.08226294
14,157,0,2672,14,0,0,-5.599483,0.003686138
8,134,0,2284,8,0,0,-2.2881157,0.092112005
1,52,0,885,1,0,0,-3.5817344,0.027073994
11,123,0,2099,11,0,0,-2.9135036,0.051490054
14,55,0,938,14,0,0,-4.839327,0.007850264
11,74,1,1266,11,0,0,-5.760909,0.003138368
16,69,0,1184,16,0,0,-3.5641847,0.027540129
6,106,0,1814,6,0,0,-5.854824,0.002857849
6,71,0,1219,6,0,0,-2.8173575,0.05639338
16,10,0,181,16,0,0,-6.3404207,0.0017604554
10,22,0,376,10,0,0,-5.6708612,0.0034330706
12,146,0,2495,12,0,0,-3.959022,0.01872447
6,3,0,63,6,0,0,-4.855491,0.0077253627
12,10,0,183,12,0,0,-5.496003,0.0040863715
0,26,0,447,0,0,0,-4.321374,0.013107534
4,71,0,1222,4,0,0,-0.961212,0.2766356
8,38,0,652,8,0,0,-1.219842,0.22796427
2,111,0,1897,2,0,0,-3.3332622,0.034447562
9,146,0,2489,9,0,0,-3.8151326,0.021559728
5,144,0,2464,5,0,0,0.035582274,0.5088946
10,2,0,36,10,0,0,-6.4853992,0.0015232278
13,62,0,1063,13,0,0,-4.1354275,0.015743988
0,106,0,1807,0,0,0,-4.744731,0.008622409
10,149,0,2535,10,0,0,-9.2424755,9.68282e-05
3,10,0,184,3,0,0,-4.238074,0.014229955
14,127,1,2162,14,0,0,-2.5842862,0.070156604
8,98,0,1672,8,0,0,-2.4653242,0.07832512
4,144,0,2463,4,0,0,-3.4524124,0.030697
16,77,0,1320,16,0,0,-3.4479194,0.030830968
8,105,1,1791,8,0,0,-2.611417,0.068407245
15,123,0,2095,15,0,0,-3.1350641,0.041683845
1,94,0,1599,1,0,0,-2.5988283,0.06921387
8,101,0,1723,8,0,0,-0.699073,0.33201778
5,106,0,1818,5,0,0,-3.2822998,0.036183428
9,58,0,993,9,0,0,-3.6123252,0.026279755
13,73,1,1250,13,0,0,-4.3397393,0.012872076
1,154,0,2619,1,0,0,-3.1630416,0.040580466
8,146,0,2488,8,0,0,-1.6736534,0.1579377
11,107,0,1827,11,0,0,-5.2189293,0.0053839777
2,35,0,605,2,0,0,-1.5548761,0.17438312
10,51,0,869,10,0,0,-9.639928,6.507352e-05
6,6,0,114,6,0,0,-3.6232703,0.026001127
6,42,0,726,6,0,0,-2.2662513,0.09395685
3,126,1,2156,3,0,0,-1.2071147,0.23021197
6,133,0,2273,6,0,0,-3.1647992,0.040512092
10,43,0,733,10,0,0,-2.4766693,0.07751002
8,44,0,754,8,0,0,-0.9793957,0.2730117
16,157,0,2680,16,0,0,-1.8112583,0.14048612
10,26,0,444,10,0,0,-4.279823,0.013656045
8,111,0,1893,8,0,0,-3.6249948,0.02595749
16,76,0,1303,16,0,0,-2.4203763,0.08163204
8,22,0,380,8,0,0,-2.6782966,0.064266235
5,147,1,2515,5,0,0,0.354088,0.5876086
7,91,0,1547,7,0,0,-0.52063084,0.37270474
14,135,0,2298,14,0,0,-1.807811,0.14090289
7,146,0,2482,7,0,0,-4.102764,0.01625823
2,41,0,707,2,0,0,-3.323557,0.03477183
11,27,1,467,11,0,0,0.72828025,0.67442775
3,53,0,915,3,0,0,-4.509127,0.010888207
7,53,0,901,7,0,0,-6.796626,0.0011162917
5,64,0,1104,5,0,0,-6.5067997,0.0014910245
15,122,0,2078,15,0,0,-2.5415568,0.07299576
16,13,0,232,16,0,0,-2.2661731,0.093963504
9,56,0,959,9,0,0,-6.9519157,0.0009558858
3,37,0,643,3,0,0,-6.831294,0.0010782963
15,57,0,973,15,0,0,-3.2374148,0.03778176
11,52,0,892,11,0,0,-6.092,0.0022557825
14,1,0,20,14,0,0,-1.4997282,0.18246606
3,2,0,48,3,0,0,-1.0623746,0.25685593
7,29,0,493,7,0,0,-6.3218546,0.0017933864
4,75,0,1290,4,0,0,-1.306181,0.21312661
12,99,0,1696,12,0,0,-2.496824,0.07608113
8,131,0,2233,8,0,0,-2.0144718,0.11769183
3,124,1,2122,3,0,0,-0.832582,0.3030994
10,155,0,2637,10,0,0,-2.176439,0.10188631
7,150,1,2550,7,0,0,-1.4910865,0.1837587
1,104,0,1769,1,0,0,-3.2059422,0.03894272
14,50,0,853,14,0,0,-2.9825525,0.048220344
7,27,1,459,7,0,0,0.006653458,0.5016634
3,109,0,1867,3,0,0,-0.8226847,0.30519408
8,50,0,856,8,0,0,-1.962421,0.12320528
4,61,0,1052,4,0,0,-1.7082951,0.15338498
12,124,0,2121,12,0,0,-4.4122696,0.011982305
14,141,0,2400,14,0,0,-1.8391719,0.13714926
2,17,0,299,2,0,0,-2.411088,0.08233108
15,22,0,378,15,0,0,-2.4764495,0.077525735
2,45,0,775,2,0,0,-1.6031158,0.16754659
4,97,0,1664,4,0,0,-0.9917806,0.27056053
14,71,0,1210,14,0,0,-3.3362732,0.034347553
7,9,0,153,7,0,0,-3.624434,0.025971672
12,138,1,2359,12,0,0,-1.7742453,0.14501518
10,67,1,1141,10,0,0,-7.7273436,0.00044041898
4,3,0,66,4,0,0,-2.0149376,0.11764347
3,1,0,31,3,0,0,-1.6426237,0.16210838
14,153,0,2604,14,0,0,-1.4421649,0.19121033
3,157,0,2683,3,0,0,-4.162564,0.01532896
16,61,0,1048,16,0,0,-0.905728,0.28787482
15,118,0,2010,15,0,0,-4.398017,0.012152218
5,1,0,33,5,0,0,-12.995672,2.2701277e-06
1,132,0,2245,1,0,0,-1.7616575,0.14658287
14,133,0,2264,14,0,0,-2.1137955,0.107763186
3,77,0,1323,3,0,0,-6.297181,0.0018381035
7,86,0,1462,7,0,0,-3.4878342,0.029660374
10,64,1,1090,10,0,0,-7.6919613,0.00045627373
11,75,0,1283,11,0,0,-2.5887954,0.06986302
11,135,1,2303,11,0,0,0.13001573,0.53245825
6,76,0,1304,6,0,0,-5.0055227,0.0066562355
12,159,0,2716,12,0,0,-4.7068143,0.008952636
15,9,0,157,15,0,0,-5.0741854,0.0062172846
9,136,0,2319,9,0,0,0.9227826,0.7156087
14,28,0,479,14,0,0,-1.3717597,0.2023357
15,126,0,2146,15,0,0,-2.9067528,0.051820755
10,38,0,648,10,0,0,-6.348792,0.0017458051
8,145,0,2471,8,0,0,-1.1614095,0.23841126
11,54,0,926,11,0,0,-4.5255327,0.010712935
10,130,0,2212,10,0,0,-7.554565,0.0005234398
13,133,0,2270,13,0,0,-2.7173069,0.06195981
9,145,0,2472,9,0,0,-2.7271736,0.06138882
6,132,0,2256,6,0,0,-2.7725048,0.058828175
6,155,0,2647,6,0,0,-2.2562723,0.0948098
16,38,0,657,16,0,0,-1.0966139,0.25037488
7,78,0,1326,7,0,0,-4.6520357,0.009451965
4,102,0,1749,4,0,0,-2.8245287,0.056012996
2,117,0,1999,2,0,0,-2.7841594,0.058186196
2,152,1,2594,2,0,0,1.0736406,0.7452886
3,13,0,235,3,0,0,-0.636377,0.346066
3,67,0,1153,3,0,0,-1.727582,0.15089713
12,21,0,370,12,0,0,-4.674885,0.009240418
6,107,0,1831,6,0,0,-6.505047,0.0014936364
9,71,0,1214,9,0,0,-3.4883187,0.029646434
14,144,0,2451,14,0,0,-1.571805,0.17195922
16,98,0,1677,16,0,0,-3.3117716,0.035169553
1,8,0,137,1,0,0,-0.20905004,0.447927
6,118,0,2018,6,0,0,-4.1567316,0.01541724
11,95,0,1623,11,0,0,-2.4524019,0.07926308
3,12,0,218,3,0,0,-0.52275884,0.37220734
3,150,0,2564,3,0,0,-0.8751377,0.29418638
12,89,1,1526,12,0,0,-0.90193444,0.28865314
5,156,0,2668,5,0,0,-14.796978,3.7476062e-07
16,5,0,96,16,0,0,-2.4128704,0.08219651
2,104,0,1778,2,0,0,-3.4018786,0.032236807
0,117,0,1994,0,0,0,-5.044178,0.006405463
2,113,0,1931,2,0,0,-2.3597417,0.08629456
14,112,0,1907,14,0,0,-4.198115,0.014801497
16,68,1,1167,16,0,0,-0.698471,0.33215132
10,16,0,274,10,0,0,-5.736279,0.0032163742
9,6,0,109,9,0,0,-3.7454503,0.02307973
9,54,0,925,9,0,0,-5.1919518,0.005530387
16,155,0,2646,16,0,0,-4.0695624,0.016797874
6,109,0,1865,6,0,0,-3.4680917,0.030233882
8,66,1,1128,8,0,0,-0.42658037,0.3949432
1,20,0,341,1,0,0,-0.8511535,0.29919094
2,107,0,1829,2,0,0,-3.4005861,0.032277152
7,153,1,2601,7,0,0,0.27840877,0.56915605
3,159,0,2717,3,0,0,-1.7500751,0.14803773
16,80,0,1371,16,0,0,-5.2268085,0.0053419485
7,123,0,2091,7,0,0,-3.4063888,0.032096397
6,14,0,250,6,0,0,-5.793754,0.0030372706
6,26,0,454,6,0,0,-3.424672,0.03153324
11,116,0,1980,11,0,0,-6.0391865,0.0023778295
16,131,1,2238,16,0,0,-1.6310306,0.16368924
5,47,0,815,5,0,0,-2.867722,0.05377244
7,119,0,2023,7,0,0,-4.567938,0.010272717
5,89,1,1529,5,0,0,-11.94862,6.468112e-06
6,126,0,2154,6,0,0,-4.1984158,0.014797109
1,117,0,1990,1,0,0,-2.3959665,0.08348078
1,82,0,1395,1,0,0,-6.5911508,0.0013705787
11,13,0,229,11,0,0,-3.9024384,0.019792942
10,15,0,257,10,0,0,-6.317011,0.0018020784
7,76,0,1292,7,0,0,-5.579521,0.00376018
8,53,0,907,8,0,0,-1.8741174,0.13306603
0,32,0,549,0,0,0,-3.3062148,0.0353586
0,51,0,872,0,0,0,-4.9625864,0.0069462257
12,155,0,2648,12,0,0,-3.1800086,0.039925
9,142,0,2421,9,0,0,0.33317226,0.58253103
10,66,0,1124,10,0,0,-7.192012,0.0007520076
5,94,0,1614,5,0,0,-7.7122464,0.00044711548
15,25,0,429,15,0,0,-3.7985692,0.021911915
6,90,0,1542,6,0,0,-2.3679335,0.08565084
15,46,0,786,15,0,0,-2.6594906,0.065406464
10,57,0,971,10,0,0,-8.719671,0.00016331421
11,89,1,1521,11,0,0,0.84668344,0.69987094
6,69,0,1185,6,0,0,-2.9363918,0.050383627
0,108,1,1841,0,0,0,-2.0420442,0.11485875
13,16,0,281,13,0,0,-4.3447113,0.012809053
11,155,0,2643,11,0,0,0.67648786,0.6629544
15,150,0,2554,15,0,0,-4.1377883,0.015707446
13,97,0,1658,13,0,0,-6.072137,0.0023009332
15,159,0,2707,15,0,0,-2.9076235,0.05177799
12,95,1,1628,12,0,0,-4.3816566,0.012350191
5,42,0,730,5,0,0,-7.7761955,0.00041942953
11,36,0,620,11,0,0,-4.140004,0.015673224
5,0,0,16,5,0,0,-1.3738792,0.20199382
8,72,0,1230,8,0,0,-2.056157,0.113431714
3,91,0,1561,3,0,0,-1.916719,0.12822789
3,100,0,1714,3,0,0,-2.058711,0.11317513
1,126,0,2143,1,0,0,-2.0762055,0.11143112
7,72,0,1224,7,0,0,-6.1267385,0.0021789332
8,6,0,108,8,0,0,-1.8497319,0.13590437
2,91,1,1557,2,0,0,0.6481134,0.6565852
11,34,0,586,11,0,0,-4.0189657,0.017654268
5,49,0,849,5,0,0,-1.5025766,0.18204156
2,82,0,1404,2,0,0,-7.5520754,0.00052474387
14,30,0,513,14,0,0,-1.6712337,0.15825976
1,139,1,2364,1,0,0,0.89073867,0.7090426
7,54,0,918,7,0,0,-5.1829553,0.0055800867
4,118,0,2021,4,0,0,-6.9389496,0.0009683486
5,68,0,1172,5,0,0,-5.670106,0.0034356557
2,24,0,418,2,0,0,-3.4403908,0.03105672
3,101,0,1731,3,0,0,-1.3879261,0.19973905
0,64,0,1093,0,0,0,-2.9908767,0.047839742
7,59,0,1003,7,0,0,-5.3255177,0.0048422697
1,79,0,1344,1,0,0,-4.2676635,0.013820799
12,31,0,540,12,0,0,-4.759179,0.008499778
2,130,1,2220,2,0,0,-3.0917315,0.04344961
1,102,0,1735,1,0,0,-2.0247917,0.11662442
13,48,0,825,13,0,0,-4.535698,0.010605736
7,101,0,1717,7,0,0,-4.1944885,0.01485447
10,39,0,665,10,0,0,-6.193626,0.0020382449
10,6,0,104,10,0,0,-7.7110467,0.00044765198
9,13,0,228,9,0,0,-4.608799,0.0098654805
7,96,0,1632,7,0,0,-5.0904307,0.0061177113
14,150,0,2553,14,0,0,-2.732081,0.061106663
4,128,0,2191,4,0,0,-1.3201747,0.21078923
5,116,0,1988,5,0,0,-2.5580087,0.071890295
3,69,0,1187,3,0,0,-1.3294673,0.2092475
6,149,0,2545,6,0,0,-3.2734542,0.03649318
5,120,1,2056,5,0,0,1.6109164,0.8335386
13,63,0,1080,13,0,0,-3.4680433,0.0302353
1,14,0,239,1,0,0,-3.3648536,0.033412118
4,59,0,1018,4,0,0,-1.1409049,0.24215426
5,88,1,1512,5,0,0,0.9789831,0.7269064
4,23,0,406,4,0,0,-3.4980748,0.02936706
3,63,1,1085,3,0,0,-0.6650506,0.339606
15,33,0,565,15,0,0,-2.8064835,0.056974825
10,27,0,461,10,0,0,-5.102434,0.006045158
1,110,0,1871,1,0,0,-1.9711809,0.1222621
1,128,1,2177,1,0,0,-0.18534762,0.45379528
1,57,0,970,1,0,0,-3.0262604,0.046253517
15,95,0,1619,15,0,0,-2.5771966,0.07062051
1,47,0,800,1,0,0,-3.447821,0.030833911
4,18,0,321,4,0,0,-4.199717,0.014778151
