Substrate_Index,Substrate_SMILES,status,reason,num_atoms
0,COc1ccccc1O,ok,OK,9
1,COc1cccc(OC)c1O,ok,OK,11
2,CN[C@H](C(=O)N[C@H](CO)Cc1c[nH]c2ccccc12)C(C)C,ok,OK,22
3,CC(C)[C@H](O)C(=O)N[C@H](CO)Cc1c[nH]c2ccccc12,ok,OK,21
4,CC(C)[C@H](S)C(=O)N[C@H](CO)Cc1c[nH]c2cccc(F)c12,ok,OK,22
5,Cc1ccccc1,ok,OK,7
6,OCc1ccccc1,ok,OK,8
7,Cc1ccc(Cl)cc1,ok,OK,8
8,Cc1ccccc1Cl,ok,OK,8
9,Cc1ccc(Br)cc1,ok,OK,8
10,Cc1cccc(Cl)c1,ok,OK,8
11,CO[C@H]1C[C@H](C[C@H](C)[C@@H]2CC(=O)[C@H](C)/C=C(\C)[C@@H](O)[C@H](OC)C(=O)[C@H](C)C[C@H](C)/C=C\C=C/C=C(/C)[C@H](OC)C[C@H]3CC[C@H](C)[C@](O)(O3)C(=O)C(=O)N3CCCC[C@@H]3C(=O)O2)CC[C@H]1OCCO,ok,OK,68
12,CCCCCCCCCCCCCC(=O)O,ok,OK,16
13,CC[C@@H]1C[C@@H]2C[C@@H]3[C@H]4C/C=C\C(=O)NCC[C@H](O)[C@@H]5NC(=O)/C(=C(O)/C=C/[C@@H]4CC(=O)[C@H]3[C@@H]2[C@H]1C)C5=O,ok,OK,37
14,CC[C@@H]1C[C@@H]2C[C@@H]3[C@H]4C/C=C\C(=O)NCCC[C@@H]5NC(=O)/C(=C(O)/C=C/[C@@H]4C[C@H](O)[C@H]3[C@@H]2[C@H]1C)C5=O,ok,OK,36
15,CC[C@H]1[C@@H]2C=C[C@@H]3[C@H]4C/C=C\C(=O)NCCC[C@@H]5NC(=O)/C(=C(O)/C=C/[C@@H]4C[C@@H]3[C@H]2C[C@H]1C)C5=O,ok,OK,35
16,CC[C@H]1[C@H]2[C@H](C[C@H]1C)[C@H]1C[C@H]3/C=C/C(O)=C4/C(=O)N[C@@H](CCCNC(=O)/C=C\C[C@@H]3[C@H]1[C@@H]1O[C@@H]12)C4=O,ok,OK,36
17,O=C1N[C@@H](Cc2ccc(O)cc2)C(=O)N[C@H]1Cc1ccc(O)cc1,ok,OK,24
18,CO[C@H]1/C=C/O[C@@]2(C)Oc3c(C)c(O)c4c(O)c(cc(OC(=O)CO)c4c3C2=O)NC(=O)/C(C)=C/C=C/[C@H](C)[C@H](O)[C@@H](C)[C@@H](O)[C@@H](C)[C@H](OC(C)=O)[C@@H]1C,ok,OK,54
19,C=C1C[C@@]23CC[C@H]4[C@@](C)(CCC[C@@]4(C)C(=O)O)[C@@H]2CC[C@@H]1C3,ok,OK,22
20,COc1ccc(Cc2nccc3cc(OC)c(OC)cc23)cc1OC,ok,OK,25
21,CN[C@@H](Cc1ccccc1)C(=O)N[C@H](CO)Cc1c[nH]c2ccccc12,ok,OK,26
22,CN[C@H](C(=O)N[C@H](CO)Cc1csc2ccccc12)C(C)C,ok,OK,22
23,CCCCCCCCCCCCCCCCCCCC(=O)O,ok,OK,22
24,C[C@]12CC[C@H]3[C@@H](CCC4=CC(=O)CC[C@@]43C)[C@@H]1CC[C@@H]2O,ok,OK,21
25,CCCCCCCCCCCCCCCC(=O)O,ok,OK,18
26,C/C=C(\C)[C@H]1CC=C/C=C(\C)CC[C@@H](O)[C@@](C)(O)C(=S)/C=C2\N[C@@](C)(C3=N[C@@H](CS3)C(=O)O1)[C@@H](O)S2,ok,OK,36
27,COC(=O)[C@@H]1[C@H](O)[C@H](C)[C@H](O)[C@H](C)/C=C\C=C(/C)C(=O)Nc2c(C)c(OC(C)=O)c3c(c(OC)c(C)c(O)c3c2O)C(=O)/C(C)=C/[C@@](C)(O)C(O)[C@@H](C)[C@H]1O,ok,OK,55
28,CS[C@H](Cc1c[nH]c2ccccc12)C(=O)O,ok,OK,16
29,CC[C@@H]([C@H](C)O)n1ncn(-c2ccc(N3CCN(c4ccc(OC[C@@H]5CO[C@@](Cn6cncn6)(c6ccc(F)cc6F)C5)cc4)CC3)cc2)c1=O,ok,OK,51
30,OC(Cn1cncn1)(Cn1cncn1)c1ccc(F)cc1F,ok,OK,22
31,C[C@@H](c1ncncc1F)[C@](O)(Cn1cncn1)c1ccc(F)cc1F,ok,OK,25
32,CC(=O)N1CCN(c2ccc(OC[C@H]3CO[C@](Cn4ccnc4)(c4ccc(Cl)cc4Cl)O3)cc2)CC1,ok,OK,36
33,CC[C@@H](C)n1ncn(-c2ccc(N3CCN(c4ccc(OC[C@H]5CO[C@](Cn6cncn6)(c6ccc(Cl)cc6Cl)O5)cc4)CC3)cc2)c1=O,ok,OK,49
34,O=C(O[C@H](Cn1ccnc1)c1ccc(F)cc1)c1cccc(C(F)(F)F)c1,ok,OK,27
35,O=C(O[C@H](Cn1ccnc1)c1ccc(Cl)cc1Cl)c1cccc(C(F)(F)F)c1,ok,OK,28
36,O=C(O[C@H](Cn1ccnc1)c1ccc(F)cc1)c1cc(Cl)cc(Cl)c1,ok,OK,25
37,O=C(N[C@@H](Cn1ccnc1)c1c(F)cc(-c2ccc(F)cc2)cc1F)c1ccc(-c2nnc(-c3ccccc3)o2)cc1,ok,OK,42
38,O=C(O)CCCCCCCCCCCO,ok,OK,15
39,CCCCCCCCCCCC(=O)O,ok,OK,14
40,CC(C)C[C@@H]1NC(=O)[C@H](CC(C)C)NC1=O,ok,OK,16
41,COc1ccc2[nH]c3c(c2c1)CCNC3,ok,OK,15
42,NCc1c[nH]c2ccccc12,ok,OK,11
43,c1ccc2c3c([nH]c2c1)CNCC3,ok,OK,13
44,OB(O)c1cccnc1,ok,OK,9
45,NCc1ccc2[nH]ccc2c1,ok,OK,11
46,COc1cc(C=O)ccc1O,ok,OK,11
47,CCOc1ccccc1O,ok,OK,10
48,CCCCCCCC(=O)O,ok,OK,10
49,CCCCCCCC/C=C/CCCCCCCC(=O)O,ok,OK,20
50,O=C1N[C@@H](Cc2c[nH]c3ccccc23)C(=O)N2CCC[C@@H]12,ok,OK,21
51,O=C1N[C@@H](Cc2c[nH]c3cccc(F)c23)C(=O)N2CCC[C@@H]12,ok,OK,22
52,O=C1N[C@@H](Cc2c[nH]c3ccc(F)cc23)C(=O)N2CCC[C@@H]12,ok,OK,22
53,O=C1N[C@@H](Cc2c[nH]c3c(F)cccc23)C(=O)N2CCC[C@@H]12,ok,OK,22
54,O=C1N[C@@H](Cc2c[nH]c3ccccc23)C(=O)N[C@H]1Cc1c[nH]c2ccccc12,ok,OK,28
55,CC(C)[C@@H]1NC(=O)[C@H](Cc2c[nH]c3ccccc23)NC1=O,ok,OK,21
56,CC[C@@H]1NC(=O)[C@H](Cc2c[nH]c3ccccc23)NC1=O,ok,OK,20
57,c1ccc(-c2c[nH]cn2)cc1,ok,OK,11
58,CC[C@@H]1C[C@@H]2C[C@@H]3C/C=C/CC(=O)NCCC[C@@H]4NC(=O)/C(=C(O)/C=C/C=C/[C@H](O)[C@H]3[C@@H]2[C@H]1C)C4=O,ok,OK,36
59,COc1cc(C)cc(OC)c1O,ok,OK,12
60,CC(C)CCC[C@@H](C)[C@H]1CC[C@H]2[C@@H]3CCC4=CC(=O)CC[C@]4(C)[C@H]3CC[C@]12C,ok,OK,28
61,CC(C)CCC[C@@H](C)[C@H]1CC[C@H]2[C@@H]3CC=C4C[C@@H](OS(=O)(=O)O)CC[C@]4(C)[C@H]3CC[C@]12C,ok,OK,32
62,Clc1ccc(CO[C@@H](Cn2ccnc2)c2ccc(Cl)cc2Cl)cc1,ok,OK,24
63,CC(C)(C)[C@@](O)(CCc1ccc(Cl)cc1)Cn1cncn1,ok,OK,21
64,CC(C)(C)[C@](O)(CCc1ccc(Cl)cc1)Cn1cncn1,ok,OK,21
65,O[C@@](Cc1ccccc1Cl)(Cn1cncn1)C1(Cl)CC1,ok,OK,20
66,O[C@](Cc1ccccc1Cl)(Cn1cncn1)C1(Cl)CC1,ok,OK,20
67,O=c1c2cc(F)ccc2nc(-n2cncn2)n1-c1ccc(Cl)cc1Cl,ok,OK,25
68,CCCN(CCOc1c(Cl)cc(Cl)cc1Cl)C(=O)n1ccnc1,ok,OK,23
69,C[C@H]1CO[C@@](Cn2cncn2)(c2ccc(Oc3ccc(Cl)cc3)cc2Cl)O1,ok,OK,27
70,C[C@H]1CO[C@](Cn2cncn2)(c2ccc(Oc3ccc(Cl)cc3)cc2Cl)O1,ok,OK,27
71,C[C@@H]1CO[C@](Cn2cncn2)(c2ccc(Oc3ccc(Cl)cc3)cc2Cl)O1,ok,OK,27
72,C[C@@H]1CO[C@@](Cn2cncn2)(c2ccc(Oc3ccc(Cl)cc3)cc2Cl)O1,ok,OK,27
73,O[C@@](Cn1cnnn1)(c1ccc(F)cc1F)C(F)(F)c1ccc(-c2ccc(OCC(F)(F)F)cc2)cn1,ok,OK,37
74,C[C@]12CC[C@H](O)CC1=CC[C@@H]1[C@@H]2CC[C@]2(C)C(c3cccnc3)=CC[C@@H]12,ok,OK,26
75,CC(=O)[C@H]1CC[C@H]2[C@@H]3CCC4=CC(=O)CC[C@]4(C)[C@H]3CC[C@]12C,ok,OK,23
76,CC(=O)OC/C=C(\C)CC/C=C(\C)CCC=C(C)C,ok,OK,19
77,CC(C)=CCC/C(C)=C/CC/C(C)=C/CO,ok,OK,16
78,CC(C)CCC[C@@H](C)[C@H]1CC[C@H]2[C@@H]3C(=O)C=C4C[C@@H](O)CC[C@]4(C)[C@H]3CC[C@]12C,ok,OK,29
79,CC(=O)/C=C/C=C(\C)CCC=C(C)C,ok,OK,14
80,CCCCCCCC/C=C\CCCCCCCC(=O)O,ok,OK,20
81,N[C@@H](Cc1c[nH]c2ccccc12)C(=O)O,ok,OK,15
82,CC1=CC[C@H]2O[C@]1(C)O[C@H]([C@H](C)/C=C(C)/C=C/C(O)=C1/C(=O)C=NC1=O)[C@H]2C,ok,OK,28
83,CCCCCC(=O)O,ok,OK,8
84,CC[C@H](C)C[C@@H](C)CCC(=O)O,ok,OK,12
85,C[C@]12C[C@H](O)[C@H]3[C@@H](CCC4=CC(=O)CC[C@@]43C)[C@@H]1CC[C@@H]2C(=O)CO,ok,OK,25
86,CC/C=C\C/C=C\C/C=C\C/C=C\C/C=C\CCCC(=O)O,ok,OK,22
87,O=C(N[C@@H](Cn1ccnc1)c1ccc(Cl)cc1Cl)c1ccc(-c2nnc(-c3ccccc3)o2)cc1,ok,OK,35
88,N#Cc1ccc(COc2ccc(C=Cc3ccc(C(F)(F)[C@](O)(Cn4cnnn4)c4ccc(F)cc4F)nc3)cc2)cc1,ok,OK,43
89,O=C(N[C@@H](Cn1ccnc1)c1ccc(Cl)cc1Cl)c1ccc(-c2nnc(-c3ccc(OCC(F)(F)F)cc3F)o2)cc1,ok,OK,42
90,CCCCCC/C=C/[C@@H]1[C@@H](CC=CCCCC(=O)O)[C@@H]2C[C@H]1N=N2,ok,OK,24
91,Clc1ccc([C@H](Cn2ccnc2)OCc2ccsc2Cl)c(Cl)c1,ok,OK,23
92,CC(C)(COP(=O)(O)O)[C@@H](O)C(=O)NCCC(=O)NCCSC(=O)c1c[nH]cn1,ok,OK,29
93,COC[C@H]1O[C@@H](O)[C@H](O)[C@@H](O)[C@H]1O,ok,OK,13
94,CCCC[C@H]1CC[C@]2(CC[C@H](C)[C@@H](C/C=C(C)/C=C/[C@H](O)[C@@H](C)/C=C/C(=O)O)O2)O[C@H]1/C=C/C(C)=C/C(=O)O,ok,OK,39
95,Clc1ccc(-c2cnc[nH]2)cc1,ok,OK,12
96,Clc1ccccc1C(c1ccccc1)(c1ccccc1)n1ccnc1,ok,OK,25
97,C[C@@H](c1nc(-c2ccc(C#N)cc2)cs1)[C@](O)(Cn1cncn1)c1cc(F)ccc1F,ok,OK,31
98,CCCCCC/C=C\CCCCCCCC(=O)O,ok,OK,18
99,CC(C)CCC[C@@H](C)[C@H]1CC[C@H]2[C@@H]3CC=C4C[C@@H](O)CC[C@]4(C)[C@H]3CC[C@]12C,ok,OK,28
100,CC(C)(C)[C@H](O)/C(=C\c1ccc(Cl)cc1)n1cncn1,ok,OK,20
101,C[C@@](O)(c1ccccc1)[C@H](Cc1ccc(Cl)cc1)n1cncn1,ok,OK,23
102,CC[C@H]1OC(=O)[C@H](C)C(=O)[C@@H](C)[C@@H](O[C@H]2O[C@@H](C)C[C@@H](N(C)C)[C@H]2O)[C@@H](C)C[C@@H](C)C(=O)/C=C/[C@H]1C,ok,OK,36
103,CC[C@H]1OC(=O)[C@H](C)[C@@H](O[C@H]2O[C@@H](C)C[C@@H](N(C)C)[C@@H]2O)[C@@H](C)C[C@H](C)C(=O)/C=C/[C@H]1C,ok,OK,32
104,C[C@@H]1C[C@H](N(C)C)[C@@H](O)[C@H](OC2CCCCCCCCCCCC2)O1,ok,OK,25
105,C[C@@H]1C[C@H](N(C)C)[C@@H](O)[C@H](OC2CCCCCCCCCCC2)O1,ok,OK,24
106,CC[C@H]1OC(=O)[C@H](C)[C@@H](OC(=O)CN(C)C)[C@@H](C)C[C@@H](C)C(=O)/C=C/[C@H]1C,ok,OK,27
107,CC[C@H]1OC(=O)[C@H](C)[C@@H](OC(=O)CCN(C)C)[C@@H](C)C[C@@H](C)C(=O)/C=C/[C@H]1C,ok,OK,28
108,CN(C)CCCCCOC1CCCCCCCCCCC1,ok,OK,21
109,CC[C@H]1OC(=O)[C@H](C)[C@@H](OC(=O)c2ccccc2CN(C)C)[C@@H](C)C[C@@H](C)C(=O)/C=C/[C@H]1C,ok,OK,33
110,CC[C@H]1OC(=O)[C@H](C)[C@@H](O)[C@@H](C)C[C@@H](C)C(=O)/C=C/[C@H]1C,ok,OK,21
111,c1ccc(-c2ccc([C@H](c3ccccc3)n3ccnc3)cc2)cc1,ok,OK,24
112,c1ccc(-c2ccc(Cn3ccnc3)cc2)cc1,ok,OK,18
113,Clc1ccccc1CN1CCc2sccc2C1,ok,OK,17
114,CC(C)(C)c1ccc(CC=O)cc1,ok,OK,13
115,CCOC(=O)C1=C(COCCN)NC(C)=C(C(=O)OC)C1c1ccccc1Cl,ok,OK,28
116,O=CCc1cc2ccccc2c2ccccc12,ok,OK,17
117,COC(=O)[C@H](c1ccccc1Cl)N1CCc2sccc2C1,ok,OK,21
118,Fc1ccc([C@@H]2CCNC[C@H]2COc2ccc3c(c2)OCO3)cc1,ok,OK,24
119,Cc1ccc(S(=O)(=O)N(C)c2ccnn2-c2ccccc2)cc1,ok,OK,23
120,O=C(O)Cc1ccccc1Nc1c(Cl)cccc1Cl,ok,OK,19
121,c1ccccc1,ok,OK,6
122,[C-]#[N+]CCCC,ok,OK,6
123,Clc1cc(Cl)cc(Cl)c1,ok,OK,9
124,CC1=CC[C@@H]2C[C@H]1C2(C)C,ok,OK,10
125,CN1CCC[C@H]1c1cccnc1,ok,OK,12
126,CCCCCC[C@](O)(Cn1ccnc1)c1ccc(Cl)cc1Cl,ok,OK,22
127,c1ccc(-n2ccnc2)cc1,ok,OK,11
128,c1ccc(-c2ncc[nH]2)cc1,ok,OK,11
129,c1ccc(-c2cnc[nH]2)cc1,ok,OK,11
130,CC(C)(C(=O)c1cccnc1)c1cccnc1,ok,OK,17
131,Clc1cc(Cl)c(Cl)c(Cl)c1Cl,ok,OK,11
132,Cn1cc[nH+]c1,ok,OK,6
133,C1C2CC3CC1CC(C2)C3,ok,OK,10
134,CC1(C)[C@@H]2CC[C@@]1(C)C(=O)C2,ok,OK,11
135,O=C1C2CC3CC(C2)CC1C3,ok,OK,11
136,CC12CCC(CC1)C2(C)C,ok,OK,10
137,CC1(C)[C@H]2CC(=O)[C@]1(C)C[C@H]2O,ok,OK,12
138,O=C1C[C@H]2CC[C@@H]1C2,ok,OK,8
139,CC1(C)[C@@H]2CC[C@@]1(C)C(=S)C2,ok,OK,11
140,O=c1cc(-c2ccccc2)oc2c1ccc1ccccc12,ok,OK,21
141,CC(C)=CCC/C(C)=C/COc1c2ccoc2cc2oc(=O)ccc12,ok,OK,25
142,C#Cc1cccc(Nc2ncnc3cc(OCCOC)c(OCCOC)cc23)c1,ok,OK,29
143,COc1ccc2[nH]c(C(=O)N3C[C@@H](CCl)c4c3ccc3[nH]ccc43)cc2c1,ok,OK,27
144,CC(C)CC[C@@H](O)[C@@H](C)[C@H]1CC[C@H]2[C@@H]3CC=C4C[C@@H](O)CC[C@]4(C)[C@H]3CC[C@]12C,ok,OK,29
145,CC(C)CC[C@@H](O)[C@](C)(O)[C@H]1CC[C@H]2[C@@H]3CC=C4C[C@@H](O)CC[C@]4(C)[C@H]3CC[C@]12C,ok,OK,30
146,CC(C)CCC[C@](C)(O)[C@H]1CC[C@H]2[C@@H]3CC=C4C[C@@H](O)CC[C@]4(C)[C@H]3CC[C@@]21C,ok,OK,29
147,Cc1cn[nH]c1,ok,OK,6
148,c1ccc2[nH]ncc2c1,ok,OK,9
149,O=C(O)CCCCCCCCCn1ccnc1,ok,OK,17
150,O=C(O)CCCCCCCn1ccnc1,ok,OK,15
151,CC[C@@H]1C(=O)OC[C@@H]1Cc1cncn1C,ok,OK,15
152,COc1cccc(CO)c1O,ok,OK,11
153,CC(C)=CCC[C@@H](C)[C@H]1CC[C@@]2(C)C3=C(CC[C@]12C)[C@@]1(C)CC[C@H](O)C(C)(C)[C@@H]1CC3,ok,OK,31
154,O[C@@](Cn1cnnn1)(c1ccc(F)cc1F)C(F)(F)c1ccc(-c2ccc(OC(F)(F)F)cc2)cn1,ok,OK,36
155,CCN(CC)c1ccc2cc(C(=O)NC[C@](O)(Cn3cncn3)c3ccc(F)cc3F)c(=O)oc2c1,ok,OK,36
156,O=C(NC[C@](O)(Cn1cncn1)c1ccc(F)cc1F)c1ccc(-c2ccc(OC(F)(F)F)cc2)cc1,ok,OK,37
157,CC1=C(/C=C/C(C)=C\C=C\C(C)=C\C(=O)O)C(C)(C)CCC1,ok,OK,22
158,CC(C)(O)c1ccccc1CC[C@@H](SCC1(CC(=O)O)CC1)c1cccc(/C=C/c2ccc3ccc(Cl)cc3n2)c1,ok,OK,41
159,CCOC(=O)C1=C(C)NC(C)=C(C(=O)OC)[C@H]1c1cccc(Cl)c1Cl,ok,OK,25
160,Cc1c(C)c2c(c(C)c1O)CC[C@](C)(COc1ccc(C[C@H]3SC(=O)NC3=O)cc1)O2,ok,OK,31
161,CSc1ccc2c(c1)N(CC[C@H]1CCCCN1C)c1ccccc1S2,ok,OK,25
162,COC(=O)C1=CO[C@@H](C)[C@H]2CN3CCc4c([nH]c5ccccc45)[C@@H]3C[C@H]12,ok,OK,26
163,C=C[C@H]1C[N@@]2CC[C@H]1C[C@@H]2[C@@H](O)c1ccnc2ccc(OC)cc12,ok,OK,24
164,C=C[C@H]1C[N@@]2CC[C@H]1C[C@H]2[C@H](O)c1ccnc2ccc(OC)cc12,ok,OK,24
165,Cn1cc([C@H]2C[C@H]3CSC(N)=N[C@@]3(c3ccc(F)cc3F)CO2)cn1,ok,OK,25
166,NC1=N[C@@]2(c3ccc(F)cc3F)CO[C@@H](c3cn[nH]c3)C[C@H]2CS1,ok,OK,24
167,C[C@@]1(c2cc(CNC3(C(F)(F)F)CC3)c(F)cc2F)CCSC(N)=N1,ok,OK,25
168,C[C@@H]1C[C@@](C)(c2cc(CNC3(C(F)(F)F)CC3)c(F)cc2F)N=C(N)S1,ok,OK,26
169,CC1(C)SCCN(S(=O)(=O)c2ccc(Oc3ccncc3)cc2)[C@H]1C(=O)NO,ok,OK,28
170,O=c1ccc2ccccc2o1,ok,OK,11
171,COc1c2occc2cc2ccc(=O)oc12,ok,OK,16
172,CN(C)Cc1ccc(-c2cccnc2)o1,ok,OK,15
173,CNCc1ccc(-c2cccnc2)o1,ok,OK,14
174,NCc1ccc(-c2cccnc2)o1,ok,OK,13
175,c1cc(SSc2ccncc2)ccn1,ok,OK,14
176,CCOc1ccc(NC(C)=O)cc1,ok,OK,13
177,C=C1CC[C@@]2(C(C)C)C[C@@H]12,ok,OK,10
178,CC(=O)C[C@@H](c1ccccc1)c1c(O)c2ccccc2oc1=O,ok,OK,23
179,C[C@H](C(=O)O)c1ccc(-c2ccccc2)c(F)c1,ok,OK,18
180,C[C@@](O)(C(=O)Nc1ccc(S(=O)(=O)c2cccc(Br)c2)cc1Cl)C(F)(F)F,ok,OK,27
181,N#Cc1ccc(OC2CCC(NS(=O)(=O)C(F)(F)F)CC2)cc1Cl,ok,OK,24
182,COc1cc(NS(=O)(=O)C(F)(F)F)cc(OC)c1Oc1ccc(C#N)c(Cl)c1,ok,OK,28
183,N#Cc1cc(S(=O)(=O)Nc2nccs2)ccc1Oc1ccc(Cl)cc1-c1cn[nH]c1,ok,OK,30
184,CCOC(=O)NC(=O)c1ccsc1NC(=O)c1nc2cnccc2s1,ok,OK,25
185,CCCCc1nc(Cl)c(CO)n1Cc1ccc(-c2ccccc2-c2nn[nH]n2)cc1,ok,OK,30
186,CCCCCCCCCCCCCCCC(=O)NCC(=O)O,ok,OK,22
187,CCCCCCCCCCCCCCCC(=O)N[C@@H](CCSC)C(=O)O,ok,OK,26
188,CC(C)C[C@H](NC(=O)CCCCCCCCCCCn1ccnc1)C(=O)O,ok,OK,27
189,NCCc1ccc(O)c(O)c1,ok,OK,11
190,NCCc1c[nH]c2ccc(O)cc12,ok,OK,13
191,C=Cc1ccccc1,ok,OK,8
192,COc1ccc2nc(SCc3ncc(C)c(OC)c3C)[nH]c2c1,ok,OK,23
193,CC(C)Cc1ccc([C@H](C)C(=O)N[C@@H](Cc2ccccc2)C(=O)O)cc1,ok,OK,26
194,CC(C)N,ok,OK,4
195,CCCN,ok,OK,4
196,[NH3+]C1CCCCC1,ok,OK,7
197,CN[C@@H]1CCc2ccccc21,ok,OK,11
198,N[C@H]1CCCc2ccccc21,ok,OK,11
199,C[C@@H](N)c1ccccc1,ok,OK,9
200,N[C@@H]1CCCc2ccccc21,ok,OK,11
201,N[C@H]1CCc2ccccc21,ok,OK,10
202,CCN,ok,OK,3
203,CN,ok,OK,2
204,C[C@H](N)c1ccccc1,ok,OK,9
205,CCCCCCCCCCCCCCCC(=O)N[C@@H](CCO)C(=O)O,ok,OK,25
206,CCCCCCCCCCCC(=O)N[C@H]1CCOC1=O,ok,OK,20
207,CCCCCCCCCCCCCCCC(=O)N[C@@H](Cc1ccccc1)C(=O)O,ok,OK,29
208,O=C(O)[C@H](Cc1ccccc1)NC(=O)[C@@H]1CCCCN1C(=O)CCC1CCCCC1,ok,OK,30
209,Cc1ccc(O)cc1,ok,OK,8
210,O=[N+]([O-])c1ccc2oncc2c1,ok,OK,12
211,N#Cc1cc([N+](=O)[O-])ccc1O,ok,OK,12
212,NO,ok,OK,2
213,O=C(CCCCn1ccnc1)N[C@@H](Cc1ccccc1)C(=O)O,ok,OK,23
214,CCc1ccccc1,ok,OK,8
215,CCCc1ccccc1,ok,OK,9
216,O=C(CCCCCn1ccnc1)N[C@@H](Cc1ccccc1)C(=O)O,ok,OK,24
217,c1ccc2c(c1)CCC2,ok,OK,9
218,O=C(O)CCCNc1ccncc1,ok,OK,13
219,O=C(O)C1CCN(c2ccncc2)CC1,ok,OK,15
220,CCCCCCCCCC(=O)N[C@H]1CCOC1=O,ok,OK,18
221,CCCCc1ccc(N/C=N\O)c(C)c1,ok,OK,15
222,N#Cc1ccc([C@@H]2CCCc3cncn32)cc1,ok,OK,17
223,C=C1/C(=C\C=C2/CCC[C@]3(C)[C@@H]([C@H](C)CCCC(C)(C)O)CC[C@@H]23)C[C@@H](O)C[C@@H]1O,ok,OK,30
224,C=C1/C(=C\C=C2/CCC[C@]3(C)[C@@H]([C@H](C)/C=C/[C@H](C)C(C)(C)O)CC[C@@H]23)C[C@@H](O)C[C@@H]1O,ok,OK,31
225,O=C(O)c1ccccc1Nc1cccc(C(F)(F)F)c1,ok,OK,20
226,CC[C@H](C)C(=O)O[C@H]1CCC=C2C=C[C@H](C)[C@H](CC[C@@H](O)C[C@@H](O)CC(=O)O)[C@H]21,ok,OK,29
227,CCC(C)(C)C(=O)O[C@H]1C[C@@H](C)C=C2C=C[C@H](C)[C@H](CC[C@@H](O)C[C@@H](O)CC(=O)O)[C@H]21,ok,OK,31
228,CC(=O)N1CCN(c2ccc(OC[C@H]3COC(Cn4ccnc4)(c4ccc(Cl)cc4Cl)O3)cc2)CC1,ok,OK,36
229,N#C/C(=C1/SC[C@@H](c2ccccc2Cl)S1)n1ccnc1,ok,OK,20
230,Clc1ccc(CO[C@H](Cn2ccnc2)c2ccc(Cl)cc2Cl)c(Cl)c1,ok,OK,25
231,c1ccc(Cc2ccncc2)cc1,ok,OK,13
232,O=[N+]([O-])c1ccc(Cc2ccncc2)cc1,ok,OK,16
233,CC1=CC[C@H]2[C@@H](C1)C2(C)C,ok,OK,10
234,CC1(C)[C@@H]2CC[C@@]1(C)[C@H](Br)C2,ok,OK,11
235,CC1(C)[C@@H]2CC=C(CBr)[C@H]1C2,ok,OK,11
236,C[C@@H]1Nc2ccc(Cl)cc2[C@@](C#CC2CC2)(C(F)(F)F)O1,ok,OK,21
237,CC(C)c1nc(CN(C)C(=O)N[C@H](C(=O)N[C@@H](Cc2ccccc2)C[C@H](O)[C@H](Cc2ccccc2)NC(=O)OCc2cncs2)C(C)C)cs1,ok,OK,50
238,CCC(=O)O[C@]1(C(=O)CCl)[C@@H](C)C[C@H]2[C@@H]3CCC4=CC(=O)C=C[C@]4(C)[C@@]3(F)[C@@H](O)C[C@@]21C,ok,OK,32
239,CC[C@]1(C)C[C@@H](OC(=O)CSc2n[nH]c(N)n2)[C@]2(C)[C@H](C)CC[C@]3(CCC(=O)[C@H]32)[C@@H](C)[C@@H]1O,ok,OK,33
240,O=C(Nc1ccccc1Cl)N(Cc1cccc(O)c1)c1cc(C(F)(F)F)ccc1-n1ccnc1,ok,OK,34
241,C[C@]12CC[C@H](OS(=O)(=O)O)CC1=CC[C@@H]1[C@@H]2CC[C@]2(C)C(=O)CC[C@@H]12,ok,OK,25
242,CC1=CC[C@@H](C(C)(C)O)CC1,ok,OK,11
243,CC[C@H]1OC(=O)[C@H](C)[C@@H](O[C@H]2C[C@@](C)(O)[C@@H](O)[C@H](C)O2)[C@H](C)[C@@H](O[C@@H]2O[C@H](C)C[C@H](N(C)C)[C@H]2O)[C@](C)(O)C[C@@H](C)C(=O)[C@H](C)[C@@H](O)[C@H]1C,ok,OK,49
244,CC(=O)N1CCN(c2ccc(OC[C@@H]3CO[C@@](Cn4ccnc4)(c4ccc(Cl)cc4Cl)O3)cc2)CC1,ok,OK,36
245,CC[C@H]1OC(=O)[C@H](C)[C@@H](O[C@H]2C[C@@](C)(OC)[C@@H](O)[C@H](C)O2)[C@H](C)[C@@H](O[C@@H]2O[C@H](C)C[C@H](N(C)C)[C@H]2O)[C@](C)(O)C[C@@H](C)C(=O)[C@H](C)[C@@H](O)[C@H]1C,ok,OK,50
246,CCCCCCCCCCCCCC(=O)SCCNC(=O)CCNC(=O)[C@@H](O)C(C)(C)COP(=O)(O)O,ok,OK,37
247,CCCCCC/C=C\CCCCCCCC(=O)SCCNC(=O)CCNC(=O)[C@@H](O)C(C)(C)COP(=O)(O)O,ok,OK,39
248,CCCCCCCC/C=C\CCCCCCCC(=O)SCCNC(=O)CCNC(=O)[C@@H](O)C(C)(C)COP(=O)(O)O,ok,OK,41
249,COc1ccc(CNc2ccc(Cc3ccncc3)cc2)cc1,ok,OK,23
250,CCOC(=O)c1cc2cc(-c3ccncc3)ccc2[nH]1,ok,OK,20
251,O=S(=O)(Nc1ccc(Cc2ccncc2)cc1)c1ccccc1,ok,OK,23
252,NCc1nc(-c2ccccc2)no1,ok,OK,13
253,Clc1ccc(COC(Cn2ccnc2)c2ccc(Cl)cc2Cl)cc1,ok,OK,24
254,Nc1ccc(Sc2ccc(N3C(=O)c4ccc(N)cc4C3=O)cc2)cc1,ok,OK,26
255,Cc1cccc(-n2cnc3cc(N)ccc32)c1,ok,OK,17
256,COc1ccc(-c2noc(CN(C(=O)Cc3ccc([N+](=O)[O-])cc3)C(C)C)n2)cc1,ok,OK,30
257,O=C(NCCCn1ccnc1)NC12CC3CC(CC(C3)C1)C2,ok,OK,22
258,CC1CCC(C(=O)N[C@H](Cc2c[nH]c3ccccc23)C(=O)Nc2ccncc2)CC1,ok,OK,30
259,C[C@]12CCC(=O)C=C1CC[C@@H]1[C@@H]2CC[C@]2(C)C(=O)CC[C@@H]12,ok,OK,21
260,Clc1ccc(CO[C@H](Cc2c[nH]cn2)c2ccc(Cl)cc2Cl)cc1,ok,OK,24
261,CCOC(=O)c1cc2cc(-c3ccncc3)ccc2n1CC1CCCCC1,ok,OK,27
262,CCOC(=O)c1cc2cc(-c3ccncc3)ccc2n1CC1CCCC1,ok,OK,26
263,CCOC(=O)c1cc2cc(-c3ccncc3)ccc2n1CCC1CCNCC1,ok,OK,28
264,NCc1ccc(-c2csnn2)cc1,ok,OK,13
265,c1cc(-c2ccc3c(ccn3CCN3CCNCC3)c2)ccn1,ok,OK,23
266,O=C(NCCN1CCOCC1)c1ccc(Cc2ccncc2)cc1,ok,OK,24
267,CCOC(=O)c1cc2cc(-c3ccncc3)ccc2n1CCN1CCOCC1,ok,OK,28
268,COc1ccc(-c2ccncc2)cc1,ok,OK,14
269,COC(=O)c1cccc(-c2ccncc2)c1,ok,OK,16
270,NC(=O)c1cc2cc(-c3ccncc3)ccc2n1CCN1CCNCC1,ok,OK,26
271,CCCC(=O)c1cc2cc(-c3ccncc3)ccc2n1CCC1CCNCC1,ok,OK,28
272,O=C(NCc1ccc2[nH]ccc2c1)c1cccc(Nc2ccncc2)c1,ok,OK,26
273,CC(C)CCC[C@H](C)CCC[C@H](C)CCC[C@@H](C)CC(=O)O,ok,OK,22
274,C=C1CC[C@H](O)CC1=CC=C1CCC[C@]2(C)[C@@H]([C@H](C)CCCC(C)C)CC[C@@H]12,ok,OK,28
275,C=C1/C(=C\C=C2/CCC[C@]3(C)[C@@H]([C@H](C)CCCC(C)C)CC[C@@H]23)C[C@@H](O)C[C@@H]1O,ok,OK,29
276,CC(C)=CCC/C(C)=C\CNCCNC1C2CC3CC(C2)CC1C3,ok,OK,24
277,Cc1cc(CCC(C)C)ccc1NCNO,ok,OK,16
278,CCOC(=O)CCCCCCn1ccnc1,ok,OK,16
279,Ic1cn[nH]c1,ok,OK,6
280,Nc1ccc2nccc(-n3cncn3)c2c1,ok,OK,16
281,Oc1ccc(-c2cnnn2-c2ccc(O)cc2)cc1,ok,OK,19
282,Nc1cccc(Cn2cncn2)c1,ok,OK,13
283,Cc1ccc2cc(N)ccc2n1,ok,OK,12
284,O=C(O)c1coc2c1C(=O)CCC2,ok,OK,13
285,Oc1ccc(-n2cncn2)cc1,ok,OK,12
286,Oc1ccc(-c2n[nH]cc2Oc2ccccc2)c(O)c1,ok,OK,20
287,O=C1N[C@@H](Cc2ccc(O)cc2)CN[C@H]1Cc1ccc(O)cc1,ok,OK,23
288,COc1ccc(-c2n[nH]c(N)c2-c2cccc(-c3cccc(N)c3)c2)cc1,ok,OK,27
289,Nc1cccc(-c2cccc(-c3c(-c4ccc(O)cc4)n[nH]c3N)c2)c1,ok,OK,26
290,Nc1cccc(-c2cccc(-c3cn[nH]c3N)c2)c1,ok,OK,19
291,Nc1cccc(-c2cc(-c3c(-c4ccc(O)cc4)n[nH]c3N)ccc2O)c1,ok,OK,27
292,Oc1ccc(-c2n[nH]c(NCc3c[nH]cn3)c2-c2ccc(O)cc2)cc1,ok,OK,26
293,Oc1ccc(CNc2[nH]nc(-c3ccc(O)cc3)c2-c2ccc(O)cc2)cc1,ok,OK,28
294,Oc1ccc(Nc2cc(-c3ccc(O)cc3)n[nH]2)cc1,ok,OK,20
295,O=C1CN(CCCn2ccnc2)CCN1Cc1ccc(Cl)cc1,ok,OK,23
296,O=C1CN(CCCn2ccnc2)CCN1Cc1ccc(F)cc1,ok,OK,23
297,COc1ccc(-c2nn(-c3ccccc3)cc2Cn2ccnc2)cc1,ok,OK,25
298,Fc1ccc(-c2nn(-c3ccccc3)cc2Cn2ccnc2)cc1,ok,OK,24
299,Clc1[nH]c2ccccc2c1-c1nn(-c2ccccc2)cc1Cn1ccnc1,ok,OK,27
300,O=C(NCc1ccncc1)c1cn(-c2ccccc2)nc1-c1ccncc1,ok,OK,27
301,Cc1cc(C[C@@H]2NC(=O)[C@H](Cc3ccc(O)cc3)NC2=O)ccc1O,ok,OK,25
302,Cc1cc(O)ccc1C[C@@H]1NC(=O)[C@H](Cc2ccc(O)cc2)NC1=O,ok,OK,25
303,Cc1cc(O)cc(C)c1C[C@@H]1NC(=O)[C@H](Cc2ccc(O)cc2)NC1=O,ok,OK,26
304,Cc1cc(C[C@@H]2NC(=O)[C@H](Cc3ccc(O)cc3)NC2=O)cc(C)c1O,ok,OK,26
305,O=C1N[C@@H](Cc2ccc(O)c(F)c2)C(=O)N[C@H]1Cc1ccc(O)cc1,ok,OK,25
306,O=C1N[C@@H](Cc2ccc(O)c(I)c2)C(=O)N[C@H]1Cc1ccc(O)cc1,ok,OK,25
307,O=C1N[C@@H](Cc2ccc(O)c(Br)c2)C(=O)N[C@H]1Cc1ccc(O)cc1,ok,OK,25
308,O=C1N[C@@H](Cc2ccc(O)c(Cl)c2)C(=O)N[C@H]1Cc1ccc(O)cc1,ok,OK,25
309,C#Cc1cc(C[C@@H]2NC(=O)[C@H](Cc3ccc(O)cc3)NC2=O)ccc1O,ok,OK,26
310,C=C[C@H](c1ccc(-c2ccc(O)c(Cl)c2)cc1)n1ccnc1,ok,OK,22
311,Fc1ccc(-c2ccc(/C=C/Cn3ccnc3)cc2)cc1,ok,OK,21
312,FC(F)(F)c1ccc(-c2ccc(Cn3ccnc3)cc2)cc1,ok,OK,22
313,COc1ccc(C[C@@H]2NC(=O)[C@H](Cc3ccc(O)cc3)NC2=O)cc1,ok,OK,25
314,O=C1N[C@@H](Cc2ccc(OCO)cc2)C(=O)N[C@H]1Cc1ccc(O)cc1,ok,OK,26
315,c1ccc2c(CCc3ccncn3)c[nH]c2c1,ok,OK,17
316,c1ccc2c(CCc3ccnc(N4CCOCC4)n3)c[nH]c2c1,ok,OK,23
317,Brc1ccc2[nH]cc(CCc3ccnc(N4CCOCC4)n3)c2c1,ok,OK,24
318,C[C@]12CC[C@@H]3c4ccc(O)cc4CC[C@H]3[C@@H]1C[C@@H](O)[C@@H]2O,ok,OK,21
319,CC[C@@H](C(=O)Nc1ccncc1)c1ccccc1,ok,OK,18
320,O=C(Nc1ccncc1)[C@@H](NS(=O)(=O)c1cccc2nsnc12)c1ccccc1,ok,OK,29
321,O=C(c1ccc(O)cc1)c1ccc(O)cc1,ok,OK,16
322,CSCC[C@H](NC(=O)C1CCC(C)CC1)C(=O)Nc1ccncc1,ok,OK,24
323,CC(C)[C@H](NC(=O)C1CCCCC1)C(=O)Nc1ccncc1,ok,OK,22
324,Cc1ccc(S(=O)(=O)NCCCOC(=O)Nc2ccncc2)cc1,ok,OK,24
325,Nc1cc2ccccc2c2ccccc12,ok,OK,15
326,CC[C@H]1OC(=O)[C@H](C)[C@@H](O)[C@H](C)[C@@H](O)[C@@H](C)C[C@@H](C)C(=O)[C@H](C)[C@@H](O)[C@H]1C,ok,OK,27
327,COc1ccc(C(=O)O)cc1,ok,OK,11
328,CCc1ccc(C(=O)O)cc1,ok,OK,11
329,COc1ccc(C(=O)O)cc1OC,ok,OK,13
330,Nc1cc(N2CCCCC2)nc(N)[n+]1[O-],ok,OK,15
331,c1ccc2[nH]ccc2c1,ok,OK,9
332,CN(CCCC(=O)c1cccnc1)N=O,ok,OK,15
333,CC(=O)/C=C/C1=C(C)CCCC1(C)C,ok,OK,14
334,O=C(O)c1ccc2cc[nH]c2c1,ok,OK,12
335,O=C(O)c1ccc2ccccc2c1,ok,OK,13
336,CC(C)c1ccc(C(=O)O)cc1,ok,OK,12
337,CCOc1ccc(C(=O)O)cc1,ok,OK,12
338,CNc1ccc(C(=O)O)cc1,ok,OK,11
339,O=C(O)c1ccc(C2CC2)cc1,ok,OK,12
340,CCCCCCCc1ccc(C(=O)O)cc1,ok,OK,16
341,O=C(O)c1ccc(-c2ccsc2)cc1,ok,OK,14
342,COc1cccc(C(=O)O)c1,ok,OK,11
343,CSc1cccc(C(=O)O)c1,ok,OK,11
344,Cc1ccc(C(=O)O)cc1,ok,OK,10
345,Cc1cccc(C(=O)O)c1,ok,OK,10
346,CNc1cccc(C(=O)O)c1,ok,OK,11
347,CCOc1cccc(C(=O)O)c1,ok,OK,12
348,O=C(O)c1ccc(-c2cccnc2)cc1,ok,OK,15
349,O=C(O)c1ccc(-n2ccnc2)cc1,ok,OK,14
350,COc1ccc(/C=C/C(=O)O)cc1,ok,OK,13
351,CC(C)Cc1ccc(C(=O)O)cc1,ok,OK,13
352,C=Cc1ccc(C(=O)O)cc1,ok,OK,11
353,O=C(O)c1ccc(-c2ccccc2)cc1,ok,OK,15
354,COc1cccc(-c2ccc(C(=O)O)cc2)c1,ok,OK,17
355,O=C(O)c1ccc(-n2cncn2)cc1,ok,OK,14
356,CCCc1ccc(C(=O)O)cc1,ok,OK,12
357,O=C(O)c1ccc(Oc2ccccc2)cc1,ok,OK,16
358,O=C(O)c1ccc(C2CCCCC2)cc1,ok,OK,15
359,CCSc1ccc(C(=O)O)cc1,ok,OK,12
360,CSc1ccc(C(=O)O)cc1,ok,OK,11
361,O=C(O)c1ccc(-c2ccco2)cc1,ok,OK,14
362,O=C(O)c1ccc(-c2cccs2)cc1,ok,OK,14
363,O=C(O)c1ccc(I)cc1,ok,OK,10
364,O=C(O)c1ccc(F)cc1,ok,OK,10
365,O=C(O)c1ccc(Cl)cc1,ok,OK,10
366,O=C(O)c1ccc(CCl)cc1,ok,OK,11
367,O=C(O)c1ccc(CCBr)cc1,ok,OK,12
368,O=C(O)c1ccc(CCCl)cc1,ok,OK,12
369,O=C(O)c1ccc(C(=O)c2ccccc2)cc1,ok,OK,17
370,CCCCc1ccc(C(=O)O)cc1,ok,OK,13
371,CC(=O)[C@@](C)(O)c1ccc(C(=O)O)cc1,ok,OK,15
372,COc1ccc(C(=O)O)cc1O,ok,OK,12
373,O=C(O)c1ccc(-c2ccccn2)cc1,ok,OK,15
374,O=C(O)c1ccc(Cc2ccccc2)cc1,ok,OK,16
375,CCC(=O)c1ccc(C(=O)O)cc1,ok,OK,13
376,CC(=O)Cc1ccc(C(=O)O)cc1,ok,OK,13
377,O=C(O)c1ccc(OC(F)(F)F)cc1,ok,OK,14
378,O=C(O)c1ccc(O)cc1,ok,OK,10
379,O=C(O)c1ccc(CO)cc1,ok,OK,11
380,CC(C)(C)c1ccc(C(=O)O)cc1,ok,OK,13
381,CC(C)CCC[C@@H](C)[C@H]1CC[C@@]2(C=C3CC3)C3=CC[C@@H]4C(C)(C)[C@@H](O)CC[C@]4(C)[C@@H]3CC[C@]12C,ok,OK,34
382,CO[C@](c1ccc(Cl)cc1)(c1ccc2c(c1)c(-c1c(F)cccc1F)cc(=O)n2C)c1cncn1C,ok,OK,36
383,O=C(N[C@@H](Cc1c[nH]c2ccccc12)C(=O)Nc1ccncc1)c1ccc(-c2cccc(F)c2)cc1F,ok,OK,37
384,O=C(N[C@@H](Cn1cncn1)c1ccc(Cl)cc1Cl)c1ccc(-c2nnc(-c3ccccc3)o2)cc1,ok,OK,35
385,O=C(N[C@@H](Cn1ccnc1)c1ccc(-c2ccc(F)cc2)cc1F)c1ccc(-c2nnc(-c3ccccc3)o2)cc1,ok,OK,41
386,CCCCC[C@H](O)/C=C/C=C/CCCCCCCC(=O)O,ok,OK,21
387,Brc1ccc(-c2c[nH]cn2)cc1,ok,OK,12
388,Fc1ccc(-c2c[nH]cn2)cc1,ok,OK,12
389,CC[C@H]1OC(=O)/C=C/[C@H](C)[C@@H](O[C@@H]2O[C@H](C)C[C@H](N(C)C)[C@H]2O)[C@@H](C)C[C@@H](C)C(=O)/C=C/C=C/[C@]1(O)CO[C@@H]1O[C@H](C)[C@@H](O)[C@@H](OC)[C@H]1OC,ok,OK,50
390,CC[C@H]1OC(=O)/C=C/[C@H](C)[C@@H](O[C@@H]2O[C@H](C)C[C@H](N(C)C)[C@H]2O)[C@@H](C)C[C@@H](C)C(=O)/C=C/C=C/[C@@H]1CO[C@@H]1O[C@H](C)[C@@H](O)[C@@H](OC)[C@H]1OC,ok,OK,49
391,CC[C@H]1OC(=O)/C=C/[C@H](C)[C@@H](O[C@@H]2O[C@H](C)C[C@H](N(C)C)[C@H]2O)[C@@H](C)C[C@@H](C)C(=O)/C=C/C=C/[C@@H]1CO[C@@H]1O[C@H](C)[C@@H](O)[C@@H](O)[C@H]1OC,ok,OK,48
392,C[C@@H]1[C@@H](O)[C@@H](C)C[C@H](C)C(=O)[C@H](C)[C@@H](O)[C@@H](C)[C@@H](C)OC(=O)[C@H](C)[C@H]1O,ok,OK,26
393,C[C@H](CCC(=O)O)[C@H]1CC[C@H]2[C@@H]3CC[C@@H]4C[C@H](O)CC[C@]4(C)[C@H]3CC[C@]12C,ok,OK,27
394,CC1=C(/C=C/C(C)=C/C=C/C(C)=C/C(=O)O)C(C)(C)CCC1,ok,OK,22
395,CC(=O)[C@H]1CC[C@H]2[C@@H]3CC=C4C[C@@H](O)CC[C@]4(C)[C@H]3CC[C@]12C,ok,OK,23
396,C[C@@]12CCC[C@H]1[C@@H]1CC[C@H]3CC(=O)CC[C@]3(C)[C@H]1CC2,ok,OK,20
397,COc1ccc([C@](O)(c2cncnc2)C2CC2)cc1,ok,OK,19
398,CC[C@@H]([C@H](C)O)n1ncn(-c2ccc(N3CCN(c4ccc(OC[C@@H]5CC[C@@](Cn6cncn6)(c6ccc(F)cc6F)O5)cc4)CC3)cc2)c1=O,ok,OK,51
399,O=C([C@@H](c1ccc(Cl)cc1)c1cccnc1)N1CCN(c2ccc(C(F)(F)F)cc2)CC1,ok,OK,32
400,FC(F)(F)c1ccc(N(c2cccnc2)C2CCN(c3ccc(C(F)(F)F)cn3)CC2)cc1,ok,OK,33
401,O=C(N[C@H](Cc1c[nH]c2ccccc12)C(=O)Nc1ccncc1)c1ccc(-c2cc(F)ccc2F)cc1F,ok,OK,38
402,O=C(N[C@H](Cc1c[nH]c2ccccc12)C(=O)Nc1ccncc1)c1ccc(N2CCN(c3ccc(F)cc3F)CC2)cc1F,ok,OK,44
403,O=C(N[C@H](Cc1c[nH]c2ccccc12)C(=O)Nc1ccncc1)c1ccc(N2CCN(c3ccc(C(F)(F)F)cc3)CC2)cc1F,ok,OK,46
404,O=C(N[C@H](Cc1c[nH]c2ccccc12)C(=O)Nc1ccncc1)c1ccc(N2CCN(c3ccc(Cl)cc3)CC2)cc1F,ok,OK,43
405,O=C(Nc1ccc(N2CCN(c3ccc(Cl)c(Cl)c3)CC2)cc1)O[C@@H](Cn1ccnc1)c1ccc(Cl)cc1Cl,ok,OK,39
406,CC(C)c1ccc(NC(=O)O[C@H](Cn2ccnc2)c2ccc(Cl)cc2)cc1,ok,OK,27
407,CC(C)c1ccc(NC(=O)O[C@H](Cn2ccnc2)c2ccc(F)cc2)cc1,ok,OK,27
408,O=C(N[C@H](Cc1c[nH]c2ccccc12)C(=O)Nc1ccncc1)c1ccc(N2CCN(S(=O)(=O)c3cccs3)CC2)cc1F,ok,OK,44
409,Cc1cc(Oc2cccc(Cn3ccnc3)c2)cc(C)c1Cl,ok,OK,22
410,O=C(N[C@H](Cc1c[nH]c2ccccc12)C(=O)Nc1ccncc1)c1ccc(N2CCN(c3ccc(F)c(F)c3)CC2)cc1F,ok,OK,44
411,Cc1ccc(Cl)cc1N1CCN(c2ccc(C(=O)N[C@H](Cc3c[nH]c4ccccc34)C(=O)Nc3ccncc3)c(F)c2)CC1,ok,OK,44
412,CC[C@H]1OC(=O)/C=C/[C@H](C)[C@@H](O[C@@H]2O[C@H](C)C[C@H](N(C)C)[C@H]2O)[C@@H](C)C[C@@H](C)[C@H](O)/C=C/C=C/[C@@H]1C,ok,OK,36
413,Cc1ccc(OP(=O)(O)O)cc1,ok,OK,12
414,CCc1ccc(OP(=O)(O)O)cc1,ok,OK,13
415,CCc1cccc(OP(=O)(O)O)c1,ok,OK,13
416,CN1C(=O)[C@H](Cc2c[nH]c3cccc([N+](=O)[O-])c23)N(C)C(=O)[C@@H]1Cc1ccccc1,ok,OK,30
417,CN1C(=O)[C@](O)(Cc2ccccc2)N(C)C(=O)[C@@H]1Cc1c[nH]c2cccc([N+](=O)[O-])c12,ok,OK,31
418,CCCCCC[C@H]1C(=O)O[C@H](C)C/C=C/C=C/C=C/C=C/C=C(\C)[C@@H](O)C[C@H](O)C[C@H](O)C[C@H](O)C[C@H](O)C[C@H](O)C[C@@H]1O,ok,OK,44
419,CC[C@H]1/C=C/C=C/C[C@@H](C)[C@H](O)[C@@](C)(O)C(=O)[C@@H](C)[C@H](O)[C@@H](C)C(=O)[C@@H](C)[C@H](O)[C@@H](C)/C=C/C(=O)O[C@@H]2[C@H](C)[C@H](CC1)O[C@]1(CC[C@H](C)[C@H](C[C@@H](C)O)O1)[C@H]2C,ok,OK,56
420,C[C@@H]1[C@H](O)[C@@H](C)/C=C/C=C/C=C/C=C/C=C/C=C/C=C/[C@H](O[C@@H]2O[C@H](C)[C@@H](O)[C@H](N)[C@@H]2O)C[C@@H]2O[C@](O)(C[C@@H](O)C[C@@H](O)[C@H](O)CC[C@@H](O)C[C@@H](O)CC(=O)O[C@H]1C)C[C@H](O)[C@H]2C(=O)O,ok,OK,65
421,CC1=C(/C=C/C(C)=C/C=C/C(C)=C/C=O)C(C)(C)CCC1,ok,OK,21
422,CC/C=C\C[C@H](O)/C=C/C=C\CCCCCCCC(=O)O,ok,OK,21
423,CCCCC[C@H](O)/C=C/C=C\CCCCCCCC(=O)O,ok,OK,21
424,CCCCC[C@@H]1O[C@@H]1C/C=C\CCCCCCCC(=O)O,ok,OK,21
425,C[C@@H]1C/C=C/C=C/C=C/C=C/[C@H](O[C@@H]2O[C@H](C)[C@@H](O)[C@H](N)[C@@H]2O)C[C@@H]2O[C@](O)(C[C@@H](O)C/C=C/C=C/C(=O)O1)C[C@H](O)[C@H]2C(=O)O,ok,OK,46
426,O=C1C(O)=CC(=O)c2c(O)cc(O)cc21,ok,OK,15
427,O=C1C=C(O)C(=O)c2ccccc21,ok,OK,13
428,C/C1=C/C[C@@H](/C(C)=C/c2csc(C)n2)OC(=O)C[C@H](O)C(C)(C)C(=O)[C@H](C)[C@@H](O)[C@@H](C)CCC1,ok,OK,34
429,C/C(=C\c1csc(C)n1)[C@@H]1C[C@@H]2O[C@]2(C)CCC[C@H](C)[C@H](O)[C@@H](C)C(=O)C(C)(C)[C@@H](O)CC(=O)O1,ok,OK,35
430,Oc1cc(O)c2c(O)cc(O)c(O)c2c1,ok,OK,15
431,C[C@@H]1[C@H](O)[C@@H](C)/C=C/C=C/CC/C=C/C=C/C=C/C=C/[C@H](O[C@@H]2O[C@H](C)[C@@H](O)[C@H](N)[C@@H]2O)C[C@@H]2O[C@](O)(C[C@@H](O)[C@H](O)CC[C@@H](O)C[C@@H](O)C[C@@H](O)CC(=O)O[C@H]1C)C[C@H](O)[C@H]2C(=O)O,ok,OK,65
432,CC[C@H]1OC(=O)C[C@@H](O)[C@H](C)[C@@H](O[C@@H]2O[C@H](C)[C@@H](O)[C@H](N(C)C)[C@H]2O)[C@@H](CC=O)C[C@@H](C)C(=O)/C=C/C(C)=C/[C@@H]1C,ok,OK,41
433,CC(C)=C[C@H](O)C/C(C)=C/CC/C(C)=C/Cc1c(C)[nH]c2ccccc2c1=O,ok,OK,28
434,C[C@@H]1O[C@@H](n2c3ccccc3c3c4c(c5c6ccccc6[nH]c5c32)CNC4=O)C[C@@H](N)[C@H]1O,ok,OK,33
435,CC[C@H](C)C(=O)O[C@H]1CCC=C2C=C[C@H](C)[C@H](CC[C@@H]3C[C@@H](O)CC(=O)O3)[C@H]21,ok,OK,28
