uniprot_id,protein_families,cc_cofactor,xref_interpro,is_p450_by_family,is_p450_by_interpro,has_heme
A0A059WMF6,Cytochrome P450 family,"COFACTOR: Name=heme; Xref=ChEBI:CHEBI:30413; Evidence={ECO:0000256|ARBA:ARBA00001971, ECO:0000256|PIRSR:PIRSR602401-1};",IPR001128;IPR017972;IPR002401;IPR036396;,True,True,True
A0A072UPL5,Cytochrome P450 family,COFACTOR: Name=heme; Xref=ChEBI:CHEBI:30413; Evidence={ECO:0000256|PIRSR:PIRSR602401-1};,IPR001128;IPR017972;IPR002401;IPR036396;,True,True,True
A0A097HUX0,Cytochrome P450 family,"COFACTOR: Name=heme; Xref=ChEBI:CHEBI:30413; Evidence={ECO:0000256|ARBA:ARBA00001971, ECO:0000256|PIRSR:PIRSR602401-1};",IPR050479;IPR001128;IPR017972;IPR002401;IPR036396;,True,True,True
A0A0A0K2U8,Cytochrome P450 family,COFACTOR: Name=heme; Xref=ChEBI:CHEBI:30413; Evidence={ECO:0000256|PIRSR:PIRSR602403-1};,IPR001128;IPR002403;IPR036396;,True,True,True
A0A0A7DLM4,Cytochrome P450 family,COFACTOR: Name=heme; Xref=ChEBI:CHEBI:30413; Evidence={ECO:0000256|PIRSR:PIRSR602401-1};,IPR001128;IPR017972;IPR002401;IPR036396;,True,True,True
A0A0E4B3I0,Cytochrome P450 family,COFACTOR: Name=heme; Xref=ChEBI:CHEBI:30413; Evidence={ECO:0000256|PIRSR:PIRSR602401-1};,IPR001128;IPR017972;IPR002401;IPR036396;IPR050196;,True,True,True
A0A0G2JXU4,Cytochrome P450 family,"COFACTOR: Name=heme; Xref=ChEBI:CHEBI:30413; Evidence={ECO:0000256|ARBA:ARBA00001971, ECO:0000256|PIRSR:PIRSR602401-1, ECO:0000256|RuleBase:RU368053};",IPR001128;IPR017972;IPR002401;IPR008067;IPR036396;IPR050182;,True,True,True
A0A0G2K9N5,Cytochrome P450 family,"COFACTOR: Name=heme; Xref=ChEBI:CHEBI:30413; Evidence={ECO:0000256|ARBA:ARBA00001971, ECO:0000256|PIRSR:PIRSR602399-1};",IPR050479;IPR001128;IPR017972;IPR002399;IPR036396;,True,True,True
A0A0N7H9X2,Cytochrome P450 family,COFACTOR: Name=heme; Xref=ChEBI:CHEBI:30413; Evidence={ECO:0000256|PIRSR:PIRSR602401-1};,IPR001128;IPR017972;IPR002401;IPR036396;IPR044225;,True,True,True
A0A0P0YJU0,Cytochrome P450 family,"COFACTOR: Name=heme; Xref=ChEBI:CHEBI:30413; Evidence={ECO:0000256|ARBA:ARBA00001971, ECO:0000256|PIRSR:PIRSR602401-1};",IPR001128;IPR017972;IPR002401;IPR036396;,True,True,True
A0A0S2LLA9,Cytochrome P450 family,"COFACTOR: Name=heme; Xref=ChEBI:CHEBI:30413; Evidence={ECO:0000256|ARBA:ARBA00001971, ECO:0000256|PIRSR:PIRSR602401-1};",IPR001128;IPR017972;IPR002401;IPR036396;,True,True,True
A0A0T9WNE5,Cytochrome P450 family,COFACTOR: Name=heme; Xref=ChEBI:CHEBI:30413; Evidence={ECO:0000256|ARBA:ARBA00001971};,IPR001128;IPR002397;IPR017972;IPR036396;,True,True,True
A0A161ABB0,Cytochrome P450 family,"COFACTOR: Name=heme; Xref=ChEBI:CHEBI:30413; Evidence={ECO:0000256|ARBA:ARBA00001971, ECO:0000256|PIRSR:PIRSR602401-1};",IPR001128;IPR017972;IPR002401;IPR036396;,True,True,True
A0A173GQ95,Cytochrome P450 family,"COFACTOR: Name=heme; Xref=ChEBI:CHEBI:30413; Evidence={ECO:0000256|ARBA:ARBA00001971, ECO:0000256|PIRSR:PIRSR602403-1};",IPR001128;IPR017972;IPR002403;IPR036396;,True,True,True
A0A1B1IHZ1,Cytochrome P450 family,"COFACTOR: Name=heme; Xref=ChEBI:CHEBI:30413; Evidence={ECO:0000256|ARBA:ARBA00001971, ECO:0000256|PIRSR:PIRSR602401-1};",IPR001128;IPR017972;IPR002401;IPR036396;,True,True,True
A0A1I9Q5Z0,Cytochrome P450 family,COFACTOR: Name=heme; Xref=ChEBI:CHEBI:30413; Evidence={ECO:0000250|UniProtKB:Q96242};,IPR001128;IPR017972;IPR002401;IPR036396;,True,True,True
A0A1J1DVP9,Cytochrome P450 family,"COFACTOR: Name=heme; Xref=ChEBI:CHEBI:30413; Evidence={ECO:0000256|ARBA:ARBA00001971, ECO:0000256|PIRSR:PIRSR602401-1};",IPR001128;IPR002401;IPR036396;IPR050182;,True,True,True
A0A1J6JQE7,Cytochrome P450 family,"COFACTOR: Name=heme; Xref=ChEBI:CHEBI:30413; Evidence={ECO:0000256|ARBA:ARBA00001971, ECO:0000256|PIRSR:PIRSR602401-1};",IPR001128;IPR002401;IPR036396;,True,True,True
A0A1L7NT18,Cytochrome P450 family,COFACTOR: Name=heme; Xref=ChEBI:CHEBI:30413; Evidence={ECO:0000256|PIRSR:PIRSR602401-1};,IPR001128;IPR017972;IPR002401;IPR036396;IPR050196;,True,True,True
A0A1L7NXK5,Cytochrome P450 family,"COFACTOR: Name=heme; Xref=ChEBI:CHEBI:30413; Evidence={ECO:0000256|ARBA:ARBA00001971, ECO:0000256|PIRSR:PIRSR602401-1};",IPR001128;IPR017972;IPR002401;IPR036396;,True,True,True
A0A1P8NQJ7,Cytochrome P450 family,COFACTOR: Name=heme; Xref=ChEBI:CHEBI:30413; Evidence={ECO:0000256|PIRSR:PIRSR602401-1};,IPR001128;IPR017972;IPR002401;IPR036396;IPR050196;,True,True,True
A0A1P8W705,Cytochrome P450 family,"COFACTOR: Name=heme; Xref=ChEBI:CHEBI:30413; Evidence={ECO:0000256|ARBA:ARBA00001971, ECO:0000256|PIRSR:PIRSR602401-1};",IPR001128;IPR017972;IPR002401;IPR036396;,True,True,True
A0A1S5T865,Cytochrome P450 family,"COFACTOR: Name=heme; Xref=ChEBI:CHEBI:30413; Evidence={ECO:0000256|ARBA:ARBA00001971, ECO:0000256|PIRSR:PIRSR602401-1};",IPR001128;IPR017972;IPR002401;IPR036396;,True,True,True
A0A1U7Q8W9,Cytochrome P450 family,"COFACTOR: Name=heme; Xref=ChEBI:CHEBI:30413; Evidence={ECO:0000256|ARBA:ARBA00001971, ECO:0000256|PIRSR:PIRSR602401-1};",IPR001128;IPR017972;IPR002401;IPR036396;,True,True,True
A0A1U7Q986,Cytochrome P450 family,"COFACTOR: Name=heme; Xref=ChEBI:CHEBI:30413; Evidence={ECO:0000256|ARBA:ARBA00001971, ECO:0000256|PIRNR:PIRNR000047, ECO:0000256|PIRSR:PIRSR000047-1};",IPR030681;IPR050529;IPR001128;IPR017972;IPR024204;IPR002403;IPR036396;,True,True,True
A0A1U7Z269,Cytochrome P450 family,"COFACTOR: Name=heme; Xref=ChEBI:CHEBI:30413; Evidence={ECO:0000256|ARBA:ARBA00001971, ECO:0000256|PIRSR:PIRSR602401-1};",IPR001128;IPR017972;IPR002401;IPR036396;,True,True,True
A0A1V1FHP8,Cytochrome P450 family,"COFACTOR: Name=heme; Xref=ChEBI:CHEBI:30413; Evidence={ECO:0000256|ARBA:ARBA00001971, ECO:0000256|PIRSR:PIRSR602401-1};",IPR001128;IPR017972;IPR002401;IPR036396;,True,True,True
A0A1W6S9Y7,,COFACTOR: Name=heme; Xref=ChEBI:CHEBI:30413; Evidence={ECO:0000256|ARBA:ARBA00001971};,IPR001128;IPR002401;IPR036396;IPR050651;,False,True,True
A0A1Z2R7G8,Cytochrome P450 family,"COFACTOR: Name=heme; Xref=ChEBI:CHEBI:30413; Evidence={ECO:0000256|ARBA:ARBA00001971, ECO:0000256|PIRSR:PIRSR602401-1};",IPR001128;IPR017972;IPR002401;IPR036396;,True,True,True
A0A1Z2R7G9,Cytochrome P450 family,"COFACTOR: Name=heme; Xref=ChEBI:CHEBI:30413; Evidence={ECO:0000256|ARBA:ARBA00001971, ECO:0000256|PIRSR:PIRSR602401-1};",IPR001128;IPR017972;IPR002401;IPR036396;,True,True,True
A0A218NGS0,Cytochrome P450 family,COFACTOR: Name=heme; Xref=ChEBI:CHEBI:30413; Evidence={ECO:0000250|UniProtKB:P04798};,IPR001128;IPR017972;IPR002401;IPR036396;IPR050651;,True,True,True
A0A240FWB3,Cytochrome P450 family,"COFACTOR: Name=heme; Xref=ChEBI:CHEBI:30413; Evidence={ECO:0000256|ARBA:ARBA00001971, ECO:0000256|PIRSR:PIRSR602401-1};",IPR001128;IPR017972;IPR002401;IPR036396;,True,True,True
A0A240FWB4,Cytochrome P450 family,"COFACTOR: Name=heme; Xref=ChEBI:CHEBI:30413; Evidence={ECO:0000256|ARBA:ARBA00001971, ECO:0000256|PIRSR:PIRSR602401-1};",IPR001128;IPR017972;IPR002401;IPR036396;,True,True,True
A0A286LD89,Cytochrome P450 family,"COFACTOR: Name=heme; Xref=ChEBI:CHEBI:30413; Evidence={ECO:0000256|ARBA:ARBA00001971, ECO:0000256|PIRSR:PIRSR602401-1};",IPR001128;IPR002401;IPR036396;IPR050182;,True,True,True
A0A2C9DK12,Cytochrome P450 family,"COFACTOR: Name=heme; Xref=ChEBI:CHEBI:30413; Evidence={ECO:0000256|ARBA:ARBA00001971, ECO:0000256|PIRSR:PIRSR602401-1};",IPR001128;IPR017972;IPR002401;IPR036396;IPR050182;,True,True,True
A0A2Z4I2V7,Cytochrome P450 family,"COFACTOR: Name=heme; Xref=ChEBI:CHEBI:30413; Evidence={ECO:0000256|ARBA:ARBA00001971, ECO:0000256|PIRSR:PIRSR602401-1};",IPR001128;IPR017972;IPR002401;IPR036396;,True,True,True
A0A396GRS7,Cytochrome P450 family,,IPR001128;IPR017972;IPR036396;IPR050651;,True,True,False
A0A396JLC3,Cytochrome P450 family,COFACTOR: Name=heme; Xref=ChEBI:CHEBI:30413; Evidence={ECO:0000256|PIRSR:PIRSR602403-1};,IPR001128;IPR002403;IPR036396;,True,True,True
A0A3Q1MTF6,Cytochrome P450 family,"COFACTOR: Name=heme; Xref=ChEBI:CHEBI:30413; Evidence={ECO:0000256|ARBA:ARBA00001971, ECO:0000256|PIRNR:PIRNR000047, ECO:0000256|PIRSR:PIRSR000047-1};",IPR001128;IPR024204;IPR002403;IPR036396;IPR027286;,True,True,True
A0A3Q8QEF5,Cytochrome P450 family,COFACTOR: Name=heme; Xref=ChEBI:CHEBI:30413; Evidence={ECO:0000256|PIRSR:PIRSR602401-1};,IPR001128;IPR017972;IPR002401;IPR036396;,True,True,True
A0A3Q8QEF7,Cytochrome P450 family,"COFACTOR: Name=heme; Xref=ChEBI:CHEBI:30413; Evidence={ECO:0000256|ARBA:ARBA00001971, ECO:0000256|PIRSR:PIRSR602401-1};",IPR001128;IPR017972;IPR002401;IPR036396;,True,True,True
A0A3Q9R4N5,Cytochrome P450 family,COFACTOR: Name=heme; Xref=ChEBI:CHEBI:30413; Evidence={ECO:0000250|UniProtKB:Q96242};,IPR001128;IPR017972;IPR002401;IPR036396;,True,True,True
A0A4X1UJZ0,Cytochrome P450 family,"COFACTOR: Name=heme; Xref=ChEBI:CHEBI:30413; Evidence={ECO:0000256|ARBA:ARBA00001971, ECO:0000256|PIRNR:PIRNR000047, ECO:0000256|PIRSR:PIRSR000047-1};",IPR001128;IPR024204;IPR002403;IPR036396;IPR027286;,True,True,True
A0A653FHY2,Cytochrome P450 family,"COFACTOR: Name=heme; Xref=ChEBI:CHEBI:30413; Evidence={ECO:0000256|ARBA:ARBA00001971, ECO:0000256|PIRSR:PIRSR602403-1};",IPR001128;IPR017972;IPR002403;IPR036396;,True,True,True
A0A655A8T0,Cytochrome P450 family,"COFACTOR: Name=heme; Xref=ChEBI:CHEBI:30413; Evidence={ECO:0000256|ARBA:ARBA00001971, ECO:0000256|PIRSR:PIRSR602403-1};",IPR001128;IPR017972;IPR002403;IPR036396;IPR050121;,True,True,True
A0A6C0G9L7,Cytochrome P450 family,"COFACTOR: Name=heme; Xref=ChEBI:CHEBI:30413; Evidence={ECO:0000256|ARBA:ARBA00001971, ECO:0000256|PIRSR:PIRSR602403-1};",IPR050529;IPR001128;IPR017972;IPR002403;IPR036396;,True,True,True
A0A6M3TXH1,Cytochrome P450 family,COFACTOR: Name=heme; Xref=ChEBI:CHEBI:30413; Evidence={ECO:0000256|PIRSR:PIRSR602401-1};,IPR001128;IPR017972;IPR002401;IPR036396;,True,True,True
A0A7D3QT71,Cytochrome P450 family,"COFACTOR: Name=heme; Xref=ChEBI:CHEBI:30413; Evidence={ECO:0000256|ARBA:ARBA00001971, ECO:0000256|PIRSR:PIRSR602401-1};",IPR001128;IPR017972;IPR002401;IPR036396;,True,True,True
A0A8C1NRV4,Cytochrome P450 family,"COFACTOR: Name=heme; Xref=ChEBI:CHEBI:30413; Evidence={ECO:0000256|ARBA:ARBA00001971, ECO:0000256|PIRSR:PIRSR602401-1, ECO:0000256|RuleBase:RU368045};",IPR001128;IPR017972;IPR002401;IPR008066;IPR036396;,True,True,True
A0A8C4ECQ9,Cytochrome P450 family,"COFACTOR: Name=heme; Xref=ChEBI:CHEBI:30413; Evidence={ECO:0000256|ARBA:ARBA00001971, ECO:0000256|PIRSR:PIRSR602401-1};",IPR001128;IPR017972;IPR002401;IPR036396;,True,True,True
A1L3S6,Cytochrome P450 family,"COFACTOR: Name=heme; Xref=ChEBI:CHEBI:30413; Evidence={ECO:0000256|ARBA:ARBA00001971, ECO:0000256|PIRNR:PIRNR000047, ECO:0000256|PIRSR:PIRSR000047-1};",IPR030681;IPR050529;IPR001128;IPR017972;IPR024204;IPR002403;IPR036396;,True,True,True
A1XBC6,Cytochrome P450 family,"COFACTOR: Name=heme; Xref=ChEBI:CHEBI:30413; Evidence={ECO:0000256|ARBA:ARBA00001971, ECO:0000256|PIRSR:PIRSR602401-1};",IPR001128;IPR017972;IPR002401;IPR036396;,True,True,True
A1YJE3,"Cytochrome P450 family, CYP82E2 subfamily",COFACTOR: Name=heme; Xref=ChEBI:CHEBI:30413; Evidence={ECO:0000250|UniProtKB:P04798};,IPR001128;IPR017972;IPR002401;IPR036396;IPR050651;,True,True,True
A3KLR7,Cytochrome P450 family,"COFACTOR: Name=heme; Xref=ChEBI:CHEBI:30413; Evidence={ECO:0000256|ARBA:ARBA00001971, ECO:0000256|PIRSR:PIRSR602401-1};",IPR001128;IPR017972;IPR002401;IPR036396;,True,True,True
A5LGW8,Cytochrome P450 family,"COFACTOR: Name=heme; Xref=ChEBI:CHEBI:30413; Evidence={ECO:0000256|ARBA:ARBA00001971, ECO:0000256|PIRSR:PIRSR602401-1};",IPR001128;IPR017972;IPR002401;IPR036396;,True,True,True
A6P663,Cytochrome P450 family,"COFACTOR: Name=heme; Xref=ChEBI:CHEBI:30413; Evidence={ECO:0000256|ARBA:ARBA00001971, ECO:0000256|PIRSR:PIRSR602401-1};",IPR001128;IPR017972;IPR002401;IPR036396;,True,True,True
A7KMF3,"Cytochrome P450 family, CYP82E2 subfamily","COFACTOR: Name=heme; Xref=ChEBI:CHEBI:30413; Evidence={ECO:0000256|ARBA:ARBA00001971, ECO:0000256|PIRSR:PIRSR602401-1};",IPR001128;IPR017972;IPR002401;IPR036396;IPR050651;,True,True,True
A7XY79,Cytochrome P450 family,COFACTOR: Name=heme; Xref=ChEBI:CHEBI:30413; Evidence={ECO:0000256|PIRSR:PIRSR602403-1};,IPR001128;IPR002403;IPR036396;,True,True,True
A8CBS0,Cytochrome P450 family,COFACTOR: Name=heme; Xref=ChEBI:CHEBI:30413; Evidence={ECO:0000256|PIRSR:PIRSR602401-1};,IPR001128;IPR017972;IPR002401;IPR036396;IPR050196;,True,True,True
A8DBU6,Cytochrome P450 family,"COFACTOR: Name=heme; Xref=ChEBI:CHEBI:30413; Evidence={ECO:0000256|ARBA:ARBA00001971, ECO:0000256|PIRSR:PIRSR602403-1};",IPR050529;IPR001128;IPR017972;IPR002403;IPR036396;,True,True,True
A9QNE6,"Cytochrome P450 family, CYP82E2 subfamily","COFACTOR: Name=heme; Xref=ChEBI:CHEBI:30413; Evidence={ECO:0000256|ARBA:ARBA00001971, ECO:0000256|PIRSR:PIRSR602401-1};",IPR001128;IPR017972;IPR002401;IPR036396;IPR050651;,True,True,True
A9SNA2,Cytochrome P450 family,COFACTOR: Name=heme; Xref=ChEBI:CHEBI:30413; Evidence={ECO:0000256|PIRSR:PIRSR602403-1};,IPR001128;IPR002403;IPR036396;,True,True,True
B2BF50,Cytochrome P450 family,"COFACTOR: Name=heme; Xref=ChEBI:CHEBI:30413; Evidence={ECO:0000256|ARBA:ARBA00001971, ECO:0000256|PIRSR:PIRSR602401-1};",IPR001128;IPR017972;IPR002401;IPR036396;,True,True,True
B4DDJ0,Cytochrome P450 family,"COFACTOR: Name=heme; Xref=ChEBI:CHEBI:30413; Evidence={ECO:0000256|ARBA:ARBA00001971, ECO:0000256|PIRSR:PIRSR602401-1, ECO:0000256|RuleBase:RU364077};",IPR050479;IPR001128;IPR017972;IPR002401;IPR036396;,True,True,True
B8RBV1,Cytochrome P450 family,"COFACTOR: Name=heme; Xref=ChEBI:CHEBI:30413; Evidence={ECO:0000256|ARBA:ARBA00001971, ECO:0000256|PIRSR:PIRSR602403-1};",IPR001128;IPR017972;IPR002403;IPR036396;IPR050476;,True,True,True
C1J0N9,Cytochrome P450 family,"COFACTOR: Name=heme; Xref=ChEBI:CHEBI:30413; Evidence={ECO:0000256|ARBA:ARBA00001971, ECO:0000256|PIRSR:PIRSR602401-1};",IPR001128;IPR017972;IPR002401;IPR036396;,True,True,True
C4B644,Cytochrome P450 family,COFACTOR: Name=heme; Xref=ChEBI:CHEBI:30413; Evidence={ECO:0000250|UniProtKB:P0A512};,IPR001128;IPR002397;IPR017972;IPR036396;,True,True,True
C5IGQ5,Cytochrome P450 family,"COFACTOR: Name=heme; Xref=ChEBI:CHEBI:30413; Evidence={ECO:0000256|ARBA:ARBA00001971, ECO:0000256|PIRSR:PIRSR602401-1};",IPR001128;IPR017972;IPR002401;IPR036396;,True,True,True
C5IWL6,Cytochrome P450 family,"COFACTOR: Name=heme; Xref=ChEBI:CHEBI:30413; Evidence={ECO:0000256|ARBA:ARBA00001971, ECO:0000256|PIRSR:PIRSR602401-1};",IPR001128;IPR017972;IPR002401;IPR036396;,True,True,True
C5X6I4,Cytochrome P450 family,"COFACTOR: Name=heme; Xref=ChEBI:CHEBI:30413; Evidence={ECO:0000256|ARBA:ARBA00001971, ECO:0000256|PIRSR:PIRSR602401-1};",IPR001128;IPR017972;IPR002401;IPR036396;,True,True,True
C5XWH8,Cytochrome P450 family,"COFACTOR: Name=heme; Xref=ChEBI:CHEBI:30413; Evidence={ECO:0000256|ARBA:ARBA00001971, ECO:0000256|PIRSR:PIRSR602401-1};",IPR001128;IPR017972;IPR002401;IPR036396;,True,True,True
C7B608,Cytochrome P450 family,"COFACTOR: Name=heme; Xref=ChEBI:CHEBI:30413; Evidence={ECO:0000256|ARBA:ARBA00001971, ECO:0000256|PIRSR:PIRSR602401-1};",IPR001128;IPR017972;IPR002401;IPR036396;,True,True,True
C7T4H2,Cytochrome P450 family,,IPR001128;IPR002397;IPR036396;,True,True,False
C7T4H3,Cytochrome P450 family,,IPR001128;IPR002397;IPR017972;IPR036396;,True,True,False
C7T4H4,Cytochrome P450 family,,IPR001128;IPR002397;IPR017972;IPR036396;,True,True,False
D3IWE6,Cytochrome P450 family,"COFACTOR: Name=heme; Xref=ChEBI:CHEBI:30413; Evidence={ECO:0000256|ARBA:ARBA00001971, ECO:0000256|PIRSR:PIRSR602401-1};",IPR001128;IPR017972;IPR002401;IPR036396;,True,True,True
D3K2N2,,,IPR001128;IPR036396;,False,True,False
D3TJH0,Cytochrome P450 family,"COFACTOR: Name=heme; Xref=ChEBI:CHEBI:30413; Evidence={ECO:0000256|ARBA:ARBA00001971, ECO:0000256|RuleBase:RU368045};",IPR001128;IPR002401;IPR008066;IPR036396;,True,True,True
D6CJJ9,Cytochrome P450 family,COFACTOR: Name=heme; Xref=ChEBI:CHEBI:30413; Evidence={ECO:0000256|ARBA:ARBA00001971};,IPR001128;IPR002401;IPR036396;IPR050182;,True,True,True
D6WFY6,Cytochrome P450 family,"COFACTOR: Name=heme; Xref=ChEBI:CHEBI:30413; Evidence={ECO:0000256|ARBA:ARBA00001971, ECO:0000256|PIRSR:PIRSR602401-1};",IPR001128;IPR017972;IPR002401;IPR036396;IPR050182;,True,True,True
D8QZ31,Cytochrome P450 family,COFACTOR: Name=heme; Xref=ChEBI:CHEBI:30413; Evidence={ECO:0000250|UniProtKB:Q96242};,IPR001128;IPR002403;IPR036396;,True,True,True
D8S724,Cytochrome P450 family,COFACTOR: Name=heme; Xref=ChEBI:CHEBI:30413; Evidence={ECO:0000250|UniProtKB:Q96242};,IPR001128;IPR002403;IPR036396;,True,True,True
E0D4W1,Cytochrome P450 family,"COFACTOR: Name=heme; Xref=ChEBI:CHEBI:30413; Evidence={ECO:0000256|ARBA:ARBA00001971, ECO:0000256|PIRSR:PIRSR602401-1};",IPR001128;IPR017972;IPR002401;IPR036396;,True,True,True
E0D4W2,Cytochrome P450 family,"COFACTOR: Name=heme; Xref=ChEBI:CHEBI:30413; Evidence={ECO:0000256|ARBA:ARBA00001971, ECO:0000256|PIRSR:PIRSR602401-1};",IPR001128;IPR017972;IPR002401;IPR036396;,True,True,True
E3T9X1,Cytochrome P450 family,"COFACTOR: Name=heme; Xref=ChEBI:CHEBI:30413; Evidence={ECO:0000256|ARBA:ARBA00001971, ECO:0000256|PIRSR:PIRSR602401-1};",IPR001128;IPR017972;IPR002401;IPR036396;,True,True,True
E3TB05,Cytochrome P450 family,,IPR001128;IPR002403;IPR036396;,True,True,False
E3VWI3,Cytochrome P450 family,COFACTOR: Name=heme; Xref=ChEBI:CHEBI:30413; Evidence={ECO:0000269|PubMed:21284395};,IPR001128;IPR002397;IPR017972;IPR036396;IPR054976;,True,True,True
E3VWJ9,Cytochrome P450 family,COFACTOR: Name=heme; Xref=ChEBI:CHEBI:30413; Evidence={ECO:0000269|PubMed:21284395};,IPR001128;IPR002397;IPR017972;IPR036396;IPR054976;,True,True,True
F1T0M7,Cytochrome P450 family,,IPR001128;IPR036396;,True,True,False
F2Z9C1,Cytochrome P450 family,COFACTOR: Name=heme; Xref=ChEBI:CHEBI:30413; Evidence={ECO:0000250};,IPR001128;IPR017972;IPR002401;IPR036396;IPR050651;,True,True,True
F2ZAE0,Cytochrome P450 family,COFACTOR: Name=heme; Xref=ChEBI:CHEBI:30413; Evidence={ECO:0000256|PIRSR:PIRSR602401-1};,IPR001128;IPR017972;IPR002401;IPR036396;IPR044225;,True,True,True
F4YRL2,Cytochrome P450 family,"COFACTOR: Name=heme; Xref=ChEBI:CHEBI:30413; Evidence={ECO:0000256|ARBA:ARBA00001971, ECO:0000256|PIRSR:PIRSR602401-1};",IPR001128;IPR017972;IPR002401;IPR036396;,True,True,True
F6KZD5,Cytochrome P450 family,"COFACTOR: Name=heme; Xref=ChEBI:CHEBI:30413; Evidence={ECO:0000256|ARBA:ARBA00001971, ECO:0000256|PIRSR:PIRSR602401-1};",IPR001128;IPR017972;IPR002401;IPR036396;,True,True,True
G4VV60,,COFACTOR: Name=heme; Xref=ChEBI:CHEBI:30413; Evidence={ECO:0000256|PIRSR:PIRSR602403-1};,IPR001128;IPR002403;IPR036396;,False,True,True
G8XQN2,,,IPR001128;IPR036396;,False,True,False
H9LJF9,Cytochrome P450 family,"COFACTOR: Name=heme; Xref=ChEBI:CHEBI:30413; Evidence={ECO:0000256|ARBA:ARBA00001971, ECO:0000256|PIRSR:PIRSR602401-1};",IPR001128;IPR017972;IPR002401;IPR036396;,True,True,True
H9MFM9,Cytochrome P450 family,"COFACTOR: Name=heme; Xref=ChEBI:CHEBI:30413; Evidence={ECO:0000256|ARBA:ARBA00001971, ECO:0000256|PIRSR:PIRSR602401-1};",IPR050479;IPR001128;IPR017972;IPR002401;IPR036396;,True,True,True
J7M8Q0,"Cytochrome P450 family, CYP82E2 subfamily","COFACTOR: Name=heme; Xref=ChEBI:CHEBI:30413; Evidence={ECO:0000256|ARBA:ARBA00001971, ECO:0000256|PIRSR:PIRSR602401-1};",IPR001128;IPR017972;IPR002401;IPR036396;IPR050651;,True,True,True
J7MB22,"Cytochrome P450 family, CYP82E2 subfamily","COFACTOR: Name=heme; Xref=ChEBI:CHEBI:30413; Evidence={ECO:0000256|ARBA:ARBA00001971, ECO:0000256|PIRSR:PIRSR602401-1};",IPR001128;IPR017972;IPR002401;IPR036396;IPR050651;,True,True,True
K4K542,Cytochrome P450 family,"COFACTOR: Name=heme; Xref=ChEBI:CHEBI:30413; Evidence={ECO:0000256|ARBA:ARBA00001971, ECO:0000256|PIRSR:PIRSR602401-1};",IPR001128;IPR017972;IPR002401;IPR036396;,True,True,True
K7ZPJ9,Cytochrome P450 family,COFACTOR: Name=heme; Xref=ChEBI:CHEBI:30413; Evidence={ECO:0000256|PIRSR:PIRSR602401-1};,IPR001128;IPR017972;IPR002401;IPR036396;,True,True,True
K7ZR99,Cytochrome P450 family,COFACTOR: Name=heme; Xref=ChEBI:CHEBI:30413; Evidence={ECO:0000256|PIRSR:PIRSR602401-1};,IPR001128;IPR017972;IPR002401;IPR036396;,True,True,True
L7TF20,Cytochrome P450 family,"COFACTOR: Name=heme; Xref=ChEBI:CHEBI:30413; Evidence={ECO:0000256|ARBA:ARBA00001971, ECO:0000256|PIRSR:PIRSR602401-1};",IPR001128;IPR017972;IPR002401;IPR036396;,True,True,True
M1KK91,Cytochrome P450 family,COFACTOR: Name=heme; Xref=ChEBI:CHEBI:30413; Evidence={ECO:0000256|PIRSR:PIRSR602403-1};,IPR050529;IPR001128;IPR017972;IPR002403;IPR036396;,True,True,True
M4WFN0,Cytochrome P450 family,,IPR001128;IPR036396;,True,True,False
O24782,Cytochrome P450 family,"COFACTOR: Name=heme; Xref=ChEBI:CHEBI:30413; Evidence={ECO:0000256|ARBA:ARBA00001971, ECO:0000256|PIRSR:PIRSR602401-1};",IPR001128;IPR002401;IPR036396;,True,True,True
O64900,Cytochrome P450 family,COFACTOR: Name=heme; Xref=ChEBI:CHEBI:30413;,IPR001128;IPR017972;IPR002401;IPR036396;,True,True,True
P47787,Cytochrome P450 family,COFACTOR: Name=heme; Xref=ChEBI:CHEBI:30413; Evidence={ECO:0000250|UniProtKB:P24557};,IPR001128;IPR017972;IPR002401;IPR036396;IPR050705;,True,True,True
Q00G65,Cytochrome P450 family,"COFACTOR: Name=heme; Xref=ChEBI:CHEBI:30413; Evidence={ECO:0000256|ARBA:ARBA00001971, ECO:0000256|PIRSR:PIRSR602403-1};",IPR001128;IPR017972;IPR002403;IPR036396;IPR050476;,True,True,True
Q06IS2,Cytochrome P450 family,,IPR001128;IPR002397;IPR017972;IPR036396;,True,True,False
Q0H7R9,,COFACTOR: Name=heme; Xref=ChEBI:CHEBI:30413; Evidence={ECO:0000256|PIRSR:PIRSR602403-1};,IPR001128;IPR002403;IPR036396;,False,True,True
Q0Q5Z4,Cytochrome P450 family,"COFACTOR: Name=heme; Xref=ChEBI:CHEBI:30413; Evidence={ECO:0000256|ARBA:ARBA00001971, ECO:0000256|PIRSR:PIRSR602401-1};",IPR001128;IPR017972;IPR002401;IPR036396;,True,True,True
Q0QLB3,Cytochrome P450 family,"COFACTOR: Name=heme; Xref=ChEBI:CHEBI:30413; Evidence={ECO:0000256|ARBA:ARBA00001971, ECO:0000256|PIRSR:PIRSR602401-1};",IPR001128;IPR017972;IPR002401;IPR036396;,True,True,True
Q12599,Cytochrome P450 family,COFACTOR: Name=heme; Xref=ChEBI:CHEBI:30413; Evidence={ECO:0000250};,IPR001128;IPR002397;IPR017972;IPR036396;,True,True,True
Q17UC0,Cytochrome P450 family,"COFACTOR: Name=heme; Xref=ChEBI:CHEBI:30413; Evidence={ECO:0000256|ARBA:ARBA00001971, ECO:0000256|PIRSR:PIRSR602401-1};",IPR001128;IPR017972;IPR002401;IPR036396;,True,True,True
Q1JPY5,Cytochrome P450 family,COFACTOR: Name=heme; Xref=ChEBI:CHEBI:30413; Evidence={ECO:0000250|UniProtKB:Q16850};,IPR050529;IPR001128;IPR017972;IPR002403;IPR036396;,True,True,True
Q2EMR3,Cytochrome P450 family,"COFACTOR: Name=heme; Xref=ChEBI:CHEBI:30413; Evidence={ECO:0000256|ARBA:ARBA00001971, ECO:0000256|PIRSR:PIRSR602401-1};",IPR050479;IPR001128;IPR017972;IPR002401;IPR036396;,True,True,True
Q2ENF7,,,IPR001128;IPR002401;IPR036396;IPR050651;,False,True,False
Q2EPZ0,Cytochrome P450 family,"COFACTOR: Name=heme; Xref=ChEBI:CHEBI:30413; Evidence={ECO:0000256|ARBA:ARBA00001971, ECO:0000256|PIRSR:PIRSR602401-1};",IPR001128;IPR017972;IPR002401;IPR036396;,True,True,True
Q2UYU7,Cytochrome P450 family,"COFACTOR: Name=heme; Xref=ChEBI:CHEBI:30413; Evidence={ECO:0000256|ARBA:ARBA00001971, ECO:0000256|PIRSR:PIRSR602401-1};",IPR001128;IPR017972;IPR002401;IPR036396;,True,True,True
Q2WE96,Cytochrome P450 family,COFACTOR: Name=heme; Xref=ChEBI:CHEBI:30413; Evidence={ECO:0000250|UniProtKB:Q96242};,IPR001128;IPR002403;IPR036396;,True,True,True
Q304Q4,Cytochrome P450 family,"COFACTOR: Name=heme; Xref=ChEBI:CHEBI:30413; Evidence={ECO:0000256|ARBA:ARBA00001971, ECO:0000256|PIRSR:PIRSR602401-1};",IPR001128;IPR017972;IPR002401;IPR036396;,True,True,True
Q304Q5,Cytochrome P450 family,"COFACTOR: Name=heme; Xref=ChEBI:CHEBI:30413; Evidence={ECO:0000256|ARBA:ARBA00001971, ECO:0000256|PIRSR:PIRSR602401-1};",IPR001128;IPR017972;IPR002401;IPR036396;,True,True,True
Q304R0,Cytochrome P450 family,"COFACTOR: Name=heme; Xref=ChEBI:CHEBI:30413; Evidence={ECO:0000256|ARBA:ARBA00001971, ECO:0000256|PIRSR:PIRSR602401-1};",IPR001128;IPR017972;IPR002401;IPR036396;,True,True,True
Q33DX9,Cytochrome P450 family,COFACTOR: Name=heme; Xref=ChEBI:CHEBI:30413; Evidence={ECO:0000250|UniProtKB:Q96242};,IPR001128;IPR017972;IPR002401;IPR036396;IPR050651;,True,True,True
Q33DY0,Cytochrome P450 family,COFACTOR: Name=heme; Xref=ChEBI:CHEBI:30413; Evidence={ECO:0000250|UniProtKB:Q96242};,IPR001128;IPR017972;IPR002401;IPR036396;IPR050651;,True,True,True
Q38Q84,"Cytochrome P450 family, CYP82E2 subfamily",COFACTOR: Name=heme; Xref=ChEBI:CHEBI:30413; Evidence={ECO:0000250|UniProtKB:P04798};,IPR001128;IPR017972;IPR002401;IPR036396;IPR050651;,True,True,True
Q39443,,COFACTOR: Name=heme; Xref=ChEBI:CHEBI:30413; Evidence={ECO:0000256|PIRSR:PIRSR602403-1};,IPR001128;IPR002403;IPR036396;,False,True,True
Q3C211,Cytochrome P450 family,"COFACTOR: Name=heme; Xref=ChEBI:CHEBI:30413; Evidence={ECO:0000256|ARBA:ARBA00001971, ECO:0000256|PIRSR:PIRSR602401-1};",IPR001128;IPR017972;IPR002401;IPR036396;,True,True,True
Q3LFR2,Cytochrome P450 family,"COFACTOR: Name=heme; Xref=ChEBI:CHEBI:30413; Evidence={ECO:0000256|ARBA:ARBA00001971, ECO:0000256|PIRSR:PIRSR602401-1};",IPR050479;IPR001128;IPR017972;IPR002401;IPR036396;,True,True,True
Q52TE7,Cytochrome P450 family,COFACTOR: Name=heme; Xref=ChEBI:CHEBI:30413; Evidence={ECO:0000256|ARBA:ARBA00001971};,IPR036010;IPR001041;IPR006058;IPR012675;IPR001128;IPR002397;IPR017972;IPR036396;IPR017927;IPR039261;IPR017938;,True,True,True
Q52YL8,Cytochrome P450 family,"COFACTOR: Name=heme; Xref=ChEBI:CHEBI:30413; Evidence={ECO:0000256|ARBA:ARBA00001971, ECO:0000256|PIRSR:PIRSR602401-1};",IPR001128;IPR017972;IPR002401;IPR036396;,True,True,True
Q59I68,Cytochrome P450 family,"COFACTOR: Name=heme; Xref=ChEBI:CHEBI:30413; Evidence={ECO:0000256|ARBA:ARBA00001971, ECO:0000256|PIRSR:PIRSR602401-1};",IPR001128;IPR017972;IPR002401;IPR036396;,True,True,True
Q5EWY2,Cytochrome P450 family,"COFACTOR: Name=heme; Xref=ChEBI:CHEBI:30413; Evidence={ECO:0000256|ARBA:ARBA00001971, ECO:0000256|PIRSR:PIRSR602401-1};",IPR001128;IPR017972;IPR002401;IPR036396;,True,True,True
Q5ILH2,Cytochrome P450 family,"COFACTOR: Name=heme; Xref=ChEBI:CHEBI:30413; Evidence={ECO:0000256|ARBA:ARBA00001971, ECO:0000256|PIRNR:PIRNR000047, ECO:0000256|PIRSR:PIRSR000047-1};",IPR030681;IPR050529;IPR001128;IPR024204;IPR002403;IPR036396;,True,True,True
Q64459,Cytochrome P450 family,COFACTOR: Name=heme; Xref=ChEBI:CHEBI:30413; Evidence={ECO:0000250};,IPR001128;IPR017972;IPR008072;IPR002402;IPR036396;IPR050705;,True,True,True
Q673E9,Cytochrome P450 family,"COFACTOR: Name=heme; Xref=ChEBI:CHEBI:30413; Evidence={ECO:0000256|ARBA:ARBA00001971, ECO:0000256|PIRSR:PIRSR602403-1};",IPR050529;IPR001128;IPR017972;IPR002403;IPR036396;,True,True,True
Q6LEN2,Cytochrome P450 family,"COFACTOR: Name=heme; Xref=ChEBI:CHEBI:30413; Evidence={ECO:0000256|ARBA:ARBA00001971, ECO:0000256|PIRNR:PIRNR000047, ECO:0000256|PIRSR:PIRSR000047-1};",IPR001128;IPR024204;IPR002403;IPR036396;IPR027286;,True,True,True
Q6QHJ9,Cytochrome P450 family,"COFACTOR: Name=heme; Xref=ChEBI:CHEBI:30413; Evidence={ECO:0000256|ARBA:ARBA00001971, ECO:0000256|PIRSR:PIRSR602401-1};",IPR001128;IPR017972;IPR002401;IPR036396;,True,True,True
Q6TH81,Cytochrome P450 family,"COFACTOR: Name=heme; Xref=ChEBI:CHEBI:30413; Evidence={ECO:0000256|ARBA:ARBA00001971, ECO:0000256|PIRSR:PIRSR602401-1};",IPR001128;IPR017972;IPR002401;IPR036396;IPR050476;,True,True,True
Q6XAF4,Cytochrome P450 family,"COFACTOR: Name=heme; Xref=ChEBI:CHEBI:30413; Evidence={ECO:0000256|ARBA:ARBA00001971, ECO:0000256|PIRSR:PIRSR602401-1};",IPR001128;IPR017972;IPR002401;IPR036396;IPR044225;,True,True,True
Q6YLS3,Cytochrome P450 family,"COFACTOR: Name=heme; Xref=ChEBI:CHEBI:30413; Evidence={ECO:0000256|ARBA:ARBA00001971, ECO:0000256|PIRSR:PIRSR602401-1};",IPR001128;IPR017972;IPR002401;IPR036396;,True,True,True
Q767R1,Cytochrome P450 family,"COFACTOR: Name=heme; Xref=ChEBI:CHEBI:30413; Evidence={ECO:0000256|ARBA:ARBA00001971, ECO:0000256|PIRSR:PIRSR602401-1};",IPR001128;IPR002401;IPR036396;,True,True,True
Q76LL4,Cytochrome P450 family,"COFACTOR: Name=heme; Xref=ChEBI:CHEBI:30413; Evidence={ECO:0000256|ARBA:ARBA00001971, ECO:0000256|PIRSR:PIRSR602401-1};",IPR001128;IPR017972;IPR002401;IPR036396;,True,True,True
Q7XAU5,Cytochrome P450 family,"COFACTOR: Name=heme; Xref=ChEBI:CHEBI:30413; Evidence={ECO:0000256|ARBA:ARBA00001971, ECO:0000256|PIRSR:PIRSR602401-1};",IPR001128;IPR017972;IPR002401;IPR036396;,True,True,True
Q83WG3,Cytochrome P450 family,,IPR001128;IPR002397;IPR017972;IPR036396;,True,True,False
Q84NG3,Cytochrome P450 family,"COFACTOR: Name=heme; Xref=ChEBI:CHEBI:30413; Evidence={ECO:0000256|ARBA:ARBA00001971, ECO:0000256|PIRSR:PIRSR602401-1};",IPR001128;IPR017972;IPR002401;IPR036396;,True,True,True
Q84QI4,Cytochrome P450 family,COFACTOR: Name=heme; Xref=ChEBI:CHEBI:30413; Evidence={ECO:0000256|PIRSR:PIRSR602401-1};,IPR001128;IPR017972;IPR002401;IPR036396;,True,True,True
Q8NKB4,Cytochrome P450 family,,IPR001128;IPR002397;IPR017972;IPR036396;,True,True,False
Q8S9C6,Cytochrome P450 family,"COFACTOR: Name=heme; Xref=ChEBI:CHEBI:30413; Evidence={ECO:0000256|ARBA:ARBA00001971, ECO:0000256|PIRSR:PIRSR602401-1};",IPR001128;IPR017972;IPR002401;IPR036396;,True,True,True
Q8WND8,Cytochrome P450 family,COFACTOR: Name=heme; Xref=ChEBI:CHEBI:30413; Evidence={ECO:0000256|ARBA:ARBA00001971};,IPR050479;IPR001128;IPR002399;IPR036396;,True,True,True
Q93XR3,Cytochrome P450 family,,IPR001128;IPR036396;,True,True,False
Q95328,Cytochrome P450 family,COFACTOR: Name=heme; Xref=ChEBI:CHEBI:30413; Evidence={ECO:0000250|UniProtKB:P05093};,IPR001128;IPR017972;IPR002401;IPR036396;,True,True,True
Q96WS9,Cytochrome P450 family,,IPR001128;IPR002397;IPR017972;IPR036396;,True,True,False
Q9FPN2,Cytochrome P450 family,"COFACTOR: Name=heme; Xref=ChEBI:CHEBI:30413; Evidence={ECO:0000256|ARBA:ARBA00001971, ECO:0000256|PIRSR:PIRSR602401-1};",IPR001128;IPR017972;IPR002401;IPR036396;,True,True,True
Q9FPN4,Cytochrome P450 family,"COFACTOR: Name=heme; Xref=ChEBI:CHEBI:30413; Evidence={ECO:0000256|ARBA:ARBA00001971, ECO:0000256|PIRSR:PIRSR602401-1};",IPR001128;IPR017972;IPR002401;IPR036396;,True,True,True
Q9FPN5,Cytochrome P450 family,"COFACTOR: Name=heme; Xref=ChEBI:CHEBI:30413; Evidence={ECO:0000256|ARBA:ARBA00001971, ECO:0000256|PIRSR:PIRSR602401-1};",IPR001128;IPR017972;IPR002401;IPR036396;,True,True,True
Q9FS35,Cytochrome P450 family,"COFACTOR: Name=heme; Xref=ChEBI:CHEBI:30413; Evidence={ECO:0000256|ARBA:ARBA00001971, ECO:0000256|PIRSR:PIRSR602401-1};",IPR001128;IPR017972;IPR002401;IPR036396;,True,True,True
Q9M7B8,Cytochrome P450 family,COFACTOR: Name=heme; Xref=ChEBI:CHEBI:30413; Evidence={ECO:0000250|UniProtKB:Q96242};,IPR001128;IPR017972;IPR002401;IPR036396;,True,True,True
Q9SB21,Cytochrome P450 family,COFACTOR: Name=heme; Xref=ChEBI:CHEBI:30413; Evidence={ECO:0000256|ARBA:ARBA00001971};,IPR001128;IPR002401;IPR036396;,True,True,True
Q9SC11,Cytochrome P450 family,,IPR050529;IPR036396;,True,True,False
Q9SSX5,Cytochrome P450 family,"COFACTOR: Name=heme; Xref=ChEBI:CHEBI:30413; Evidence={ECO:0000256|ARBA:ARBA00001971, ECO:0000256|PIRSR:PIRSR602401-1};",IPR001128;IPR017972;IPR002401;IPR036396;,True,True,True
Q9SWJ4,Cytochrome P450 family,COFACTOR: Name=heme; Xref=ChEBI:CHEBI:30413; Evidence={ECO:0000256|ARBA:ARBA00001971};,IPR001128;IPR002401;IPR008066;IPR036396;,True,True,True
Q9URR6,Cytochrome P450 family,COFACTOR: Name=heme; Xref=ChEBI:CHEBI:30413; Evidence={ECO:0000256|PIRSR:PIRSR602401-1};,IPR001128;IPR002401;IPR036396;IPR050364;,True,True,True
Q9XS57,Cytochrome P450 family,"COFACTOR: Name=heme; Xref=ChEBI:CHEBI:30413; Evidence={ECO:0000256|ARBA:ARBA00001971, ECO:0000256|PIRSR:PIRSR602401-1};",IPR050479;IPR001128;IPR017972;IPR002401;IPR036396;,True,True,True
R4X4I5,Cytochrome P450 family,"COFACTOR: Name=heme; Xref=ChEBI:CHEBI:30413; Evidence={ECO:0000256|ARBA:ARBA00001971, ECO:0000256|PIRSR:PIRSR602401-1};",IPR001128;IPR017972;IPR002401;IPR036396;,True,True,True
T1NXM5,Cytochrome P450 family,"COFACTOR: Name=heme; Xref=ChEBI:CHEBI:30413; Evidence={ECO:0000256|ARBA:ARBA00001971, ECO:0000256|PIRSR:PIRSR602401-1};",IPR001128;IPR017972;IPR002401;IPR036396;,True,True,True
U3LXJ8,Cytochrome P450 family,"COFACTOR: Name=heme; Xref=ChEBI:CHEBI:30413; Evidence={ECO:0000256|ARBA:ARBA00001971, ECO:0000256|PIRSR:PIRSR602401-1};",IPR001128;IPR017972;IPR002401;IPR036396;,True,True,True
U5YM12,Cytochrome P450 family,COFACTOR: Name=heme; Xref=ChEBI:CHEBI:30413; Evidence={ECO:0000256|ARBA:ARBA00001971};,IPR001128;IPR002397;IPR017972;IPR036396;,True,True,True
U6NHS3,Cytochrome P450 family,"COFACTOR: Name=heme; Xref=ChEBI:CHEBI:30413; Evidence={ECO:0000256|ARBA:ARBA00001971, ECO:0000256|PIRSR:PIRSR602401-1};",IPR001128;IPR017972;IPR002401;IPR036396;,True,True,True
V5K5L7,Cytochrome P450 family,"COFACTOR: Name=heme; Xref=ChEBI:CHEBI:30413; Evidence={ECO:0000256|ARBA:ARBA00001971, ECO:0000256|PIRSR:PIRSR602401-1};",IPR050479;IPR001128;IPR017972;IPR002401;IPR036396;,True,True,True
W6RGX9,Cytochrome P450 family,COFACTOR: Name=heme; Xref=ChEBI:CHEBI:30413; Evidence={ECO:0000256|ARBA:ARBA00001971};,IPR001128;IPR002397;IPR017972;IPR036396;,True,True,True
W9SPF5,Cytochrome P450 family,COFACTOR: Name=heme; Xref=ChEBI:CHEBI:30413; Evidence={ECO:0000256|PIRSR:PIRSR602401-1};,IPR001128;IPR017972;IPR002401;IPR036396;,True,True,True
