Dock_Index,PDB_ID,Enzyme_Index,Substrate_Index,Label
1000,4CK8,1,0,0
1001,1EUP,5,0,0
1002,3K1O,42,0,0
1003,2WX2,51,0,0
1004,2WV2,53,0,0
1005,4H6O,57,0,0
1006,3DSI,61,0,0
1007,6F0C,109,0,0
1008,8HGB,116,0,0
1009,5CWE,124,0,0
1010,5GXG,150,0,0
1011,9DOE,163,0,0
1012,2VE3,166,0,0
1013,6JLV,220,0,0
1014,6KBH,231,0,0
1015,2A1O,236,0,0
1016,3NA0,262,0,0
1017,5E78,268,0,0
1018,4O4P,274,0,0
1019,8GDI,13,1,0
1020,4UYM,41,1,0
1021,8FIC,47,1,0
1022,8AMQ,48,1,0
1023,3DSI,61,1,0
1024,2FDV,74,1,0
1025,8W1K,132,1,0
1026,7ZB9,151,1,0
1027,2XC3,153,1,0
1028,7TP5,162,1,0
1029,8JNQ,178,1,0
1030,5FYG,182,1,0
1031,7RY8,186,1,0
1032,8VK6,190,1,0
1033,1H5Z,192,1,0
1034,6MCW,196,1,0
1035,6ZI3,208,1,0
1036,7DLS,209,1,0
1037,5B2X,222,1,0
1038,8DSG,224,1,0
1039,7CL9,243,1,0
1040,7V43,246,1,0
1041,3N9Y,263,1,0
1042,4HGH,267,1,0
1043,3EKD,272,1,0
1044,6H1O,275,1,0
1045,5GWE,281,1,0
1046,1J51,288,1,0
1047,3P99,12,2,0
1048,8JC3,16,2,0
1049,6FYJ,25,2,0
1050,3TBG,66,2,0
1051,5YHJ,115,2,0
1052,6WGW,135,2,0
1053,6JLV,220,2,0
1054,4L4E,235,2,0
1055,7ZQR,254,2,0
1056,2UWH,273,2,0
1057,4DTZ,276,2,0
1058,2X2N,52,4,0
1059,3DSK,62,4,0
1060,1NR6,72,4,0
1061,9IXL,118,4,0
1062,7SMZ,225,4,0
1063,4JX1,241,4,0
1064,6GK6,248,4,0
1065,2GQX,255,4,0
1066,6WZP,278,4,0
1067,4ICT,4,5,0
1068,8JC3,16,5,0
1069,2NNJ,76,5,0
1070,8FKB,103,5,0
1071,8FJO,104,5,0
1072,6J83,131,5,0
1073,9CJG,140,5,0
1074,2XC3,153,5,0
1075,3OFT,160,5,0
1076,5ESM,187,5,0
1077,7DLS,209,5,0
1078,1Q5D,227,5,0
1079,8Q6Y,242,5,0
1080,7SHI,249,5,0
1081,2GQX,255,5,0
1082,8RTV,260,5,0
1083,4HGH,267,5,0
1084,5UVB,279,5,0
1085,6XAL,291,5,0
1086,7Y0P,17,7,0
1087,6WGW,135,7,0
1088,5GXG,150,7,0
1089,7TNU,164,7,0
1090,1Q5D,227,7,0
1091,6HQL,245,7,0
1092,4WQ0,257,7,0
1093,4IPS,264,7,0
1094,3EKD,272,7,0
1095,5V5Z,50,8,0
1096,8GK3,93,8,0
1097,9KG5,134,8,0
1098,2WHF,158,8,0
1099,3BEN,221,8,0
1100,2NZ5,229,8,0
1101,2A1O,236,8,0
1102,4JX1,241,8,0
1103,7ZQR,254,8,0
1104,4O4P,274,8,0
1105,8K1X,32,9,0
1106,7QAN,49,9,0
1107,2FDV,74,9,0
1108,1ODO,100,9,0
1109,7XBO,138,9,0
1110,7RYA,191,9,0
1111,1SE6,213,9,0
1112,4L4E,235,9,0
1113,3EJB,265,9,0
1114,7Y9L,0,10,0
1115,6HN8,7,10,0
1116,3K1O,42,10,0
1117,8FIC,47,10,0
1118,3DSI,61,10,0
1119,6F88,102,10,0
1120,2WI9,127,10,0
1121,3WEC,217,10,0
1122,2A1O,236,10,0
1123,7S3T,290,10,0
1124,4UBS,2,11,0
1125,3WVS,22,11,0
1126,4H1N,69,11,0
1127,5TL8,79,11,0
1128,3ZPI,139,11,0
1129,7TP5,162,11,0
1130,5ESG,184,11,0
1131,8RTV,260,11,0
1132,7S3T,290,11,0
1133,6HN8,7,12,0
1134,8GDI,13,12,0
1135,8HNZ,27,12,0
1136,5HS1,38,12,0
1137,8FZ8,44,12,0
1138,5FRB,55,12,0
1139,4R21,63,12,0
1140,5UFG,68,12,0
1141,3MVR,70,12,0
1142,4Y8W,77,12,0
1143,5TL8,79,12,0
1144,4COH,82,12,0
1145,3B99,88,12,0
1146,6F88,102,12,0
1147,7LAD,107,12,0
1148,8HGE,117,12,0
1149,2XC3,153,12,0
1150,3OFT,160,12,0
1151,9DX9,161,12,0
1152,6TO2,171,12,0
1153,4J6C,172,12,0
1154,5FYG,182,12,0
1155,4ZE1,185,12,0
1156,5IT1,197,12,0
1157,3CV9,205,12,0
1158,6M4P,216,12,0
1159,6JLV,220,12,0
1160,2YOO,230,12,0
1161,6WFL,240,12,0
1162,7SHI,249,12,0
1163,7ZQR,254,12,0
1164,2GQX,255,12,0
1165,4HGH,267,12,0
1166,3EKD,272,12,0
1167,2UWH,273,12,0
1168,6H1O,275,12,0
1169,7TQM,280,12,0
1170,7Y0P,17,13,0
1171,4TPO,35,13,0
1172,3B99,88,13,0
1173,6M7X,89,13,0
1174,2HI4,101,13,0
1175,7YD9,120,13,0
1176,9IY1,174,13,0
1177,6ZI3,208,13,0
1178,1RF9,239,13,0
1179,8Q6Y,242,13,0
1180,6XAL,291,13,0
1181,8U1I,10,14,0
1182,8QRD,23,14,0
1183,7OW9,24,14,0
1184,3TBG,66,14,0
1185,9JQM,97,14,0
1186,1RF9,239,14,0
1187,8QYI,256,14,0
1188,4EK1,282,14,0
1189,1JIP,289,14,0
1190,3TIK,40,15,0
1191,3MVR,70,15,0
1192,4COH,82,15,0
1193,6M7X,89,15,0
1194,7WZM,96,15,0
1195,2XFH,112,15,0
1196,8JUA,136,15,0
1197,6B11,141,15,0
1198,9G9R,149,15,0
1199,2WHF,158,15,0
1200,3E5K,179,15,0
1201,6L3A,200,15,0
1202,1N40,204,15,0
1203,3WEC,217,15,0
1204,8DSG,224,15,0
1205,7V43,246,15,0
1206,3EJB,265,15,0
1207,4DTZ,276,15,0
1208,1QMQ,284,15,0
1209,4UBS,2,17,0
1210,8FIC,47,17,0
1211,8AMQ,48,17,0
1212,3DSI,61,17,0
1213,6A16,90,17,0
1214,6LAA,110,17,0
1215,7YDD,119,17,0
1216,8S53,142,17,0
1217,6G5Q,168,17,0
1218,6TO2,171,17,0
1219,1S1F,212,17,0
1220,7TEF,233,17,0
1221,6WFL,240,17,0
1222,6GK6,248,17,0
1223,8QYI,256,17,0
1224,9ISU,277,17,0
1225,7TQM,280,17,0
1226,5GWE,281,17,0
1227,6XAL,291,17,0
1228,8GDI,13,18,0
1229,6CR2,56,18,0
1230,8EKT,80,18,0
1231,8GK3,93,18,0
1232,6LAA,110,18,0
1233,3ZKP,111,18,0
1234,7CL8,145,18,0
1235,2XBK,183,18,0
1236,1P2Y,286,18,0
1237,5V5Z,50,19,0
1238,2X2N,52,19,0
1239,5FRB,55,19,0
1240,5UFG,68,19,0
1241,3B99,88,19,0
1242,7XBO,138,19,0
1243,9CJG,140,19,0
1244,2XC3,153,19,0
1245,2NZ5,229,19,0
1246,5M0P,30,20,0
1247,8K1X,32,20,0
1248,5TZ1,54,20,0
1249,9MS2,94,20,0
1250,6J87,143,20,0
1251,7ZB9,151,20,0
1252,7TP5,162,20,0
1253,5ESG,184,20,0
1254,5JTD,270,20,0
1255,6HN8,7,21,0
1256,7P5T,29,21,0
1257,8K1X,32,21,0
1258,4COH,82,21,0
1259,8VWK,133,21,0
1260,6WGW,135,21,0
1261,7TNU,164,21,0
1262,2D0E,214,21,0
1263,6M4P,216,21,0
1264,4G3J,11,22,0
1265,8AMQ,48,22,0
1266,7QAN,49,22,0
1267,3DSK,62,22,0
1268,7YDB,121,22,0
1269,9DX9,161,22,0
1270,7TNU,164,22,0
1271,5FYG,182,22,0
1272,4JX1,241,22,0
1273,3P99,12,23,0
1274,5NCB,19,23,0
1275,7P5T,29,23,0
1276,3DSK,62,23,0
1277,4OQR,113,23,0
1278,8W1K,132,23,0
1279,4PXH,148,23,0
1280,6T0F,152,23,0
1281,2XC3,153,23,0
1282,8G35,165,23,0
1283,4C9L,173,23,0
1284,7RY8,186,23,0
1285,7JJ1,195,23,0
1286,1N40,204,23,0
1287,2D09,211,23,0
1288,7SMZ,225,23,0
1289,2YOO,230,23,0
1290,6HQL,245,23,0
1291,4HGH,267,23,0
1292,4UBS,2,24,0
1293,4ICT,4,24,0
1294,1EUP,5,24,0
1295,6HN8,7,24,0
1296,1JPZ,9,24,0
1297,8U1I,10,24,0
1298,7Y0R,15,24,0
1299,6YCO,20,24,0
1300,7OW9,24,24,0
1301,5M0P,30,24,0
1302,7Q89,34,24,0
1303,3P3Z,37,24,0
1304,3GW9,39,24,0
1305,8FIC,47,24,0
1306,8AMQ,48,24,0
1307,8VZ7,58,24,0
1308,5X23,59,24,0
1309,5A5I,60,24,0
1310,3DSK,62,24,0
1311,4R21,63,24,0
1312,3E6I,64,24,0
1313,3TBG,66,24,0
1314,5UDA,67,24,0
1315,4H1N,69,24,0
1316,1NR6,72,24,0
1317,4COH,82,24,0
1318,3PM0,83,24,0
1319,4NZ2,85,24,0
1320,6M7X,89,24,0
1321,8GK3,93,24,0
1322,7SH5,99,24,0
1323,2HI4,101,24,0
1324,8FJO,104,24,0
1325,6F0C,109,24,0
1326,6LAA,110,24,0
1327,5E58,125,24,0
1328,8JUA,136,24,0
1329,7XBO,138,24,0
1330,6J87,143,24,0
1331,5FOI,147,24,0
1332,4PXH,148,24,0
1333,6KFW,157,24,0
1334,2WHF,158,24,0
1335,3OFT,160,24,0
1336,2VE3,166,24,0
1337,1N97,169,24,0
1338,6TO2,171,24,0
1339,9IY1,174,24,0
1340,7ZZL,176,24,0
1341,8JNQ,178,24,0
1342,5ESG,184,24,0
1343,8VK6,190,24,0
1344,1H5Z,192,24,0
1345,9CV8,199,24,0
1346,6BLD,203,24,0
1347,6ZI3,208,24,0
1348,2D09,211,24,0
1349,6JLV,220,24,0
1350,3BEN,221,24,0
1351,7SMZ,225,24,0
1352,6HQD,226,24,0
1353,2NZ5,229,24,0
1354,5LI7,232,24,0
1355,4L4E,235,24,0
1356,4JX1,241,24,0
1357,7QWN,253,24,0
1358,4WQ0,257,24,0
1359,4IPS,264,24,0
1360,4DUE,266,24,0
1361,8YB2,271,24,0
1362,6H1O,275,24,0
1363,6WZP,278,24,0
1364,1RE9,285,24,0
1365,1P2Y,286,24,0
1366,6XAL,291,24,0
1367,4UBS,2,25,0
1368,1JPZ,9,25,0
1369,5NCB,19,25,0
1370,7P5T,29,25,0
1371,5JLC,43,25,0
1372,2WX2,51,25,0
1373,3MVR,70,25,0
1374,4Y8W,77,25,0
1375,4BJK,78,25,0
1376,4C0C,81,25,0
1377,3B99,88,25,0
1378,9JQM,97,25,0
1379,8FKB,103,25,0
1380,9RXH,114,25,0
1381,7YD9,120,25,0
1382,5E58,125,25,0
1383,7XBO,138,25,0
1384,2Y5N,144,25,0
1385,5XJN,156,25,0
1386,7TP5,162,25,0
1387,3ABA,180,25,0
1388,7RY8,186,25,0
1389,5EAF,188,25,0
1390,4LXJ,189,25,0
1391,7JJ1,195,25,0
1392,6MCW,196,25,0
1393,1T93,210,25,0
1394,5DE9,215,25,0
1395,6M4P,216,25,0
1396,6HQQ,244,25,0
1397,6HQL,245,25,0
1398,1F4T,251,25,0
1399,7QWN,253,25,0
1400,6A7J,259,25,0
1401,4O4P,274,25,0
1402,5GWE,281,25,0
1403,1DZ9,287,25,0
1404,3WVS,22,26,0
1405,4C0C,81,26,0
1406,4OQR,113,26,0
1407,3OFT,160,26,0
1408,5IT1,197,26,0
1409,3CV9,205,26,0
1410,8YB2,271,26,0
1411,6H1O,275,26,0
1412,1P2Y,286,26,0
1413,6J95,21,27,0
1414,5JLC,43,27,0
1415,2WV2,53,27,0
1416,1NR6,72,27,0
1417,6WGW,135,27,0
1418,3OFT,160,27,0
1419,4J6C,172,27,0
1420,3IW1,201,27,0
1421,6XAL,291,27,0
1422,5UFG,68,28,0
1423,3PM0,83,28,0
1424,7E7F,98,28,0
1425,4PXH,148,28,0
1426,7ZB9,151,28,0
1427,2XC3,153,28,0
1428,4ZE1,185,28,0
1429,3IW1,201,28,0
1430,1J51,288,28,0
1431,4CK8,1,39,0
1432,4ICT,4,39,0
1433,7Y98,14,39,0
1434,7Y0R,15,39,0
1435,5A5I,60,39,0
1436,3T3Q,75,39,0
1437,4I8V,84,39,0
1438,3B99,88,39,0
1439,6A15,92,39,0
1440,7E7F,98,39,0
1441,8G35,165,39,0
1442,7RY8,186,39,0
1443,7JJ1,195,39,0
1444,5B2X,222,39,0
1445,2GQX,255,39,0
1446,6H1O,275,39,0
1447,4DTZ,276,39,0
1448,1DZ9,287,39,0
1449,1J51,288,39,0
1450,7WYG,33,40,0
1451,5FRB,55,40,0
1452,6CSD,65,40,0
1453,5TL8,79,40,0
1454,2XFH,112,40,0
1455,3NV6,130,40,0
1456,6KFW,157,40,0
1457,7RYA,191,40,0
1458,2H7R,283,40,0
1459,3P3Z,37,46,0
1460,3GW9,39,46,0
1461,8FZ8,44,46,0
1462,6CR2,56,46,0
1463,3DSK,62,46,0
1464,4R21,63,46,0
1465,3B6H,87,46,0
1466,3NV6,130,46,0
1467,7XBO,138,46,0
1468,2WHF,158,46,0
1469,6TO2,171,46,0
1470,3ABA,180,46,0
1471,5FYG,182,46,0
1472,5ESM,187,46,0
1473,9CV8,199,46,0
1474,8Q6Y,242,46,0
1475,7QKE,252,46,0
1476,6LDL,258,46,0
1477,4DUE,266,46,0
1478,9ISU,277,46,0
1479,7P6L,45,47,0
1480,3B6H,87,47,0
1481,8HGE,117,47,0
1482,7XBO,138,47,0
1483,7TP5,162,47,0
1484,1N97,169,47,0
1485,8JNC,181,47,0
1486,1Q5D,227,47,0
1487,3N9Y,263,47,0
1488,5JTD,270,47,0
1489,3TBG,66,48,0
1490,8EKT,80,48,0
1491,6A17,91,48,0
1492,6F88,102,48,0
1493,6LAA,110,48,0
1494,9RXH,114,48,0
1495,9CJG,140,48,0
1496,9DOE,163,48,0
1497,6G5Q,168,48,0
1498,4J6C,172,48,0
1499,8JNC,181,48,0
1500,5FYG,182,48,0
1501,9CV8,199,48,0
1502,2D09,211,48,0
1503,2D0E,214,48,0
1504,1Q5D,227,48,0
1505,7TEF,233,48,0
1506,7V43,246,48,0
1507,3N9Y,263,48,0
1508,5A5I,60,49,0
1509,2FDV,74,49,0
1510,2CD8,137,49,0
1511,3ZPI,139,49,0
1512,9CJG,140,49,0
1513,2VE3,166,49,0
1514,6TO2,171,49,0
1515,7TEF,233,49,0
1516,7S3T,290,49,0
1517,4G3J,11,50,0
1518,7QAN,49,50,0
1519,3E6I,64,50,0
1520,2FDV,74,50,0
1521,6F0C,109,50,0
1522,7YDB,121,50,0
1523,9CJG,140,50,0
1524,2XC3,153,50,0
1525,6TO2,171,50,0
1526,4J6C,172,50,0
1527,8D8P,175,50,0
1528,5ESG,184,50,0
1529,6ZI3,208,50,0
1530,7DLS,209,50,0
1531,1SE6,213,50,0
1532,5B2X,222,50,0
1533,8Q6Y,242,50,0
1534,3N9Y,263,50,0
1535,6H1O,275,50,0
1536,6XAL,291,50,0
1537,1EUP,5,51,0
1538,5M0O,31,51,0
1539,5UDA,67,51,0
1540,6M7X,89,51,0
1541,8W1K,132,51,0
1542,3ZPI,139,51,0
1543,4J6C,172,51,0
1544,2XBK,183,51,0
1545,6ZI3,208,51,0
1546,6XA2,6,52,0
1547,5NCB,19,52,0
1548,3DSK,62,52,0
1549,9RXH,114,52,0
1550,9IY1,174,52,0
1551,7ZZL,176,52,0
1552,6M4P,216,52,0
1553,7QKE,252,52,0
1554,8QYI,256,52,0
1555,1JPZ,9,53,0
1556,4UYM,41,53,0
1557,6F0C,109,53,0
1558,9CJG,140,53,0
1559,2Y5N,144,53,0
1560,5L92,170,53,0
1561,1H5Z,192,53,0
1562,8Q6Y,242,53,0
1563,4O4P,274,53,0
1564,4EK1,282,53,0
1565,1EUP,5,54,0
1566,8AMQ,48,54,0
1567,5TL8,79,54,0
1568,9JQM,97,54,0
1569,7MK8,106,54,0
1570,4OQR,113,54,0
1571,5L92,170,54,0
1572,6HQQ,244,54,0
1573,1RE9,285,54,0
1574,7Y98,14,55,0
1575,5JLC,43,55,0
1576,5FRB,55,55,0
1577,5UFG,68,55,0
1578,3B6H,87,55,0
1579,9CJG,140,55,0
1580,3OFT,160,55,0
1581,6M4P,216,55,0
1582,9ISU,277,55,0
1583,3WVS,22,56,0
1584,9MS2,94,56,0
1585,7YDD,119,56,0
1586,7ZZL,176,56,0
1587,8ABS,177,56,0
1588,3E5K,179,56,0
1589,7RYA,191,56,0
1590,3WEC,217,56,0
1591,6GK6,248,56,0
1592,3EKD,272,56,0
1593,4G3J,11,58,0
1594,6YCM,18,58,0
1595,3E6I,64,58,0
1596,5UFG,68,58,0
1597,3NV6,130,58,0
1598,8W1K,132,58,0
1599,7TNU,164,58,0
1600,1N97,169,58,0
1601,7ZQR,254,58,0
1602,6A7J,259,58,0
1603,8FKB,103,59,0
1604,8W1K,132,59,0
1605,6J87,143,59,0
1606,8VK6,190,59,0
1607,7RYA,191,59,0
1608,6ZI3,208,59,0
1609,7V43,246,59,0
1610,2GQX,255,59,0
1611,2UWH,273,59,0
1612,6HN8,7,60,0
1613,8HNZ,27,60,0
1614,8K1X,32,60,0
1615,7WYG,33,60,0
1616,7Q89,34,60,0
1617,3GW9,39,60,0
1618,6C94,46,60,0
1619,2WV2,53,60,0
1620,5TZ1,54,60,0
1621,3DSI,61,60,0
1622,4H1N,69,60,0
1623,3PM0,83,60,0
1624,6M7X,89,60,0
1625,6A15,92,60,0
1626,8GK3,93,60,0
1627,6F88,102,60,0
1628,3ZKP,111,60,0
1629,4OQR,113,60,0
1630,7YD9,120,60,0
1631,2WI9,127,60,0
1632,8VWK,133,60,0
1633,9KG5,134,60,0
1634,2CD8,137,60,0
1635,3ZPI,139,60,0
1636,6B11,141,60,0
1637,5FOI,147,60,0
1638,2WHF,158,60,0
1639,9DX9,161,60,0
1640,9DOE,163,60,0
1641,6G5Q,168,60,0
1642,4J6C,172,60,0
1643,3E5K,179,60,0
1644,4LXJ,189,60,0
1645,8VK6,190,60,0
1646,7RYA,191,60,0
1647,6BLD,203,60,0
1648,3CV9,205,60,0
1649,7DLS,209,60,0
1650,3WEC,217,60,0
1651,8DSG,224,60,0
1652,2NZ5,229,60,0
1653,6KBH,231,60,0
1654,4DNJ,234,60,0
1655,7SHI,249,60,0
1656,6LDL,258,60,0
1657,3NA0,262,60,0
1658,3EJB,265,60,0
1659,4DUE,266,60,0
1660,8YB2,271,60,0
1661,2UWH,273,60,0
1662,4DTZ,276,60,0
1663,6WZP,278,60,0
1664,7TQM,280,60,0
1665,5GWE,281,60,0
1666,1P2Y,286,60,0
1667,6XAL,291,60,0
1668,7Y0P,17,61,0
1669,5M0O,31,61,0
1670,5UDA,67,61,0
1671,4EJI,73,61,0
1672,4Y8W,77,61,0
1673,4BJK,78,61,0
1674,9JQM,97,61,0
1675,7CL8,145,61,0
1676,2UVN,155,61,0
1677,4KKY,3,75,0
1678,7Y98,14,75,0
1679,6YCO,20,75,0
1680,8HNZ,27,75,0
1681,7P5T,29,75,0
1682,8FIC,47,75,0
1683,8AMQ,48,75,0
1684,3TBG,66,75,0
1685,1NR6,72,75,0
1686,3T3Q,75,75,0
1687,8EKT,80,75,0
1688,4C0C,81,75,0
1689,4NZ2,85,75,0
1690,3B99,88,75,0
1691,8GK3,93,75,0
1692,7E7F,98,75,0
1693,1ODO,100,75,0
1694,8HGE,117,75,0
1695,8JUA,136,75,0
1696,6B11,141,75,0
1697,2WHF,158,75,0
1698,6TO2,171,75,0
1699,9IY1,174,75,0
1700,7RY8,186,75,0
1701,5EAF,188,75,0
1702,1H5Z,192,75,0
1703,5DE9,215,75,0
1704,4ZF8,218,75,0
1705,6HQL,245,75,0
1706,7SHI,249,75,0
1707,7QWN,253,75,0
1708,3N9Y,263,75,0
1709,8YB2,271,75,0
1710,4O4P,274,75,0
1711,9ISU,277,75,0
1712,7S3T,290,75,0
1713,6XAL,291,75,0
1714,6C94,46,76,0
1715,3B6H,87,76,0
1716,8FKB,103,76,0
1717,6LAA,110,76,0
1718,8HGE,117,76,0
1719,5E58,125,76,0
1720,3BEN,221,76,0
1721,1Q5D,227,76,0
1722,3N9Y,263,76,0
1723,4C0C,81,77,0
1724,6F0C,109,77,0
1725,9DX9,161,77,0
1726,5EAF,188,77,0
1727,2W0A,193,77,0
1728,6ZI3,208,77,0
1729,3BEN,221,77,0
1730,6KBH,231,77,0
1731,7CL9,243,77,0
1732,1RE9,285,77,0
1733,4UYM,41,78,0
1734,8FIC,47,78,0
1735,5X23,59,78,0
1736,5A5I,60,78,0
1737,4C0C,81,78,0
1738,6F88,102,78,0
1739,6LAA,110,78,0
1740,5ESG,184,78,0
1741,2GQX,255,78,0
1742,7Y0R,15,79,0
1743,2FDV,74,79,0
1744,3B99,88,79,0
1745,9JQM,97,79,0
1746,3DBM,105,79,0
1747,3ZPI,139,79,0
1748,6KFW,157,79,0
1749,7SMZ,225,79,0
1750,1Q5D,227,79,0
1751,6XAL,291,79,0
1752,4ICT,4,80,0
1753,7OW9,24,80,0
1754,5FRB,55,80,0
1755,3MVR,70,80,0
1756,4EJI,73,80,0
1757,5YHJ,115,80,0
1758,6J87,143,80,0
1759,7ZB9,151,80,0
1760,6TO2,171,80,0
1761,4ZE1,185,80,0
1762,5ESM,187,80,0
1763,8VK6,190,80,0
1764,5IT1,197,80,0
1765,6ZI3,208,80,0
1766,8Q6Y,242,80,0
1767,6HQQ,244,80,0
1768,7ZQR,254,80,0
1769,6A7J,259,80,0
1770,6WZP,278,80,0
1771,4UYM,41,81,0
1772,2WX2,51,81,0
1773,8VWK,133,81,0
1774,3ABA,180,81,0
1775,6HQQ,244,81,0
1776,1Z8O,247,81,0
1777,7TQM,280,81,0
1778,4EK1,282,81,0
1779,7S3T,290,81,0
1780,6YCO,20,82,0
1781,3WVS,22,82,0
1782,9KPU,36,82,0
1783,3K1O,42,82,0
1784,6CR2,56,82,0
1785,2Y5N,144,82,0
1786,2X5W,154,82,0
1787,1RF9,239,82,0
1788,7SHI,249,82,0
1789,5GWE,281,82,0
1790,4G3J,11,83,0
1791,8GDI,13,83,0
1792,5UFG,68,83,0
1793,4BJK,78,83,0
1794,8G35,165,83,0
1795,6L3A,200,83,0
1796,4JX1,241,83,0
1797,7ZQR,254,83,0
1798,1DZ9,287,83,0
1799,1JPZ,9,84,0
1800,8QRD,23,84,0
1801,9KPU,36,84,0
1802,8FIC,47,84,0
1803,2WV2,53,84,0
1804,4C27,86,84,0
1805,8W1K,132,84,0
1806,1N40,204,84,0
1807,1QMQ,284,84,0
1808,3DSK,62,86,0
1809,5TL8,79,86,0
1810,5E58,125,86,0
1811,3OFT,160,86,0
1812,6LY4,167,86,0
1813,9IY1,174,86,0
1814,2D09,211,86,0
1815,1Z8O,247,86,0
1816,7SHI,249,86,0
1817,9ISU,277,86,0
1818,6J95,21,93,0
1819,7YDL,123,93,0
1820,5E58,125,93,0
1821,8EUH,129,93,0
1822,7TP5,162,93,0
1823,6ZI3,208,93,0
1824,4ZF8,218,93,0
1825,6A7J,259,93,0
1826,4O4P,274,93,0
1827,7Y9J,8,94,0
1828,5X23,59,94,0
1829,7WZM,96,94,0
1830,7E7F,98,94,0
1831,8B2P,198,94,0
1832,1Q5D,227,94,0
1833,2YOO,230,94,0
1834,7V43,246,94,0
1835,7QKE,252,94,0
1836,8QYI,256,94,0
1837,4EK1,282,94,0
1838,8GDI,13,98,0
1839,7Y0P,17,98,0
1840,3GW9,39,98,0
1841,4R21,63,98,0
1842,1NR6,72,98,0
1843,4C27,86,98,0
1844,4OQR,113,98,0
1845,5E58,125,98,0
1846,3ZPI,139,98,0
1847,2XC3,153,98,0
1848,9DOE,163,98,0
1849,2XBK,183,98,0
1850,7RYA,191,98,0
1851,9CV8,199,98,0
1852,1Q5D,227,98,0
1853,7V43,246,98,0
1854,3EJB,265,98,0
1855,6WZP,278,98,0
1856,2H7R,283,98,0
1857,4UBS,2,99,0
1858,6VXV,26,99,0
1859,5JLC,43,99,0
1860,5TZ1,54,99,0
1861,6CR2,56,99,0
1862,4NZ2,85,99,0
1863,4C27,86,99,0
1864,3B6H,87,99,0
1865,6F88,102,99,0
1866,2WI9,127,99,0
1867,8VWK,133,99,0
1868,2CD8,137,99,0
1869,3ZPI,139,99,0
1870,2CIB,194,99,0
1871,7DLS,209,99,0
1872,2D09,211,99,0
1873,6M4P,216,99,0
1874,8Q6Y,242,99,0
1875,7TQM,280,99,0
1876,7Y0P,17,102,0
1877,6YCM,18,102,0
1878,5X23,59,102,0
1879,7E7F,98,102,0
1880,6F88,102,102,0
1881,2XFH,112,102,0
1882,4ZE1,185,102,0
1883,4DNJ,234,102,0
1884,4L4E,235,102,0
1885,1Z8O,247,102,0
1886,4O4P,274,102,0
1887,4KKY,3,103,0
1888,7OW9,24,103,0
1889,7WYG,33,103,0
1890,6C94,46,103,0
1891,4C27,86,103,0
1892,3DBM,105,103,0
1893,7CL8,145,103,0
1894,6T0F,152,103,0
1895,2GQX,255,103,0
1896,3WVS,22,104,0
1897,9KPU,36,104,0
1898,4NZ2,85,104,0
1899,6WGW,135,104,0
1900,9G9R,149,104,0
1901,7SHI,249,104,0
1902,6H1O,275,104,0
1903,7S3T,290,104,0
1904,6XAL,291,104,0
1905,8HNZ,27,105,0
1906,8HGE,117,105,0
1907,7YFT,122,105,0
1908,2XBK,183,105,0
1909,3CV9,205,105,0
1910,3N9Y,263,105,0
1911,1RE9,285,105,0
1912,1DZ9,287,105,0
1913,1J51,288,105,0
1914,6HN8,7,106,0
1915,8JC3,16,106,0
1916,8FZ8,44,106,0
1917,7P6L,45,106,0
1918,5E58,125,106,0
1919,6L3A,200,106,0
1920,5DE9,215,106,0
1921,6KBH,231,106,0
1922,6HQL,245,106,0
1923,4I8V,84,107,0
1924,3B6H,87,107,0
1925,6A17,91,107,0
1926,8FKB,103,107,0
1927,7YFT,122,107,0
1928,7CL8,145,107,0
1929,8D8P,175,107,0
1930,6ZI3,208,107,0
1931,5E78,268,107,0
1932,1JPZ,9,108,0
1933,5HS1,38,108,0
1934,8FIC,47,108,0
1935,3TBG,66,108,0
1936,4C27,86,108,0
1937,5E58,125,108,0
1938,3E5K,179,108,0
1939,1Z8O,247,108,0
1940,6H1O,275,108,0
1941,7Y9L,0,109,0
1942,5X23,59,109,0
1943,5IUT,71,109,0
1944,2NNJ,76,109,0
1945,6M7X,89,109,0
1946,6G5Q,168,109,0
1947,3ABA,180,109,0
1948,5IT1,197,109,0
1949,1F4T,251,109,0
1950,3N9Y,263,109,0
1951,8U1I,10,113,0
1952,3K1O,42,113,0
1953,7P6L,45,113,0
1954,8W1K,132,113,0
1955,7ZZL,176,113,0
1956,4ZE1,185,113,0
1957,4ZF8,218,113,0
1958,4IPS,264,113,0
1959,2UWH,273,113,0
1960,1EUP,5,115,0
1961,5X23,59,115,0
1962,6A15,92,115,0
1963,9MS2,94,115,0
1964,7YDL,123,115,0
1965,2WI9,127,115,0
1966,2WHF,158,115,0
1967,3OFT,160,115,0
1968,6MCW,196,115,0
1969,2H7R,283,115,0
1970,7Y98,14,117,0
1971,7QAN,49,117,0
1972,5TL8,79,117,0
1973,4COH,82,117,0
1974,6A16,90,117,0
1975,4Z5Q,126,117,0
1976,8JNQ,178,117,0
1977,8Q6Y,242,117,0
1978,7SHI,249,117,0
1979,4HGH,267,117,0
1980,4UBS,2,119,0
1981,7Q89,34,119,0
1982,4H6O,57,119,0
1983,6CSD,65,119,0
1984,2NNJ,76,119,0
1985,7TP5,162,119,0
1986,1S1F,212,119,0
1987,7QWN,253,119,0
1988,5GWE,281,119,0
1989,4KKY,3,120,0
1990,4G3J,11,120,0
1991,8JC3,16,120,0
1992,4TPO,35,120,0
1993,5V5Z,50,120,0
1994,2WV2,53,120,0
1995,4R21,63,120,0
1996,5TL8,79,120,0
1997,3B99,88,120,0
1998,7LAD,107,120,0
1999,2XFH,112,120,0
2000,7YDD,119,120,0
2001,8W1K,132,120,0
2002,8VWK,133,120,0
2003,2Y5N,144,120,0
2004,2X5W,154,120,0
2005,2UVN,155,120,0
2006,5XJN,156,120,0
2007,7TNU,164,120,0
2008,5L92,170,120,0
2009,9CV8,199,120,0
2010,3IW1,201,120,0
2011,1S1F,212,120,0
2012,6M4P,216,120,0
2013,5LI7,232,120,0
2014,4L4E,235,120,0
2015,2A1O,236,120,0
2016,1F4T,251,120,0
2017,2WX2,51,124,0
2018,6CSD,65,124,0
2019,4NZ2,85,124,0
2020,4C27,86,124,0
2021,8HKJ,108,124,0
2022,8HGE,117,124,0
2023,7YDD,119,124,0
2024,4Z5Q,126,124,0
2025,2CD8,137,124,0
2026,2WHF,158,124,0
2027,1N97,169,124,0
2028,9IY1,174,124,0
2029,3ABA,180,124,0
2030,6MCW,196,124,0
2031,6L3A,200,124,0
2032,9KW2,206,124,0
2033,1RF9,239,124,0
2034,1RE9,285,124,0
2035,1P2Y,286,124,0
2036,1JIP,289,124,0
2037,3P3Z,37,125,0
2038,8FIC,47,125,0
2039,6CR2,56,125,0
2040,3DSI,61,125,0
2041,3MVR,70,125,0
2042,4BJK,78,125,0
2043,6M7X,89,125,0
2044,6F88,102,125,0
2045,5YHJ,115,125,0
2046,9IXL,118,125,0
2047,8VWK,133,125,0
2048,6WGW,135,125,0
2049,3R9B,159,125,0
2050,8JNQ,178,125,0
2051,5FYG,182,125,0
2052,1N40,204,125,0
2053,7V43,246,125,0
2054,1DZ9,287,125,0
2055,7S3T,290,125,0
2056,5NCB,19,133,0
2057,3E6I,64,133,0
2058,4C27,86,133,0
2059,6M7X,89,133,0
2060,2HI4,101,133,0
2061,5FOI,147,133,0
2062,2UVN,155,133,0
2063,5XJN,156,133,0
2064,7SMZ,225,133,0
2065,5JTD,270,133,0
2066,6XA2,6,134,0
2067,7Y98,14,134,0
2068,6YCM,18,134,0
2069,5M0P,30,134,0
2070,4OQR,113,134,0
2071,8HGB,116,134,0
2072,5E58,125,134,0
2073,5GXG,150,134,0
2074,5XJN,156,134,0
2075,9DX9,161,134,0
2076,7ZZL,176,134,0
2077,2XBK,183,134,0
2078,7RY8,186,134,0
2079,8VK6,190,134,0
2080,6MCW,196,134,0
2081,5IT1,197,134,0
2082,6BLD,203,134,0
2083,1N40,204,134,0
2084,6M4P,216,134,0
2085,3BEN,221,134,0
2086,6HQD,226,134,0
2087,4DNJ,234,134,0
2088,4DUE,266,134,0
2089,3EKD,272,134,0
2090,4O4P,274,134,0
2091,4DTZ,276,134,0
2092,4EK1,282,134,0
2093,1P2Y,286,134,0
2094,5TZ1,54,135,0
2095,8EKT,80,135,0
2096,6M7X,89,135,0
2097,3ZKP,111,135,0
2098,7YDB,121,135,0
2099,1N40,204,135,0
2100,1Q5D,227,135,0
2101,7SHI,249,135,0
2102,6A7J,259,135,0
2103,7Y0R,15,136,0
2104,5JLC,43,136,0
2105,5V5Z,50,136,0
2106,2WX2,51,136,0
2107,5X23,59,136,0
2108,4R21,63,136,0
2109,7SH5,99,136,0
2110,4OQR,113,136,0
2111,7YFT,122,136,0
2112,7TP5,162,136,0
2113,6LY4,167,136,0
2114,3ABA,180,136,0
2115,2CIB,194,136,0
2116,9JHW,207,136,0
2117,3WEC,217,136,0
2118,8Q6Y,242,136,0
2119,2UWH,273,136,0
2120,6H1O,275,136,0
2121,6XAL,291,136,0
2122,4CK8,1,138,0
2123,7WYG,33,138,0
2124,7QAN,49,138,0
2125,5V5Z,50,138,0
2126,5TZ1,54,138,0
2127,4Y8W,77,138,0
2128,7ZZL,176,138,0
2129,2D0E,214,138,0
2130,8Q6Y,242,138,0
2131,8FZ8,44,139,0
2132,4R21,63,139,0
2133,2NNJ,76,139,0
2134,6A15,92,139,0
2135,7E7F,98,139,0
2136,7YFT,122,139,0
2137,7ZZL,176,139,0
2138,3E5K,179,139,0
2139,8QYI,256,139,0
2140,8U1I,10,142,0
2141,8K1X,32,142,0
2142,6C94,46,142,0
2143,5V5Z,50,142,0
2144,5UDA,67,142,0
2145,3BEN,221,142,0
2146,7TEF,233,142,0
2147,6HQL,245,142,0
2148,7V43,246,142,0
2149,7OW9,24,143,0
2150,5M0O,31,143,0
2151,5V5Z,50,143,0
2152,5FYG,182,143,0
2153,1S1F,212,143,0
2154,5LI7,232,143,0
2155,4L4E,235,143,0
2156,7QKE,252,143,0
2157,4IPS,264,143,0
2158,4TPO,35,145,0
2159,4UYM,41,145,0
2160,5FRB,55,145,0
2161,6A15,92,145,0
2162,7YDD,119,145,0
2163,8EUH,129,145,0
2164,8W1K,132,145,0
2165,3BEN,221,145,0
2166,8DSG,224,145,0
2167,5UVB,279,145,0
2168,7S3T,290,145,0
2169,1EUP,5,146,0
2170,2X2N,52,146,0
2171,1NR6,72,146,0
2172,4C27,86,146,0
2173,8HGB,116,146,0
2174,9KG5,134,146,0
2175,3R9B,159,146,0
2176,8JNC,181,146,0
2177,1Q5D,227,146,0
2178,1EUP,5,151,0
2179,5HS1,38,151,0
2180,3GW9,39,151,0
2181,8FIC,47,151,0
2182,2Y5N,144,151,0
2183,5ESM,187,151,0
2184,8VK6,190,151,0
2185,6L3A,200,151,0
2186,1N40,204,151,0
2187,3GW9,39,152,0
2188,5JLC,43,152,0
2189,7YDB,121,152,0
2190,7XBO,138,152,0
2191,7TP5,162,152,0
2192,2VE3,166,152,0
2193,4LXJ,189,152,0
2194,2D0E,214,152,0
2195,8DSG,224,152,0
2196,7Y0P,17,153,0
2197,3PM0,83,153,0
2198,6A15,92,153,0
2199,7LAD,107,153,0
2200,3NV6,130,153,0
2201,6J83,131,153,0
2202,6WGW,135,153,0
2203,2CD8,137,153,0
2204,5GXG,150,153,0
2205,3OFT,160,153,0
2206,4ZE1,185,153,0
2207,6M4P,216,153,0
2208,6JLV,220,153,0
2209,7TEF,233,153,0
2210,6HQQ,244,153,0
2211,3EKD,272,153,0
2212,4DTZ,276,153,0
2213,7TQM,280,153,0
2214,5GWE,281,153,0
2215,4EK1,282,153,0
2216,7Y9L,0,157,0
2217,6CR2,56,157,0
2218,3DSK,62,157,0
2219,1NR6,72,157,0
2220,8FKB,103,157,0
2221,8EUH,129,157,0
2222,7TP5,162,157,0
2223,8G35,165,157,0
2224,8D8P,175,157,0
2225,2D09,211,157,0
2226,5TZ1,54,158,0
2227,1N97,169,158,0
2228,2W0A,193,158,0
2229,7JJ1,195,158,0
2230,6MCW,196,158,0
2231,5B2X,222,158,0
2232,6HQD,226,158,0
2233,1RF9,239,158,0
2234,6HQQ,244,158,0
2235,1EUP,5,159,0
2236,6HN8,7,159,0
2237,6J83,131,159,0
2238,5FYG,182,159,0
2239,4ZE1,185,159,0
2240,7RY8,186,159,0
2241,5ESM,187,159,0
2242,6L3A,200,159,0
2243,7ZQR,254,159,0
2244,4CK8,1,160,0
2245,3P99,12,160,0
2246,8QRD,23,160,0
2247,5Z9J,28,160,0
2248,5M0P,30,160,0
2249,5A5I,60,160,0
2250,8HKJ,108,160,0
2251,9RXH,114,160,0
2252,6WGW,135,160,0
2253,2CD8,137,160,0
2254,2X5W,154,160,0
2255,6KFW,157,160,0
2256,4C9L,173,160,0
2257,6L3A,200,160,0
2258,6M4P,216,160,0
2259,1PKF,228,160,0
2260,1Z8O,247,160,0
2261,1J51,288,160,0
2262,7S3T,290,160,0
2263,6FYJ,25,161,0
2264,3GW9,39,161,0
2265,2X2N,52,161,0
2266,6A17,91,161,0
2267,7YDD,119,161,0
2268,8VK6,190,161,0
2269,4JX1,241,161,0
2270,1RE9,285,161,0
2271,1DZ9,287,161,0
2272,8HNZ,27,162,0
2273,7Q89,34,162,0
2274,5FRB,55,162,0
2275,5X23,59,162,0
2276,3E6I,64,162,0
2277,7YDD,119,162,0
2278,7ZB9,151,162,0
2279,4ZF8,218,162,0
2280,6H1O,275,162,0
2281,3P99,12,169,0
2282,6YCM,18,169,0
2283,9KPU,36,169,0
2284,2WV2,53,169,0
2285,5IUT,71,169,0
2286,9G9R,149,169,0
2287,3IW1,201,169,0
2288,1SE6,213,169,0
2289,6KBH,231,169,0
2290,6VXV,26,170,0
2291,4Y8W,77,170,0
2292,7SH5,99,170,0
2293,3ZPI,139,170,0
2294,7TP5,162,170,0
2295,1H5Z,192,170,0
2296,6M4P,216,170,0
2297,6KBH,231,170,0
2298,1RE9,285,170,0
2299,7OW9,24,172,0
2300,4TPO,35,172,0
2301,2NNJ,76,172,0
2302,4NZ2,85,172,0
2303,9JHW,207,172,0
2304,5DE9,215,172,0
2305,6KBH,231,172,0
2306,6WFL,240,172,0
2307,7QWN,253,172,0
2308,7Y9L,0,175,0
2309,8AMQ,48,175,0
2310,6CSD,65,175,0
2311,1ODO,100,175,0
2312,6B11,141,175,0
2313,5GXG,150,175,0
2314,6HQD,226,175,0
2315,6HQQ,244,175,0
2316,5UVB,279,175,0
2317,7Y0R,15,176,0
2318,2X2N,52,176,0
2319,3DSK,62,176,0
2320,4BJK,78,176,0
2321,4COH,82,176,0
2322,1ODO,100,176,0
2323,7LAD,107,176,0
2324,2X5W,154,176,0
2325,6LY4,167,176,0
2326,7V43,246,176,0
2327,1JPZ,9,177,0
2328,8U1I,10,177,0
2329,6VXV,26,177,0
2330,5FRB,55,177,0
2331,5UFG,68,177,0
2332,8EKT,80,177,0
2333,8FKB,103,177,0
2334,7TEF,233,177,0
2335,6A7J,259,177,0
2336,7WYG,33,178,0
2337,6A15,92,178,0
2338,7E7F,98,178,0
2339,7SH5,99,178,0
2340,6J83,131,178,0
2341,5ESM,187,178,0
2342,5EAF,188,178,0
2343,7SHI,249,178,0
2344,1F4T,251,178,0
2345,7Y0P,17,179,0
2346,6FYJ,25,179,0
2347,3MVR,70,179,0
2348,8HGE,117,179,0
2349,2Y5N,144,179,0
2350,9G9R,149,179,0
2351,3E5K,179,179,0
2352,1F4T,251,179,0
2353,1QMQ,284,179,0
2354,2X2N,52,180,0
2355,4R21,63,180,0
2356,4Y8W,77,180,0
2357,8HKJ,108,180,0
2358,9CJG,140,180,0
2359,2X5W,154,180,0
2360,3R9B,159,180,0
2361,3OFT,160,180,0
2362,3CV9,205,180,0
2363,6WFL,240,180,0
2364,7OW9,24,185,0
2365,9KPU,36,185,0
2366,5UFG,68,185,0
2367,6WGW,135,185,0
2368,4PXH,148,185,0
2369,2UVN,155,185,0
2370,7TNU,164,185,0
2371,6M4P,216,185,0
2372,7ZQR,254,185,0
2373,1EUP,5,186,0
2374,8JC3,16,186,0
2375,4TPO,35,186,0
2376,8FIC,47,186,0
2377,3DBM,105,186,0
2378,6T0F,152,186,0
2379,7TNU,164,186,0
2380,1PKF,228,186,0
2381,1DZ9,287,186,0
2382,7Y0R,15,187,0
2383,7QAN,49,187,0
2384,3DBM,105,187,0
2385,8W1K,132,187,0
2386,2VE3,166,187,0
2387,9IY1,174,187,0
2388,2D0E,214,187,0
2389,3EJB,265,187,0
2390,9ISU,277,187,0
2391,6J95,21,191,0
2392,5M0O,31,191,0
2393,8FIC,47,191,0
2394,8VZ7,58,191,0
2395,4OQR,113,191,0
2396,8ABS,177,191,0
2397,4ZE1,185,191,0
2398,8DSG,224,191,0
2399,6LDL,258,191,0
2400,8RTV,260,191,0
2401,1DZ9,287,191,0
2402,4UYM,41,192,0
2403,8FJO,104,192,0
2404,8W1K,132,192,0
2405,8JNQ,178,192,0
2406,5ESM,187,192,0
2407,7DLS,209,192,0
2408,5UVB,279,192,0
2409,1P2Y,286,192,0
2410,1J51,288,192,0
2411,8U1I,10,193,0
2412,6YCO,20,193,0
2413,6VXV,26,193,0
2414,2FDV,74,193,0
2415,7DLS,209,193,0
2416,1Q5D,227,193,0
2417,7V43,246,193,0
2418,7SHI,249,193,0
2419,1F4T,251,193,0
2420,5A5I,60,205,0
2421,3DSI,61,205,0
2422,3DSK,62,205,0
2423,7LAD,107,205,0
2424,8HGB,116,205,0
2425,5E58,125,205,0
2426,2CD8,137,205,0
2427,5ESG,184,205,0
2428,3BEN,221,205,0
2429,4ICT,4,206,0
2430,5NCB,19,206,0
2431,3DSK,62,206,0
2432,6LAA,110,206,0
2433,2Y5N,144,206,0
2434,8JNC,181,206,0
2435,7CL9,243,206,0
2436,7QKE,252,206,0
2437,5GWE,281,206,0
2438,5UFG,68,209,0
2439,6M7X,89,209,0
2440,6A15,92,209,0
2441,8FKB,103,209,0
2442,9G9R,149,209,0
2443,6KFW,157,209,0
2444,3OFT,160,209,0
2445,3CV9,205,209,0
2446,6HQD,226,209,0
2447,7P6L,45,214,0
2448,4EJI,73,214,0
2449,8FKB,103,214,0
2450,3ZKP,111,214,0
2451,7RYA,191,214,0
2452,7JJ1,195,214,0
2453,9JHW,207,214,0
2454,3BEN,221,214,0
2455,1Q5D,227,214,0
2456,2NZ5,229,214,0
2457,7P6L,45,215,0
2458,1ODO,100,215,0
2459,5CWE,124,215,0
2460,2CD8,137,215,0
2461,9CJG,140,215,0
2462,8G35,165,215,0
2463,4J6C,172,215,0
2464,6A7J,259,215,0
2465,1JIP,289,215,0
2466,5HS1,38,217,0
2467,3TIK,40,217,0
2468,6A16,90,217,0
2469,7WZM,96,217,0
2470,4OQR,113,217,0
2471,8HGB,116,217,0
2472,9DX9,161,217,0
2473,1S1F,212,217,0
2474,7CL9,243,217,0
2475,7V43,246,217,0
2476,3WVS,22,218,0
2477,7OW9,24,218,0
2478,8FIC,47,218,0
2479,6J87,143,218,0
2480,2Y5N,144,218,0
2481,7ZB9,151,218,0
2482,8D8P,175,218,0
2483,6WFL,240,218,0
2484,6HQL,245,218,0
2485,4TPO,35,219,0
2486,8FIC,47,219,0
2487,3DSK,62,219,0
2488,9DOE,163,219,0
2489,3IW1,201,219,0
2490,4ZF8,218,219,0
2491,6HQD,226,219,0
2492,3EKD,272,219,0
2493,5UVB,279,219,0
2494,5Z9J,28,220,0
2495,3DSI,61,220,0
2496,3TBG,66,220,0
2497,2FDV,74,220,0
2498,8HGB,116,220,0
2499,2WI9,127,220,0
2500,7CL8,145,220,0
2501,7TNU,164,220,0
2502,6G5Q,168,220,0
2503,6WZP,278,220,0
2504,6XA2,6,225,0
2505,3TIK,40,225,0
2506,3B6H,87,225,0
2507,2CD8,137,225,0
2508,9CJG,140,225,0
2509,8S53,142,225,0
2510,2Y5N,144,225,0
2511,5FOI,147,225,0
2512,6BLD,203,225,0
2513,6JLV,220,225,0
2514,7CL9,243,225,0
2515,2GQX,255,225,0
2516,4ICT,4,226,0
2517,5HS1,38,226,0
2518,8FIC,47,226,0
2519,6CSD,65,226,0
2520,6A17,91,226,0
2521,7XBO,138,226,0
2522,6BLD,203,226,0
2523,9JHW,207,226,0
2524,4DTZ,276,226,0
2525,7Y9L,0,227,0
2526,4KKY,3,227,0
2527,7Y9J,8,227,0
2528,6J95,21,227,0
2529,5Z9J,28,227,0
2530,4TPO,35,227,0
2531,7TP5,162,227,0
2532,7RYA,191,227,0
2533,1T93,210,227,0
2534,8JC3,16,233,0
2535,6YCM,18,233,0
2536,5NCB,19,233,0
2537,8FJO,104,233,0
2538,9RXH,114,233,0
2539,7TP5,162,233,0
2540,2CIB,194,233,0
2541,1RF9,239,233,0
2542,3NA0,262,233,0
2543,3GW9,39,234,0
2544,7QAN,49,234,0
2545,3ABA,180,234,0
2546,6ZI3,208,234,0
2547,6JLV,220,234,0
2548,4L4E,235,234,0
2549,7QWN,253,234,0
2550,4HGH,267,234,0
2551,5UVB,279,234,0
2552,5GWE,281,234,0
2553,4UBS,2,235,0
2554,4UYM,41,235,0
2555,3K1O,42,235,0
2556,2WV2,53,235,0
2557,9JQM,97,235,0
2558,5CWE,124,235,0
2559,3R9B,159,235,0
2560,4ZE1,185,235,0
2561,7DLS,209,235,0
2562,4UBS,2,236,0
2563,7Y98,14,236,0
2564,5NCB,19,236,0
2565,6FYJ,25,236,0
2566,8FJO,104,236,0
2567,7LAD,107,236,0
2568,5E58,125,236,0
2569,2WI9,127,236,0
2570,3R9B,159,236,0
2571,3EKD,272,236,0
2572,4CK8,1,241,0
2573,4KKY,3,241,0
2574,8FZ8,44,241,0
2575,4NZ2,85,241,0
2576,6F88,102,241,0
2577,9DX9,161,241,0
2578,6BLD,203,241,0
2579,6HQD,226,241,0
2580,5LI7,232,241,0
2581,3WVS,22,242,0
2582,4UYM,41,242,0
2583,5V5Z,50,242,0
2584,3MVR,70,242,0
2585,6A17,91,242,0
2586,4Z5Q,126,242,0
2587,8D8P,175,242,0
2588,5FYG,182,242,0
2589,3NA0,262,242,0
2590,8U1I,10,243,0
2591,6J95,21,243,0
2592,8FIC,47,243,0
2593,2NNJ,76,243,0
2594,4ZF8,218,243,0
2595,6KBH,231,243,0
2596,2A1O,236,243,0
2597,1F4T,251,243,0
2598,3EKD,272,243,0
2599,7Q89,34,245,0
2600,4C27,86,245,0
2601,3B99,88,245,0
2602,7E7F,98,245,0
2603,2HI4,101,245,0
2604,3DBM,105,245,0
2605,7ZZL,176,245,0
2606,3EJB,265,245,0
2607,8YB2,271,245,0
2608,5M0O,31,246,0
2609,2WX2,51,246,0
2610,3DSK,62,246,0
2611,6CSD,65,246,0
2612,8VK6,190,246,0
2613,3WEC,217,246,0
2614,4WQ0,257,246,0
2615,6A7J,259,246,0
2616,2UWH,273,246,0
2617,4G3J,11,247,0
2618,5TZ1,54,247,0
2619,3DSI,61,247,0
2620,4H1N,69,247,0
2621,7ZB9,151,247,0
2622,7ZZL,176,247,0
2623,7DLS,209,247,0
2624,6GK6,248,247,0
2625,6LDL,258,247,0
2626,5Z9J,28,248,0
2627,7QAN,49,248,0
2628,9IXL,118,248,0
2629,6WGW,135,248,0
2630,7TP5,162,248,0
2631,5L92,170,248,0
2632,3CV9,205,248,0
2633,6JLV,220,248,0
2634,1JIP,289,248,0
2635,7Y9J,8,259,0
2636,8GDI,13,259,0
2637,7Y98,14,259,0
2638,8FIC,47,259,0
2639,3DSI,61,259,0
2640,4H1N,69,259,0
2641,3MVR,70,259,0
2642,5IUT,71,259,0
2643,2NNJ,76,259,0
2644,4BJK,78,259,0
2645,8EKT,80,259,0
2646,3PM0,83,259,0
2647,4I8V,84,259,0
2648,3B99,88,259,0
2649,6A16,90,259,0
2650,6F88,102,259,0
2651,8HGB,116,259,0
2652,8VWK,133,259,0
2653,7XBO,138,259,0
2654,3ZPI,139,259,0
2655,2XC3,153,259,0
2656,9DX9,161,259,0
2657,8G35,165,259,0
2658,8VK6,190,259,0
2659,6MCW,196,259,0
2660,6ZI3,208,259,0
2661,1S1F,212,259,0
2662,2D0E,214,259,0
2663,4ZF8,218,259,0
2664,6HQQ,244,259,0
2665,6GK6,248,259,0
2666,1F4T,251,259,0
2667,5E78,268,259,0
2668,6WZP,278,259,0
2669,5UVB,279,259,0
2670,5GWE,281,259,0
2671,1QMQ,284,259,0
2672,1EUP,5,273,0
2673,3WVS,22,273,0
2674,5M0P,30,273,0
2675,3DSI,61,273,0
2676,9RXH,114,273,0
2677,2UVN,155,273,0
2678,8B2P,198,273,0
2679,2A1O,236,273,0
2680,9ISU,277,273,0
2681,1J51,288,273,0
2682,8HNZ,27,274,0
2683,2WV2,53,274,0
2684,3DSI,61,274,0
2685,3DSK,62,274,0
2686,7YDD,119,274,0
2687,7YD9,120,274,0
2688,9DOE,163,274,0
2689,6HQQ,244,274,0
2690,1RE9,285,274,0
2691,4EJI,73,275,0
2692,6A17,91,275,0
2693,1ODO,100,275,0
2694,8JNQ,178,275,0
2695,4LXJ,189,275,0
2696,9CV8,199,275,0
2697,2NZ5,229,275,0
2698,6GK6,248,275,0
2699,7TQM,280,275,0
2700,8JC3,16,276,0
2701,8AMQ,48,276,0
2702,5FRB,55,276,0
2703,5UFG,68,276,0
2704,5IUT,71,276,0
2705,6BLD,203,276,0
2706,9KW2,206,276,0
2707,1T93,210,276,0
2708,1Z8O,247,276,0
2709,3EKD,272,276,0
2710,6J95,21,287,0
2711,5M0O,31,287,0
2712,8AMQ,48,287,0
2713,6M7X,89,287,0
2714,7E7F,98,287,0
2715,4Z5Q,126,287,0
2716,8JNQ,178,287,0
2717,6ZI3,208,287,0
2718,6WFL,240,287,0
2719,5GWE,281,287,0
2720,8U1I,10,301,0
2721,8FZ8,44,301,0
2722,6CSD,65,301,0
2723,4NZ2,85,301,0
2724,3DBM,105,301,0
2725,6LAA,110,301,0
2726,4C9L,173,301,0
2727,3CV9,205,301,0
2728,2D09,211,301,0
2729,1JIP,289,301,0
2730,7Y0P,17,302,0
2731,3E6I,64,302,0
2732,9RXH,114,302,0
2733,6WGW,135,302,0
2734,2XC3,153,302,0
2735,8G35,165,302,0
2736,2VE3,166,302,0
2737,9KW2,206,302,0
2738,8RTV,260,302,0
2739,6VXV,26,303,0
2740,8HNZ,27,303,0
2741,7WYG,33,303,0
2742,3DSI,61,303,0
2743,1ODO,100,303,0
2744,8FJO,104,303,0
2745,5ESM,187,303,0
2746,2NZ5,229,303,0
2747,4WQ0,257,303,0
2748,7TQM,280,303,0
2749,9KPU,36,304,0
2750,3P3Z,37,304,0
2751,4R21,63,304,0
2752,4C27,86,304,0
2753,8HGB,116,304,0
2754,7YDB,121,304,0
2755,9CJG,140,304,0
2756,4LXJ,189,304,0
2757,1F4T,251,304,0
2758,7Y9J,8,305,0
2759,6YCM,18,305,0
2760,3P3Z,37,305,0
2761,2WV2,53,305,0
2762,8D8P,175,305,0
2763,4LXJ,189,305,0
2764,1S1F,212,305,0
2765,3WEC,217,305,0
2766,7S3T,290,305,0
2767,3P99,12,306,0
2768,6J95,21,306,0
2769,3GW9,39,306,0
2770,5FRB,55,306,0
2771,1ODO,100,306,0
2772,2XFH,112,306,0
2773,6J83,131,306,0
2774,6G5Q,168,306,0
2775,6L3A,200,306,0
2776,8QYI,256,306,0
2777,7Y9L,0,307,0
2778,5FRB,55,307,0
2779,2FDV,74,307,0
2780,8EKT,80,307,0
2781,4C0C,81,307,0
2782,6A16,90,307,0
2783,8JNC,181,307,0
2784,2XBK,183,307,0
2785,8VK6,190,307,0
2786,5JLC,43,308,0
2787,5X23,59,308,0
2788,5A5I,60,308,0
2789,3MVR,70,308,0
2790,6F0C,109,308,0
2791,3NV6,130,308,0
2792,6B11,141,308,0
2793,3EKD,272,308,0
2794,2H7R,283,308,0
2795,1JPZ,9,309,0
2796,7WYG,33,309,0
2797,5X23,59,309,0
2798,5UFG,68,309,0
2799,6LAA,110,309,0
2800,9G9R,149,309,0
2801,1T93,210,309,0
2802,8YB2,271,309,0
2803,5GWE,281,309,0
2804,8VZ7,58,313,0
2805,3TBG,66,313,0
2806,5UDA,67,313,0
2807,6M7X,89,313,0
2808,9MS2,94,313,0
2809,3ZKP,111,313,0
2810,8HGE,117,313,0
2811,2W0A,193,313,0
2812,6WZP,278,313,0
2813,8QRD,23,314,0
2814,3DBM,105,314,0
2815,5GXG,150,314,0
2816,7JJ1,195,314,0
2817,3CV9,205,314,0
2818,6HQQ,244,314,0
2819,8QYI,256,314,0
2820,6LDL,258,314,0
2821,2H7R,283,314,0
2822,6XA2,6,326,0
2823,3P3Z,37,326,0
2824,1NR6,72,326,0
2825,4BJK,78,326,0
2826,4C0C,81,326,0
2827,3B99,88,326,0
2828,8VWK,133,326,0
2829,9KG5,134,326,0
2830,9CJG,140,326,0
2831,9G9R,149,326,0
2832,3R9B,159,326,0
2833,9DX9,161,326,0
2834,1N97,169,326,0
2835,5ESM,187,326,0
2836,3IW1,201,326,0
2837,6HQD,226,326,0
2838,4DNJ,234,326,0
2839,8RTV,260,326,0
2840,6WZP,278,326,0
2841,1EUP,5,327,0
2842,8U1I,10,327,0
2843,6YCO,20,327,0
2844,7OW9,24,327,0
2845,6VXV,26,327,0
2846,7P6L,45,327,0
2847,3DBM,105,327,0
2848,4OQR,113,327,0
2849,5YHJ,115,327,0
2850,8HGE,117,327,0
2851,2CD8,137,327,0
2852,6J87,143,327,0
2853,5FOI,147,327,0
2854,7ZZL,176,327,0
2855,8JNQ,178,327,0
2856,4LXJ,189,327,0
2857,8VK6,190,327,0
2858,3CV9,205,327,0
2859,9KW2,206,327,0
2860,1T93,210,327,0
2861,2D09,211,327,0
2862,6M4P,216,327,0
2863,7SMZ,225,327,0
2864,4L4E,235,327,0
2865,8Q6Y,242,327,0
2866,6GK6,248,327,0
2867,7SHI,249,327,0
2868,2UWH,273,327,0
2869,1EUP,5,328,0
2870,8GDI,13,328,0
2871,3WVS,22,328,0
2872,5FRB,55,328,0
2873,4NZ2,85,328,0
2874,6A17,91,328,0
2875,5E58,125,328,0
2876,8W1K,132,328,0
2877,5YSW,146,328,0
2878,4PXH,148,328,0
2879,3R9B,159,328,0
2880,7TNU,164,328,0
2881,1N40,204,328,0
2882,7DLS,209,328,0
2883,1T93,210,328,0
2884,6HQQ,244,328,0
2885,7V43,246,328,0
2886,4WQ0,257,328,0
2887,7S3T,290,328,0
2888,4UBS,2,329,0
2889,7P5T,29,329,0
2890,3TIK,40,329,0
2891,6CSD,65,329,0
2892,4Z5Q,126,329,0
2893,6KFW,157,329,0
2894,8ABS,177,329,0
2895,4ZE1,185,329,0
2896,9CV8,199,329,0
2897,1N40,204,329,0
2898,2D0E,214,329,0
2899,4ZF8,218,329,0
2900,3BEN,221,329,0
2901,7ZQR,254,329,0
2902,4DUE,266,329,0
2903,5E78,268,329,0
2904,7TQM,280,329,0
2905,1J51,288,329,0
2906,6XAL,291,329,0
2907,7Y0P,17,331,0
2908,3WVS,22,331,0
2909,3B99,88,331,0
2910,6A16,90,331,0
2911,8GK3,93,331,0
2912,3NV6,130,331,0
2913,6HQD,226,331,0
2914,5LI7,232,331,0
2915,2H7R,283,331,0
2916,4KKY,3,332,0
2917,8GDI,13,332,0
2918,7P6L,45,332,0
2919,4H6O,57,332,0
2920,3NV6,130,332,0
2921,4C9L,173,332,0
2922,1SE6,213,332,0
2923,4IPS,264,332,0
2924,4DTZ,276,332,0
2925,6XA2,6,333,0
2926,4G3J,11,333,0
2927,7Y0R,15,333,0
2928,6CSD,65,333,0
2929,4NZ2,85,333,0
2930,6A16,90,333,0
2931,1S1F,212,333,0
2932,3EJB,265,333,0
2933,8YB2,271,333,0
2934,7Y9J,8,334,0
2935,8FZ8,44,334,0
2936,2FDV,74,334,0
2937,7WZM,96,334,0
2938,6WGW,135,334,0
2939,9DX9,161,334,0
2940,5B2X,222,334,0
2941,3NA0,262,334,0
2942,9ISU,277,334,0
2943,8JC3,16,335,0
2944,6VXV,26,335,0
2945,4EJI,73,335,0
2946,4BJK,78,335,0
2947,2XFH,112,335,0
2948,7XBO,138,335,0
2949,6J87,143,335,0
2950,5IT1,197,335,0
2951,3EJB,265,335,0
2952,6H1O,275,335,0
2953,8K1X,32,336,0
2954,4I8V,84,336,0
2955,8HKJ,108,336,0
2956,9CJG,140,336,0
2957,6B11,141,336,0
2958,9CV8,199,336,0
2959,3BEN,221,336,0
2960,2NZ5,229,336,0
2961,7V43,246,336,0
2962,5JLC,43,337,0
2963,4H6O,57,337,0
2964,4C0C,81,337,0
2965,7LAD,107,337,0
2966,4PXH,148,337,0
2967,5L92,170,337,0
2968,6HQD,226,337,0
2969,2YOO,230,337,0
2970,4DNJ,234,337,0
2971,7SHI,249,337,0
2972,6C94,46,338,0
2973,5UFG,68,338,0
2974,3ZKP,111,338,0
2975,5GXG,150,338,0
2976,2UVN,155,338,0
2977,1H5Z,192,338,0
2978,1N40,204,338,0
2979,2NZ5,229,338,0
2980,6KBH,231,338,0
2981,6YCM,18,339,0
2982,8K1X,32,339,0
2983,3P3Z,37,339,0
2984,4C27,86,339,0
2985,3B99,88,339,0
2986,8HKJ,108,339,0
2987,3ZKP,111,339,0
2988,8JNC,181,339,0
2989,2H7R,283,339,0
2990,7P6L,45,340,0
2991,6CSD,65,340,0
2992,8EKT,80,340,0
2993,4NZ2,85,340,0
2994,3CV9,205,340,0
2995,6M4P,216,340,0
2996,6HQD,226,340,0
2997,6HQL,245,340,0
2998,8YB2,271,340,0
2999,6C94,46,341,0
3000,5A5I,60,341,0
3001,3B99,88,341,0
3002,9JQM,97,341,0
3003,4OQR,113,341,0
3004,9IXL,118,341,0
3005,6B11,141,341,0
3006,1H5Z,192,341,0
3007,6LDL,258,341,0
3008,7TQM,280,341,0
3009,7Y98,14,342,0
3010,5Z9J,28,342,0
3011,6CSD,65,342,0
3012,2NNJ,76,342,0
3013,3B6H,87,342,0
3014,6A15,92,342,0
3015,6T0F,152,342,0
3016,2CIB,194,342,0
3017,8RTV,260,342,0
3018,7QAN,49,343,0
3019,9JQM,97,343,0
3020,6LY4,167,343,0
3021,8D8P,175,343,0
3022,6L3A,200,343,0
3023,6GK6,248,343,0
3024,6LDL,258,343,0
3025,3N9Y,263,343,0
3026,4DUE,266,343,0
3027,7Y0P,17,344,0
3028,4Y8W,77,344,0
3029,2XFH,112,344,0
3030,9KG5,134,344,0
3031,2XC3,153,344,0
3032,5L92,170,344,0
3033,1T93,210,344,0
3034,8DSG,224,344,0
3035,6HQD,226,344,0
3036,4CK8,1,345,0
3037,8JC3,16,345,0
3038,9KPU,36,345,0
3039,3GW9,39,345,0
3040,4PXH,148,345,0
3041,7ZB9,151,345,0
3042,7TNU,164,345,0
3043,2CIB,194,345,0
3044,2D0E,214,345,0
3045,7Y98,14,346,0
3046,8QRD,23,346,0
3047,8EUH,129,346,0
3048,3ZPI,139,346,0
3049,5FOI,147,346,0
3050,6TO2,171,346,0
3051,5ESM,187,346,0
3052,6HQD,226,346,0
3053,8Q6Y,242,346,0
3054,2H7R,283,346,0
3055,7Y9L,0,347,0
3056,4H6O,57,347,0
3057,5X23,59,347,0
3058,7LAD,107,347,0
3059,7YFT,122,347,0
3060,5FOI,147,347,0
3061,6G5Q,168,347,0
3062,9ISU,277,347,0
3063,1JIP,289,347,0
3064,7Y98,14,350,0
3065,6J95,21,350,0
3066,8K1X,32,350,0
3067,6F88,102,350,0
3068,9KG5,134,350,0
3069,5XJN,156,350,0
3070,2W0A,193,350,0
3071,7SMZ,225,350,0
3072,6HQL,245,350,0
3073,3EKD,272,350,0
3074,6HN8,7,351,0
3075,5M0O,31,351,0
3076,7WYG,33,351,0
3077,9KPU,36,351,0
3078,8VZ7,58,351,0
3079,4PXH,148,351,0
3080,6TO2,171,351,0
3081,9IY1,174,351,0
3082,4ZF8,218,351,0
3083,7WYG,33,352,0
3084,2X2N,52,352,0
3085,8JUA,136,352,0
3086,3OFT,160,352,0
3087,3ABA,180,352,0
3088,2XBK,183,352,0
3089,4LXJ,189,352,0
3090,7JJ1,195,352,0
3091,4WQ0,257,352,0
3092,5NCB,19,353,0
3093,6FYJ,25,353,0
3094,4TPO,35,353,0
3095,5UFG,68,353,0
3096,4I8V,84,353,0
3097,3B6H,87,353,0
3098,2WI9,127,353,0
3099,5GXG,150,353,0
3100,5FYG,182,353,0
3101,5M0P,30,354,0
3102,7WYG,33,354,0
3103,5HS1,38,354,0
3104,6A17,91,354,0
3105,8EUH,129,354,0
3106,5FOI,147,354,0
3107,2UVN,155,354,0
3108,4J6C,172,354,0
3109,5E78,268,354,0
3110,7QAN,49,356,0
3111,3MVR,70,356,0
3112,3ZKP,111,356,0
3113,9RXH,114,356,0
3114,9IXL,118,356,0
3115,2VE3,166,356,0
3116,8B2P,198,356,0
3117,3WEC,217,356,0
3118,7TEF,233,356,0
3119,4WQ0,257,356,0
3120,1NR6,72,357,0
3121,2CD8,137,357,0
3122,3ZPI,139,357,0
3123,9G9R,149,357,0
3124,6KFW,157,357,0
3125,5L92,170,357,0
3126,6HQQ,244,357,0
3127,8YB2,271,357,0
3128,5UVB,279,357,0
3129,1EUP,5,358,0
3130,8QRD,23,358,0
3131,7XBO,138,358,0
3132,4C9L,173,358,0
3133,8VK6,190,358,0
3134,1H5Z,192,358,0
3135,6MCW,196,358,0
3136,4DUE,266,358,0
3137,6WZP,278,358,0
3138,3MVR,70,359,0
3139,6A15,92,359,0
3140,6B11,141,359,0
3141,6G5Q,168,359,0
3142,5L92,170,359,0
3143,5ESG,184,359,0
3144,1PKF,228,359,0
3145,2NZ5,229,359,0
3146,1QMQ,284,359,0
3147,7Y98,14,360,0
3148,5HS1,38,360,0
3149,4UYM,41,360,0
3150,5TL8,79,360,0
3151,6LAA,110,360,0
3152,6WGW,135,360,0
3153,8JNQ,178,360,0
3154,9JHW,207,360,0
3155,4ZF8,218,360,0
3156,4DTZ,276,360,0
3157,4G3J,11,361,0
3158,8EKT,80,361,0
3159,3ZKP,111,361,0
3160,4PXH,148,361,0
3161,5EAF,188,361,0
3162,2W0A,193,361,0
3163,2D0E,214,361,0
3164,6M4P,216,361,0
3165,3N9Y,263,361,0
3166,5HS1,38,362,0
3167,4UYM,41,362,0
3168,3DSI,61,362,0
3169,8HKJ,108,362,0
3170,2WI9,127,362,0
3171,3R9B,159,362,0
3172,6L3A,200,362,0
3173,7V43,246,362,0
3174,3EJB,265,362,0
3175,1DZ9,287,362,0
3176,7Y98,14,363,0
3177,9RXH,114,363,0
3178,6B11,141,363,0
3179,8S53,142,363,0
3180,6L3A,200,363,0
3181,7TEF,233,363,0
3182,2A1O,236,363,0
3183,7CL9,243,363,0
3184,8RTV,260,363,0
3185,1EUP,5,364,0
3186,3P3Z,37,364,0
3187,5HS1,38,364,0
3188,1ODO,100,364,0
3189,6B11,141,364,0
3190,3R9B,159,364,0
3191,1T93,210,364,0
3192,4DTZ,276,364,0
3193,1P2Y,286,364,0
3194,8QRD,23,365,0
3195,7Q89,34,365,0
3196,7YDD,119,365,0
3197,6J83,131,365,0
3198,8S53,142,365,0
3199,7TP5,162,365,0
3200,3BEN,221,365,0
3201,8DSG,224,365,0
3202,6HQD,226,365,0
3203,9ISU,277,365,0
3204,2WV2,53,366,0
3205,6CR2,56,366,0
3206,9JQM,97,366,0
3207,8HGE,117,366,0
3208,9CJG,140,366,0
3209,6J87,143,366,0
3210,5ESM,187,366,0
3211,1T93,210,366,0
3212,3EKD,272,366,0
3213,5M0P,30,367,0
3214,4H6O,57,367,0
3215,2FDV,74,367,0
3216,5FYG,182,367,0
3217,8B2P,198,367,0
3218,2YOO,230,367,0
3219,4DNJ,234,367,0
3220,3N9Y,263,367,0
3221,2H7R,283,367,0
3222,6XA2,6,368,0
3223,3GW9,39,368,0
3224,3T3Q,75,368,0
3225,3B6H,87,368,0
3226,9MS2,94,368,0
3227,7CL8,145,368,0
3228,2XC3,153,368,0
3229,3IW1,201,368,0
3230,6ZI3,208,368,0
3231,4G3J,11,370,0
3232,6CSD,65,370,0
3233,8EKT,80,370,0
3234,3ZPI,139,370,0
3235,4J6C,172,370,0
3236,9IY1,174,370,0
3237,8VK6,190,370,0
3238,3EJB,265,370,0
3239,6XAL,291,370,0
3240,8K1X,32,374,0
3241,6MCW,196,374,0
3242,7TEF,233,374,0
3243,7V43,246,374,0
3244,4WQ0,257,374,0
3245,3NA0,262,374,0
3246,2UWH,273,374,0
3247,6H1O,275,374,0
3248,1QMQ,284,374,0
3249,3DSI,61,375,0
3250,6J83,131,375,0
3251,7XBO,138,375,0
3252,8G35,165,375,0
3253,3E5K,179,375,0
3254,1T93,210,375,0
3255,2D09,211,375,0
3256,8Q6Y,242,375,0
3257,6A7J,259,375,0
3258,3EKD,272,375,0
3259,1DZ9,287,375,0
3260,1EUP,5,376,0
3261,7ZB9,151,376,0
3262,7ZZL,176,376,0
3263,5ESM,187,376,0
3264,2W0A,193,376,0
3265,2D0E,214,376,0
3266,7SMZ,225,376,0
3267,8RTV,260,376,0
3268,5GWE,281,376,0
3269,5M0P,30,377,0
3270,7E7F,98,377,0
3271,7ZZL,176,377,0
3272,2D0E,214,377,0
3273,6A7J,259,377,0
3274,3NA0,262,377,0
3275,4HGH,267,377,0
3276,1DZ9,287,377,0
3277,7S3T,290,377,0
3278,7Q89,34,380,0
3279,4TPO,35,380,0
3280,7WZM,96,380,0
3281,9JQM,97,380,0
3282,6WGW,135,380,0
3283,6KFW,157,380,0
3284,1N40,204,380,0
3285,4JX1,241,380,0
3286,4DTZ,276,380,0
3287,3WVS,22,381,0
3288,1NR6,72,381,0
3289,8FJO,104,381,0
3290,8JUA,136,381,0
3291,7CL8,145,381,0
3292,1S1F,212,381,0
3293,1RF9,239,381,0
3294,6A7J,259,381,0
3295,9ISU,277,381,0
3296,6XA2,6,386,0
3297,8HNZ,27,386,0
3298,9KPU,36,386,0
3299,8FZ8,44,386,0
3300,3MVR,70,386,0
3301,3B6H,87,386,0
3302,7MK8,106,386,0
3303,5L92,170,386,0
3304,5LI7,232,386,0
3305,8JC3,16,390,0
3306,6J95,21,390,0
3307,3TIK,40,390,0
3308,9DOE,163,390,0
3309,8ABS,177,390,0
3310,4JX1,241,390,0
3311,1Z8O,247,390,0
3312,7QKE,252,390,0
3313,8RTV,260,390,0
3314,4EK1,282,390,0
3315,7Y0R,15,391,0
3316,8FZ8,44,391,0
3317,6CR2,56,391,0
3318,6KFW,157,391,0
3319,8D8P,175,391,0
3320,2XBK,183,391,0
3321,6L3A,200,391,0
3322,8Q6Y,242,391,0
3323,7QKE,252,391,0
3324,5JTD,270,391,0
3325,7P6L,45,392,0
3326,5IUT,71,392,0
3327,6A17,91,392,0
3328,7E7F,98,392,0
3329,6F0C,109,392,0
3330,6LAA,110,392,0
3331,7CL8,145,392,0
3332,4DNJ,234,392,0
3333,2GQX,255,392,0
3334,4EK1,282,392,0
3335,6XAL,291,392,0
3336,5A5I,60,393,0
3337,3DSI,61,393,0
3338,4R21,63,393,0
3339,7LAD,107,393,0
3340,6F0C,109,393,0
3341,8S53,142,393,0
3342,7TP5,162,393,0
3343,8G35,165,393,0
3344,6G5Q,168,393,0
3345,9JQM,97,394,0
3346,2WHF,158,394,0
3347,1T93,210,394,0
3348,2D09,211,394,0
3349,1RF9,239,394,0
3350,2GQX,255,394,0
3351,8QYI,256,394,0
3352,3EJB,265,394,0
3353,4O4P,274,394,0
3354,5HS1,38,395,0
3355,6C94,46,395,0
3356,3MVR,70,395,0
3357,4I8V,84,395,0
3358,2HI4,101,395,0
3359,5YHJ,115,395,0
3360,9CJG,140,395,0
3361,3R9B,159,395,0
3362,2CIB,194,395,0
3363,1Z8O,247,395,0
3364,8VZ7,58,396,0
3365,4H1N,69,396,0
3366,3B99,88,396,0
3367,8HGB,116,396,0
3368,9CJG,140,396,0
3369,1H5Z,192,396,0
3370,4L4E,235,396,0
3371,7ZQR,254,396,0
3372,6LDL,258,396,0
3373,6XA2,6,412,0
3374,6YCO,20,412,0
3375,3B99,88,412,0
3376,5YHJ,115,412,0
3377,3NV6,130,412,0
3378,2Y5N,144,412,0
3379,2X5W,154,412,0
3380,6M4P,216,412,0
3381,9ISU,277,412,0
3382,8FIC,47,413,0
3383,3DSK,62,413,0
3384,4C0C,81,413,0
3385,2HI4,101,413,0
3386,7MK8,106,413,0
3387,6F0C,109,413,0
3388,2UVN,155,413,0
3389,3OFT,160,413,0
3390,9IY1,174,413,0
3391,2WX2,51,414,0
3392,7MK8,106,414,0
3393,5YSW,146,414,0
3394,5GXG,150,414,0
3395,7ZB9,151,414,0
3396,4C9L,173,414,0
3397,1F4T,251,414,0
3398,8YB2,271,414,0
3399,2UWH,273,414,0
3400,3P3Z,37,415,0
3401,5HS1,38,415,0
3402,4H1N,69,415,0
3403,4C27,86,415,0
3404,5L92,170,415,0
3405,8B2P,198,415,0
3406,9KW2,206,415,0
3407,7SHI,249,415,0
3408,1RE9,285,415,0
3409,3P99,12,416,0
3410,4TPO,35,416,0
3411,3TIK,40,416,0
3412,4EJI,73,416,0
3413,2NNJ,76,416,0
3414,2UVN,155,416,0
3415,4LXJ,189,416,0
3416,7RYA,191,416,0
3417,9KW2,206,416,0
3418,5M0P,30,417,0
3419,6A16,90,417,0
3420,6A15,92,417,0
3421,7YFT,122,417,0
3422,7ZZL,176,417,0
3423,7RY8,186,417,0
3424,3IW1,201,417,0
3425,3CV9,205,417,0
3426,1J51,288,417,0
3427,7OW9,24,418,0
3428,5HS1,38,418,0
3429,2FDV,74,418,0
3430,2WHF,158,418,0
3431,5ESG,184,418,0
3432,5ESM,187,418,0
3433,9JHW,207,418,0
3434,7SHI,249,418,0
3435,1DZ9,287,418,0
3436,1JPZ,9,421,0
3437,8U1I,10,421,0
3438,8HNZ,27,421,0
3439,8AMQ,48,421,0
3440,5YHJ,115,421,0
3441,6G5Q,168,421,0
3442,3ABA,180,421,0
3443,7SMZ,225,421,0
3444,3EKD,272,421,0
3445,6YCM,18,425,0
3446,7Q89,34,425,0
3447,8VWK,133,425,0
3448,9DX9,161,425,0
3449,1N97,169,425,0
3450,5L92,170,425,0
3451,4LXJ,189,425,0
3452,6L3A,200,425,0
3453,2A1O,236,425,0
3454,1RF9,239,425,0
3455,7OW9,24,426,0
3456,4C27,86,426,0
3457,3B6H,87,426,0
3458,6A17,91,426,0
3459,7MK8,106,426,0
3460,7YDD,119,426,0
3461,7XBO,138,426,0
3462,6WZP,278,426,0
3463,1RE9,285,426,0
3464,7Y0P,17,427,0
3465,2NNJ,76,427,0
3466,3B6H,87,427,0
3467,4OQR,113,427,0
3468,8VWK,133,427,0
3469,8ABS,177,427,0
3470,9JHW,207,427,0
3471,4DTZ,276,427,0
3472,6WZP,278,427,0
3473,7Y9L,0,428,0
3474,4CK8,1,428,0
3475,8VZ7,58,428,0
3476,7LAD,107,428,0
3477,7YDB,121,428,0
3478,7XBO,138,428,0
3479,7ZZL,176,428,0
3480,3BEN,221,428,0
3481,4HGH,267,428,0
3482,6CSD,65,430,0
3483,4EJI,73,430,0
3484,7YD9,120,430,0
3485,7YDL,123,430,0
3486,9DX9,161,430,0
3487,6G5Q,168,430,0
3488,5L92,170,430,0
3489,7RYA,191,430,0
3490,6KBH,231,430,0
3491,3TIK,40,432,0
3492,8JUA,136,432,0
3493,3ZPI,139,432,0
3494,4PXH,148,432,0
3495,3OFT,160,432,0
3496,2VE3,166,432,0
3497,5FYG,182,432,0
3498,5ESM,187,432,0
3499,3EJB,265,432,0
3500,8QRD,23,433,0
3501,8FZ8,44,433,0
3502,6C94,46,433,0
3503,4I8V,84,433,0
3504,7E7F,98,433,0
3505,1ODO,100,433,0
3506,2D09,211,433,0
3507,6HQL,245,433,0
3508,1DZ9,287,433,0
3509,1EUP,5,434,0
3510,2FDV,74,434,0
3511,7SH5,99,434,0
3512,6LAA,110,434,0
3513,8EUH,129,434,0
3514,4LXJ,189,434,0
3515,5DE9,215,434,0
3516,5LI7,232,434,0
3517,4L4E,235,434,0
3518,4KKY,3,435,0
3519,6VXV,26,435,0
3520,8VZ7,58,435,0
3521,7TNU,164,435,0
3522,5L92,170,435,0
3523,1S1F,212,435,0
3524,3NA0,262,435,0
3525,3EKD,272,435,0
3526,6WZP,278,435,0
