doi,pmid,title,cyps_affected,cyp_names,url
https://doi.org/10.1021/acssynbio.6b00119,27442619,1. ACS Synth Biol. 2016 Dec 16;5(12):1505-1518. doi: 10.1021/acssynbio.6b00119. Epub 2016 Aug 2.,27,CYP719A6; CYP719A7; CYP719A20; CYP719A25; Sca-2; Gfl-3; Cma-4; Sdi-4; Pbr-3; Sca-3; Cma-3; Gfl-2; Ndo-6; Cch-4; Cch-2; Cch-3; Ndo-2; Xsi-2; Hca-1; Xsi-1; Cch-1; Ndo-4; Gfl-1; Sca-1; Sdi-1; Sdi-2; Cma-2,https://doi.org/10.1021/acssynbio.6b00119
https://doi.org/10.1111/tpj.15634,34907610,1. Plant J. 2022 Mar;109(5):1305-1318. doi: 10.1111/tpj.15634. Epub 2021 Dec 27.,12,Sbar CYP82D1; Sbar CYP82D2; Sbai CYP82D4; Sbai CYP82D5; Sbar CYP82D5; Sbai CYP82D6; Sbar CYP82D6; Sbai CYP82D7; Sbar CYP82D7; Sbai CYP82D8; Sbar CYP82D7; Sbar CYP82D9,https://doi.org/10.1111/tpj.15634
https://doi.org/10.1038/s41477-019-0511-z,31527846,1. Nat Plants. 2019 Oct;5(10):1057-1065. doi: 10.1038/s41477-019-0511-z. Epub 2019  Sep 16.,11,CYP72A7; CYP72A13; CYP72A15; CYP72A17; CYP72A24; CYP72A135; CYP72A151; CYP72A262; CYP72A272; CYP72A484; CYP72A485,https://doi.org/10.1038/s41477-019-0511-z
https://doi.org/10.1111/nph.15055,29479714,1. New Phytol. 2018 Jun;218(4):1522-1533. doi: 10.1111/nph.15055. Epub 2018 Feb,8,CYP711A6; CYP711A7; CYP711A8; CYP711A13; CYP711A17v1; CYP711A17v3; CYP711A18; CYP711A19,https://doi.org/10.1111/nph.15055
https://doi.org/10.1007/s00425-015-2293-5,25916309,1. Planta. 2015 Sep;242(3):561-73. doi: 10.1007/s00425-015-2293-5. Epub 2015 Apr,7,CYP75B66; CYP75B67; CYP75B68; CYP75B69; CYP75B70; CYP75B74; GQ479805,https://doi.org/10.1007/s00425-015-2293-5
https://doi.org/10.1007/s11103-006-0012-0,16830174,1. Plant Mol Biol. 2006 Jun;61(3):365-81. doi: 10.1007/s11103-006-0012-0.,7,CYP75B5; CYP75B6; CYP75B15; CYP75B16; CYP75B17; CYP75B18v2; DQ319866,https://doi.org/10.1007/s11103-006-0012-0
https://doi.org/10.1016/j.molp.2022.12.007,36518072,1. Mol Plant. 2023 Mar 6;16(3):517-532. doi: 10.1016/j.molp.2022.12.007. Epub 2022  Dec 13.,7,CYP706V3; CYP706V4; CYP706V6; CYP706V8; CYP706V9; CYP706V15; CYP706V16,https://doi.org/10.1016/j.molp.2022.12.007
https://doi.org/10.1038/nplants.2016.183,27892922,1. Nat Plants. 2016 Nov 28;2:16183. doi: 10.1038/nplants.2016.183.,6,CYP87D18; CYP87D20; Cm890; Cl890A; Cl890B; CYP88L2,https://doi.org/10.1038/nplants.2016.183
https://doi.org/10.1111/nph.16498,32083753,1. New Phytol. 2020 Oct;228(1):269-284. doi: 10.1111/nph.16498. Epub 2020 Mar 27.,6,Mt FBH-1; Mt FBH-2; Mt FBH-4; Mt FBH-5; Ms FBH-4; Ms FBH-10,https://doi.org/10.1111/nph.16498
https://doi.org/10.1038/s41477-020-00787-9,33106639,1. Nat Plants. 2020 Nov;6(11):1375-1388. doi: 10.1038/s41477-020-00787-9. Epub 2020  Oct 26.,5,CYP71Z19; SbCYP71Z19; CYP81A37; CYP81A38; CYP81A39,https://doi.org/10.1038/s41477-020-00787-9
https://doi.org/10.1111/tpj.13247,27337134,1. Plant J. 2016 Oct;88(2):247-256. doi: 10.1111/tpj.13247. Epub 2016 Aug 31.,5,CYP71C113; CYP71L1; CYP71U5; CYP79A8; CYP79A12,https://doi.org/10.1111/tpj.13247
https://doi.org/10.1038/72671,10657130,1. Nat Biotechnol. 2000 Feb;18(2):208-12. doi: 10.1038/72671.,4,CYP93C5; AF195807; AF195811; AF195812,https://doi.org/10.1038/72671
https://doi.org/10.1007/s11103-006-9028-8,17160453,1. Plant Mol Biol. 2007 Jan;63(1):1-19. doi: 10.1007/s11103-006-9028-8. Epub 2006 Nov 25.,3,CYP98A10; CYP98A11; CYP98A12,https://doi.org/10.1007/s11103-006-9028-8
https://doi.org/10.1038/s41589-018-0078-4,29942076,1. Nat Chem Biol. 2018 Aug;14(8):760-763. doi: 10.1038/s41589-018-0078-4. Epub 2018  Jun 25.,3,CYP71AY1; CYP71AY4; CYP71AY5,https://doi.org/10.1038/s41589-018-0078-4
https://doi.org/10.1111/nph.15795,30883799,1. New Phytol. 2019 Jul;223(1):204-219. doi: 10.1111/nph.15795. Epub 2019 Apr 13.,3,CYP75B3; CYP75B11; CYP75B97,https://doi.org/10.1111/nph.15795
https://doi.org/10.1111/tpj.14373,31038800,1. Plant J. 2019 Sep;99(5):924-936. doi: 10.1111/tpj.14373. Epub 2019 Jun 8.,3,CYP98A23; CYP98A84; CYP98A85,https://doi.org/10.1111/tpj.14373
http://doi.org/10.1126/science.abe4713,33446550,1. Science. 2021 Jan 15;371(6526):255-260. doi: 10.1126/science.abe4713.,2,CYP736A304; CYP736A305,http://doi.org/10.1126/science.abe4713
https://doi.org/10.1007/BF03030533,,"Cloning, characterization, and expression of two cDNA clones for a rice ferulate-5-hydroxylase gene, a cytochrome P450-d",2,OsF5HL1; OsF5HL2,https://doi.org/10.1007/BF03030533
https://doi.org/10.1007/s002990100373,,Cinnamic acid 4-hydroxylase from Lithospermum erythrorhizon: cDNA cloning and gene expression,2,CYP73A30; CYP73A31,https://doi.org/10.1007/s002990100373
https://doi.org/10.1007/s11032-005-2520-z,,Heterologous Expression of Two Gentian Cytochrome P450 Genes can Modulate the Intensity of Flower Pigmentation in Transg,2,Gt F3'H; CYP93B13,https://doi.org/10.1007/s11032-005-2520-z
https://doi.org/10.1016/j.febslet.2007.06.045,17612530,1. FEBS Lett. 2007 Jul 24;581(18):3429-34. doi: 10.1016/j.febslet.2007.06.045. Epub  2007 Jun 27.,2,CYP75B15; CYP75B17,https://doi.org/10.1016/j.febslet.2007.06.045
https://doi.org/10.1016/j.plantsci.2016.05.015,27457995,1. Plant Sci. 2016 Sep;250:188-197. doi: 10.1016/j.plantsci.2016.05.015. Epub 2016  Jun 3.,2,CYP716A78; CYP716A79,https://doi.org/10.1016/j.plantsci.2016.05.015
https://doi.org/10.1016/j.ymben.2014.03.005,24704560,1. Metab Eng. 2014 May;23:145-53. doi: 10.1016/j.ymben.2014.03.005. Epub 2014 Apr,2,CYP71CA1; CYP71CB1,https://doi.org/10.1016/j.ymben.2014.03.005
https://doi.org/10.1038/NPLANTS.2016.183,27892922,1. Nat Plants. 2016 Nov 28;2:16183. doi: 10.1038/nplants.2016.183.,2,Cm180; Cl180,https://doi.org/10.1038/NPLANTS.2016.183
https://doi.org/10.1038/nbt1173,16369540,1. Nat Biotechnol. 2006 Jan;24(1):105-9. doi: 10.1038/nbt1173. Epub 2005 Dec 20.,2,CYP90B2; CYP724B1,https://doi.org/10.1038/nbt1173
https://doi.org/10.1111/tpj.17199,39642193,1. Plant J. 2025 Jan;121(2):e17199. doi: 10.1111/tpj.17199. Epub 2024 Dec 6.,2,CYP71AX30; CYP71BL7,https://doi.org/10.1111/tpj.17199
https://doi.org/10.1126/science.1174095,19779199,1. Science. 2009 Sep 25;325(5948):1688-92. doi: 10.1126/science.1174095.,2,CYP98A8; CYP98A9,https://doi.org/10.1126/science.1174095
https://doi.org/10.1126/science.1259215,25430763,1. Science. 2014 Nov 28;346(6213):1084-8. doi: 10.1126/science.1259215.,2,CYP81Q58; CYP88L2,https://doi.org/10.1126/science.1259215
https://doi.org/10.1038/366276a0,8232589,1. Nature. 1993 Nov 18;366(6452):276-9. doi: 10.1038/366276a0.,2,CYP75A1; CYP75A3,https://doi.org/10.1038/366276a0
https://doi.org/10.1046/j.1365-313X.2003.01893.x,14617078,1. Plant J. 2003 Nov;36(4):471-84. doi: 10.1046/j.1365-313x.2003.01893.x.,2,CYP81E7; CYP81E9,https://doi.org/10.1046/j.1365-313X.2003.01893.x
https://doi.org/10.1093/pcp/pcl003,16943219,1. Plant Cell Physiol. 2006 Oct;47(10):1412-9. doi: 10.1093/pcp/pcl003. Epub 2006 Aug 30.,2,Sb F3'H1; Sb F3'H2,https://doi.org/10.1093/pcp/pcl003
https://doi.org/10.1093/pcp/pcr146,22039103,1. Plant Cell Physiol. 2011 Dec;52(12):2050-61. doi: 10.1093/pcp/pcr146. Epub 2011  Oct 28.,2,CYP716A15; CYP716A17,https://doi.org/10.1093/pcp/pcr146
https://doi.org/10.1111/nph.14139,27560385,1. New Phytol. 2017 Jan;213(1):264-274. doi: 10.1111/nph.14139. Epub 2016 Aug 25.,2,CYP76F12; CYP76T21,https://doi.org/10.1111/nph.14139
https://doi.org/10.1111/tpj.13012,26333142,1. Plant J. 2015 Nov;84(3):478-90. doi: 10.1111/tpj.13012.,2,CYP716A80; CYP716A81,https://doi.org/10.1111/tpj.13012
https://doi.org/10.1111/tpj.15604,34816537,1. Plant J. 2022 Feb;109(4):940-951. doi: 10.1111/tpj.15604. Epub 2021 Dec 7.,2,CYP94D143; CYP94N8,https://doi.org/10.1111/tpj.15604
https://doi.org/10.1006/abbi.2000.1867,10864454,1. Arch Biochem Biophys. 2000 Jul 1;379(1):161-9. doi: 10.1006/abbi.2000.1867.,1,CYP73A17,https://doi.org/10.1006/abbi.2000.1867
https://doi.org/10.1007/s00425-008-0806-1,18726614,1. Planta. 2008 Nov;228(6):1043-54. doi: 10.1007/s00425-008-0806-1. Epub 2008 Aug,1,Os F3'H,https://doi.org/10.1007/s00425-008-0806-1
https://doi.org/10.1007/s00425-019-03332-x,31907631,1. Planta. 2020 Jan 6;251(2):40. doi: 10.1007/s00425-019-03332-x.,1,CYP722C,https://doi.org/10.1007/s00425-019-03332-x
https://doi.org/10.1007/s11103-010-9663-y,20669042,1. Plant Mol Biol. 2010 Sep;74(1-2):167-81. doi: 10.1007/s11103-010-9663-y. Epub 2010 Jul 30.,1,CYP72C1,https://doi.org/10.1007/s11103-010-9663-y
https://doi.org/10.1007/s11427-019-9538-3,31119558,1. Sci China Life Sci. 2019 Jul;62(7):873-882. doi: 10.1007/s11427-019-9538-3. Epub  2019 May 21.,1,CYP87D20,https://doi.org/10.1007/s11427-019-9538-3
https://doi.org/10.1007/s11738-016-2275-7,,Molecular cloning and functional characterization of a cinnamate 4-hydroxylase-encoding gene from Camptotheca acuminata,1,CYP73A67v2,https://doi.org/10.1007/s11738-016-2275-7
https://doi.org/10.1007/s11738-017-2585-4,,Characterization and expression patterns of a cinnamate-4-hydroxylase gene involved in lignin biosynthesis and in respon,1,GbC4H,https://doi.org/10.1007/s11738-017-2585-4
https://doi.org/10.1007/s13562-017-0422-x,,Cloning and molecular characterization of a ferulate-5-hydroxylase gene from water chestnuts (Trapa bicornis Osbeck.),1,TbF5H1,https://doi.org/10.1007/s13562-017-0422-x
https://doi.org/10.1016/S0168-9452(00)00355-1,11164575,1. Plant Sci. 2000 Dec 7;160(1):37-47. doi: 10.1016/s0168-9452(00)00355-1.,1,CYP81E6,https://doi.org/10.1016/S0168-9452(00)00355-1
https://doi.org/10.1016/S0168-9452(02)00098-5,,Molecular and biochemical characterization of torenia flavonoid 3′-hydroxylase and flavone synthase II and modification ,1,CYP75B10,https://doi.org/10.1016/S0168-9452(02)00098-5
https://doi.org/10.1016/S0981-9428(02)01474-2,,Expression of a poplar cDNA encoding a ferulate-5-hydroxylase/coniferaldehyde 5-hydroxylase increases S lignin depositio,1,PopF5H,https://doi.org/10.1016/S0981-9428(02)01474-2
https://doi.org/10.1016/j.phytochem.2009.10.011,19939422,1. Phytochemistry. 2010 Feb;71(2-3):168-78. doi: 10.1016/j.phytochem.2009.10.011. Epub 2009 Nov 24.,1,CYP97B3,https://doi.org/10.1016/j.phytochem.2009.10.011
https://doi.org/10.1016/j.phytochem.2015.02.016,25794893,1. Phytochemistry. 2015 Jul;115:59-69. doi: 10.1016/j.phytochem.2015.02.016. Epub 2015 Mar 17.,1,CYP82D109,https://doi.org/10.1016/j.phytochem.2015.02.016
https://doi.org/10.1016/j.ymben.2017.11.009,29196123,1. Metab Eng. 2018 Jan;45:43-50. doi: 10.1016/j.ymben.2017.11.009. Epub 2017 Nov,1,Uni25647,https://doi.org/10.1016/j.ymben.2017.11.009
https://doi.org/10.1021/acscatal.1c03691,,Cytochrome P450-Catalyzed Biosynthesis of a Dihydrofuran Neoclerodane in Magic Mint (<i>Salvia divinorum</i>),1,CYP76AH39,https://doi.org/10.1021/acscatal.1c03691
https://doi.org/10.1021/acssynbio.1c00065,34259519,1. ACS Synth Biol. 2021 Aug 20;10(8):1874-1881. doi: 10.1021/acssynbio.1c00065. Epub 2021 Jul 14.,1,CYP72A567,https://doi.org/10.1021/acssynbio.1c00065
https://doi.org/10.1021/ja401535g,23570231,1. J Am Chem Soc. 2013 Apr 17;135(15):5885-94. doi: 10.1021/ja401535g. Epub 2013 Apr 9.,1,CYP705A1,https://doi.org/10.1021/ja401535g
https://doi.org/10.1038/nature14907,26352477,1. Nature. 2015 Sep 17;525(7569):376-9. doi: 10.1038/nature14907. Epub 2015 Sep,1,CYP71A12,https://doi.org/10.1038/nature14907
https://doi.org/10.1038/s41477-020-00816-7,33299150,1. Nat Plants. 2020 Dec;6(12):1447-1454. doi: 10.1038/s41477-020-00816-7. Epub 2020  Dec 7.,1,CYP71Z2,https://doi.org/10.1038/s41477-020-00816-7
https://doi.org/10.1039/C5CC01309G,25850027,1. Chem Commun (Camb). 2015 May 4;51(36):7626-8. doi: 10.1039/c5cc01309g.,1,CYP71D1,https://doi.org/10.1039/C5CC01309G
https://doi.org/10.1093/oxfordjournals.pcp.a029004,8819318,1. Plant Cell Physiol. 1996 Jul;37(5):711-6. doi: 10.1093/oxfordjournals.pcp.a029004.,1,CYP75A4,https://doi.org/10.1093/oxfordjournals.pcp.a029004
https://doi.org/10.1093/pcp/pcs106,22875608,1. Plant Cell Physiol. 2012 Sep;53(9):1535-45. doi: 10.1093/pcp/pcs106. Epub 2012 Aug 7.,1,CYP716S1,https://doi.org/10.1093/pcp/pcs106
https://doi.org/10.1126/science.1154990,18356490,1. Science. 2008 Apr 25;320(5875):543-7. doi: 10.1126/science.1154990. Epub 2008 Mar 20.,1,CYP705A5,https://doi.org/10.1126/science.1154990
https://doi.org/10.1126/science.1221614,22923580,1. Science. 2012 Aug 24;337(6097):960-4. doi: 10.1126/science.1221614.,1,CYP84A4,https://doi.org/10.1126/science.1221614
https://doi.org/10.1515/BC.2000.095,11030432,1. Biol Chem. 2000 Aug;381(8):749-53. doi: 10.1515/BC.2000.095.,1,CYP75B1,https://doi.org/10.1515/BC.2000.095
https://doi.org/10.1007/s00299-009-0695-1,19301010,1. Plant Cell Rep. 2009 Jun;28(6):963-74. doi: 10.1007/s00299-009-0695-1. Epub 2009  Mar 20.,1,CYP98A49,https://doi.org/10.1007/s00299-009-0695-1
https://doi.org/10.1016/j.xplc.2020.100079,33511341,1. Plant Commun. 2020 Jun 2;2(1):100079. doi: 10.1016/j.xplc.2020.100079. eCollection 2021 Jan 11.,1,CYP94D144,https://doi.org/10.1016/j.xplc.2020.100079
https://doi.org/10.1074/jbc.M703344200,17872948,1. J Biol Chem. 2007 Nov 23;282(47):34013-8. doi: 10.1074/jbc.M703344200. Epub 2007  Sep 14.,1,CYP99A2,https://doi.org/10.1074/jbc.M703344200
https://doi.org/10.1093/jxb/eri073,15689343,1. J Exp Bot. 2005 Mar;56(413):833-40. doi: 10.1093/jxb/eri073. Epub 2005 Feb 2.,1,CYP72C1,https://doi.org/10.1093/jxb/eri073
https://doi.org/10.1093/pcp/pcr150,22039120,1. Plant Cell Physiol. 2011 Dec;52(12):2062-73. doi: 10.1093/pcp/pcr150. Epub 2011  Oct 29.,1,CYP716U1,https://doi.org/10.1093/pcp/pcr150
https://doi.org/10.1111/j.1365-313X.2005.02357.x,15773850,1. Plant J. 2005 Apr;42(1):13-22. doi: 10.1111/j.1365-313X.2005.02357.x.,1,CYP72C1,https://doi.org/10.1111/j.1365-313X.2005.02357.x
https://doi.org/10.1111/j.1365-313X.2005.02358.x,15773851,1. Plant J. 2005 Apr;42(1):23-34. doi: 10.1111/j.1365-313X.2005.02358.x.,1,CYP72C1,https://doi.org/10.1111/j.1365-313X.2005.02358.x
https://doi.org/10.1111/j.1365-313X.2006.02843.x,16899083,1. Plant J. 2006 Sep;47(6):883-96. doi: 10.1111/j.1365-313X.2006.02843.x. Epub 2006  Aug 8.,1,CYP74A6v1,https://doi.org/10.1111/j.1365-313X.2006.02843.x
https://doi.org/10.1111/j.1365-313X.2011.04685.x,21707799,1. Plant J. 2011 Oct;68(2):273-86. doi: 10.1111/j.1365-313X.2011.04685.x. Epub 2011  Jul 26.,1,CYP736A2,https://doi.org/10.1111/j.1365-313X.2011.04685.x
https://doi.org/10.1126/science.1240230,23788733,1. Science. 2013 Jul 12;341(6142):175-9. doi: 10.1126/science.1240230. Epub 2013 Jun 20.,1,CYP72A186,https://doi.org/10.1126/science.1240230
