epoch,timestamp,lr,grad_norm,train_loss,val_loss,val_auc,val_aupr,val_auc_0,val_auc_1,val_auc_2,val_auc_3,val_auc_4,val_auc_5,val_auc_6,val_aupr_0,val_aupr_1,val_aupr_2,val_aupr_3,val_aupr_4,val_aupr_5,val_aupr_6
0,2026-03-20 23:00:37,5.00e-06,0.4695,0.362084,0.319436,0.597185,0.139780,0.526375,,0.635152,0.385417,0.000000,0.357109,,0.080531,0.000000,0.297658,0.369824,0.500000,0.170811,0.000000
1,2026-03-20 23:10:55,4.19e-05,inf,0.339131,0.321035,0.585325,0.166995,0.496143,,0.638788,0.468750,1.000000,0.456376,,0.078001,0.000000,0.380294,0.408090,1.000000,0.210346,0.000000
2,2026-03-20 23:21:18,7.87e-05,0.4883,0.330072,0.326327,0.592826,0.163060,0.512977,,0.695152,0.281250,0.000000,0.459653,,0.090775,0.000000,0.334569,0.323415,0.500000,0.217440,0.000000
3,2026-03-20 23:31:41,1.16e-04,0.6004,0.310636,0.355478,0.577054,0.155915,0.556156,,0.693333,0.302083,0.000000,0.471594,,0.105291,0.000000,0.344190,0.323665,0.500000,0.221974,0.000000
4,2026-03-20 23:41:54,1.52e-04,inf,0.293821,0.351131,0.592445,0.154714,0.615028,,0.669091,0.531250,0.000000,0.404323,,0.123224,0.000000,0.344479,0.446088,0.500000,0.202324,0.000000
5,2026-03-20 23:52:06,1.89e-04,inf,0.274153,0.352232,0.611876,0.157201,0.652230,,0.665455,0.437500,0.000000,0.458873,,0.136343,0.000000,0.352163,0.401175,0.500000,0.222398,0.000000
6,2026-03-21 00:02:20,2.26e-04,0.8560,0.263293,0.341105,0.639204,0.169288,0.653447,,0.713939,0.406250,0.000000,0.486967,,0.126629,0.000000,0.450780,0.358010,0.500000,0.232361,0.000000
7,2026-03-21 00:12:25,2.63e-04,inf,0.252126,0.377135,0.635647,0.165830,0.685079,,0.670303,0.322917,0.000000,0.433900,,0.140951,0.000000,0.314915,0.360905,0.500000,0.210218,0.000000
8,2026-03-21 00:22:41,3.00e-04,inf,0.248419,0.342988,0.646265,0.165346,0.701650,,0.561212,0.187500,0.000000,0.418839,,0.158168,0.000000,0.309320,0.292469,0.500000,0.191764,0.000000
9,2026-03-21 00:33:04,3.00e-04,inf,0.237487,0.351443,0.656356,0.169581,0.723280,,0.606061,0.322917,0.000000,0.410879,,0.167038,0.000000,0.271771,0.361142,0.500000,0.191577,0.000000
10,2026-03-21 00:43:28,3.00e-04,0.9907,0.229229,0.359969,0.686084,0.199053,0.745976,,0.672727,0.322917,0.000000,0.385126,,0.201815,0.000000,0.421769,0.419108,0.500000,0.182732,0.000000
11,2026-03-21 00:53:57,3.00e-04,inf,0.224539,0.379855,0.697220,0.183788,0.747267,,0.603636,0.260417,0.000000,0.434213,,0.178556,0.000000,0.264102,0.323642,0.500000,0.200757,0.000000
12,2026-03-21 01:04:19,3.00e-04,inf,0.215688,0.405834,0.676031,0.187219,0.758134,,0.601212,0.260417,0.000000,0.336039,,0.228365,0.000000,0.282078,0.341607,0.500000,0.166447,0.000000
13,2026-03-21 01:14:38,3.00e-04,inf,0.209292,0.384849,0.705245,0.197417,0.748061,,0.607273,0.343750,0.000000,0.376931,,0.205121,0.000000,0.286529,0.450526,0.500000,0.202959,0.000000
14,2026-03-21 01:25:00,3.00e-04,inf,0.205819,0.396469,0.692542,0.184948,0.753914,,0.607273,0.270833,0.000000,0.446933,,0.188731,0.000000,0.281743,0.329828,0.500000,0.214056,0.000000
15,2026-03-21 01:35:09,3.00e-04,1.1500,0.204188,0.409508,0.651338,0.161020,0.719705,,0.608485,0.343750,0.000000,0.390042,,0.152039,0.000000,0.292470,0.375432,0.500000,0.180118,0.000000
16,2026-03-21 01:45:21,3.00e-04,inf,0.199267,0.415843,0.706172,0.199417,0.759132,,0.663030,0.312500,0.000000,0.391447,,0.192390,0.000000,0.371390,0.340125,0.500000,0.186445,0.000000
17,2026-03-21 01:55:30,3.00e-04,inf,0.191855,0.403126,0.689958,0.187208,0.743847,,0.568485,0.260417,0.000000,0.383721,,0.215643,0.000000,0.253145,0.335942,0.500000,0.196840,0.000000
18,2026-03-21 02:05:28,3.00e-04,inf,0.189174,0.409211,0.704735,0.189396,0.763595,,0.574545,0.312500,0.000000,0.389652,,0.192529,0.000000,0.285890,0.368394,0.500000,0.181350,0.000000
19,2026-03-21 02:15:38,3.00e-04,1.2574,0.187427,0.378618,0.693367,0.193676,0.732280,,0.596364,0.270833,1.000000,0.478149,,0.177004,0.000000,0.298998,0.315072,1.000000,0.228628,0.000000
20,2026-03-21 02:25:56,3.00e-04,inf,0.185680,0.430005,0.704297,0.188514,0.770073,,0.543030,0.114583,1.000000,0.390901,,0.200812,0.000000,0.251685,0.275591,1.000000,0.193571,0.000000
21,2026-03-21 02:36:06,3.00e-04,inf,0.181181,0.473299,0.700149,0.190698,0.759891,,0.580606,0.239583,0.000000,0.424848,,0.214427,0.000000,0.265125,0.312496,0.500000,0.198362,0.000000
22,2026-03-21 02:46:17,3.00e-04,inf,0.180944,0.437782,0.699856,0.193189,0.750534,,0.625455,0.270833,0.000000,0.408928,,0.177938,0.000000,0.344604,0.356471,0.500000,0.186437,0.000000
23,2026-03-21 02:56:29,3.00e-04,1.3246,0.177588,0.442928,0.704449,0.200302,0.745942,,0.568485,0.343750,0.000000,0.482831,,0.199813,0.000000,0.269798,0.439381,0.500000,0.233215,0.000000
24,2026-03-21 03:06:47,3.00e-04,inf,0.175195,0.461999,0.687561,0.192032,0.736142,,0.638788,0.291667,0.000000,0.377946,,0.176943,0.000000,0.353672,0.342774,0.500000,0.196730,0.000000
25,2026-03-21 03:17:01,3.00e-04,inf,0.174471,0.463696,0.699794,0.182190,0.740287,,0.631515,0.166667,0.000000,0.447557,,0.166567,0.000000,0.299613,0.293608,0.500000,0.202397,0.000000
26,2026-03-21 03:27:06,3.00e-04,inf,0.173332,0.489077,0.688285,0.179438,0.746766,,0.560000,0.187500,1.000000,0.438037,,0.175087,0.000000,0.256571,0.295509,1.000000,0.197133,0.000000
27,2026-03-21 03:37:25,3.00e-04,1.3904,0.169870,0.444005,0.709628,0.189186,0.756476,,0.556364,0.322917,0.000000,0.491884,,0.184201,0.000000,0.255072,0.364722,0.500000,0.218500,0.000000
28,2026-03-21 03:47:41,3.00e-04,1.3994,0.167232,0.473172,0.698643,0.185788,0.743340,,0.580606,0.468750,1.000000,0.407133,,0.190443,0.000000,0.267707,0.552767,1.000000,0.188404,0.000000
29,2026-03-21 03:57:52,3.00e-04,inf,0.168403,0.427203,0.702257,0.187919,0.738356,,0.638788,0.302083,1.000000,0.433588,,0.167146,0.000000,0.306625,0.363608,1.000000,0.198734,0.000000
30,2026-03-21 04:08:29,3.00e-04,inf,0.169683,0.446220,0.699891,0.177585,0.733928,,0.589091,0.531250,0.000000,0.409396,,0.165179,0.000000,0.255375,0.524826,0.500000,0.193170,0.000000
31,2026-03-21 04:19:06,3.00e-04,1.4563,0.164850,0.441046,0.723362,0.203380,0.768509,,0.591515,0.416667,1.000000,0.484860,,0.202287,0.000000,0.259800,0.382387,1.000000,0.228444,0.000000
32,2026-03-21 04:29:31,3.00e-04,inf,0.162437,0.469695,0.704094,0.186142,0.756923,,0.598788,0.302083,0.000000,0.439753,,0.179030,0.000000,0.267532,0.355754,0.500000,0.198153,0.000000
33,2026-03-21 04:39:46,3.00e-04,1.4890,0.161574,0.434050,0.706089,0.195082,0.754689,,0.618182,0.406250,1.000000,0.443187,,0.183794,0.000000,0.324293,0.484028,1.000000,0.195737,0.000000
34,2026-03-21 04:50:46,3.00e-04,inf,0.159470,0.473535,0.727014,0.204355,0.785507,,0.607273,0.270833,1.000000,0.423911,,0.210879,0.000000,0.278584,0.366908,1.000000,0.196328,0.000000
35,2026-03-21 05:01:20,3.00e-04,inf,0.159061,0.471352,0.722468,0.199368,0.777763,,0.601212,0.208333,0.000000,0.405260,,0.190512,0.000000,0.312130,0.315853,0.500000,0.192097,0.000000
36,2026-03-21 05:11:46,3.00e-04,inf,0.156165,0.480369,0.716336,0.197886,0.757206,,0.632727,0.333333,0.000000,0.474325,,0.188433,0.000000,0.319108,0.352812,0.500000,0.220618,0.000000
37,2026-03-21 05:22:26,3.00e-04,1.5584,0.155855,0.517630,0.695915,0.181595,0.746547,,0.568485,0.333333,0.000000,0.428828,,0.187738,0.000000,0.259031,0.339963,0.500000,0.193087,0.000000
38,2026-03-21 05:32:56,3.00e-04,inf,0.153467,0.492492,0.713970,0.188579,0.760512,,0.578182,0.322917,0.000000,0.472374,,0.186990,0.000000,0.257442,0.395317,0.500000,0.209413,0.000000
39,2026-03-21 05:43:14,3.00e-04,1.6265,0.155979,0.469651,0.709805,0.192353,0.754158,,0.573333,0.302083,0.000000,0.482441,,0.188128,0.000000,0.264425,0.369490,0.500000,0.205878,0.000000
40,2026-03-21 05:53:48,3.00e-04,1.6164,0.153897,0.479460,0.703298,0.190151,0.756953,,0.631515,0.239583,0.000000,0.424536,,0.198803,0.000000,0.292201,0.309698,0.500000,0.194715,0.000000
41,2026-03-21 06:04:27,3.00e-04,inf,0.152307,0.488237,0.716575,0.211762,0.757643,,0.620606,0.322917,0.000000,0.415483,,0.234771,0.000000,0.283721,0.338742,0.500000,0.193301,0.000000
42,2026-03-21 06:15:07,3.00e-04,inf,0.151943,0.529545,0.707146,0.184137,0.751958,,0.566061,0.447917,0.000000,0.444904,,0.180522,0.000000,0.247568,0.487006,0.500000,0.199588,0.000000
43,2026-03-21 06:25:43,3.00e-04,1.6634,0.150102,0.500204,0.710779,0.192526,0.751899,,0.601212,0.427083,1.000000,0.421648,,0.205809,0.000000,0.260017,0.467227,1.000000,0.190137,0.000000
44,2026-03-21 06:36:23,3.00e-04,inf,0.148460,0.473170,0.705418,0.185359,0.755508,,0.601212,0.270833,0.000000,0.424926,,0.188618,0.000000,0.267426,0.319448,0.500000,0.191875,0.000000
45,2026-03-21 06:47:10,3.00e-04,1.6826,0.149515,0.536775,0.715523,0.196054,0.749263,,0.593939,0.291667,1.000000,0.521929,,0.181818,0.000000,0.275750,0.345020,1.000000,0.233496,0.000000
46,2026-03-21 06:57:45,3.00e-04,inf,0.148189,0.478331,0.718615,0.189266,0.760179,,0.568485,0.411458,1.000000,0.499766,,0.185516,0.000000,0.250637,0.486004,1.000000,0.216569,0.000000
47,2026-03-21 07:08:42,3.00e-04,1.6789,0.145268,0.553828,0.698225,0.180169,0.746463,,0.589091,0.375000,0.000000,0.424692,,0.174242,0.000000,0.262206,0.383596,0.500000,0.191234,0.000000
48,2026-03-21 07:19:32,3.00e-04,inf,0.144735,0.494656,0.727562,0.210464,0.772943,,0.603636,0.510417,1.000000,0.444826,,0.220044,0.000000,0.280080,0.517535,1.000000,0.218123,0.000000
49,2026-03-21 07:30:28,3.00e-04,1.7027,0.144399,0.489210,0.739677,0.224160,0.778091,,0.640000,0.291667,1.000000,0.530670,,0.248108,0.000000,0.291283,0.325032,1.000000,0.241163,0.000000
