split,sample_id,dock_index,status,entry_id,n_pairs,rmsd,n_heme_atoms,n_fe_atoms,old_n_protein,new_n_protein,error
train,142,324860,ok,3LD6,445,0.5553,43,1,404,447,
train,546,383445,ok,3LD6,445,0.5553,43,1,389,432,
train,551,130122,ok,9NNO,435,0.8306,43,1,370,413,
train,777,204767,ok,3K9Y,462,0.7332,43,1,295,338,
train,1077,248012,ok,3MZS,470,1.0695,43,1,328,371,
train,1358,372060,ok,3V8D,476,1.6511,43,1,316,359,
train,2034,267575,ok,3QZ1,445,1.8400,43,1,247,290,
train,2432,59360,ok,3BE0,397,0.4806,43,1,235,278,
train,2718,182512,ok,8FDA,467,3.2137,73,1,293,366,
train,3350,160354,ok,3DL9,464,0.3268,86,2,241,327,
train,3452,286188,ok,3K9Y,462,0.7332,43,1,390,433,
train,3758,233274,ok,5IKI,399,1.1922,43,1,392,435,
train,4009,40202,ok,9NNO,435,0.8306,43,1,494,537,
train,5375,323893,ok,8FDA,467,3.2137,73,1,405,478,
train,6496,243045,ok,7X2Q,466,0.7024,43,1,280,323,
train,6549,103449,ok,3K9Y,462,0.7332,43,1,232,275,
train,6617,358844,ok,9NNO,435,0.8306,43,1,408,451,
train,6927,427684,ok,6XZ9,472,0.9625,43,1,374,417,
train,7863,382745,ok,8FDA,467,3.2137,73,1,299,372,
train,8201,145557,ok,8FDA,467,3.2137,73,1,275,348,
train,9706,105379,ok,5IKI,399,1.1922,43,1,539,582,
train,10050,249749,ok,9NNO,435,0.8306,43,1,317,360,
train,10559,101073,ok,8FDA,467,3.2137,73,1,342,415,
train,10611,319608,ok,7CB9,466,1.6071,43,1,423,466,
train,10619,403304,ok,7X2Q,466,0.7024,43,1,507,550,
train,10962,358282,ok,9YK4,466,1.3659,43,1,499,542,
train,11538,339341,ok,9NNO,435,0.8306,43,1,395,438,
train,11866,196583,ok,9O35,397,1.9095,43,1,492,535,
train,12371,320397,ok,4GQS,461,1.6585,43,1,286,329,
train,12603,212402,ok,9YK4,466,1.3659,43,1,362,405,
train,12781,397821,ok,8FDA,467,3.2137,73,1,260,333,
train,12795,522025,ok,3DL9,464,0.3268,86,2,358,444,
train,12884,178422,ok,3L4D,445,0.9021,43,1,495,538,
train,12967,409932,ok,9YK4,466,1.3659,43,1,479,522,
train,13357,404272,ok,3DL9,464,0.3268,86,2,405,491,
train,13545,241055,ok,3K9Y,462,0.7332,43,1,248,291,
train,14013,104271,ok,3QZ1,445,1.8400,43,1,532,575,
train,15141,362187,ok,3BE0,397,0.4806,43,1,282,325,
train,15584,107439,ok,9NNO,435,0.8306,43,1,260,303,
train,16348,123715,ok,3DL9,464,0.3268,86,2,457,543,
train,16716,430176,ok,3DL9,464,0.3268,86,2,322,408,
train,17242,321976,ok,9YK4,466,1.3659,43,1,454,497,
train,17675,146222,ok,8FDA,467,3.2137,73,1,282,355,
train,18455,423589,ok,9YK4,466,1.3659,43,1,243,286,
train,18526,357958,ok,3BE0,397,0.4806,43,1,708,751,
train,19067,184329,ok,9NNO,435,0.8306,43,1,246,289,
train,19445,414330,ok,5IKI,399,1.1922,43,1,476,519,
train,20212,229855,ok,6L8H,466,0.3122,43,1,166,209,
train,21389,529273,ok,3L4D,445,0.9021,43,1,339,382,
train,21955,124111,ok,3K9Y,462,0.7332,43,1,405,448,
train,22572,408065,ok,9YK4,466,1.3659,43,1,374,417,
train,22580,109616,ok,8FDA,467,3.2137,73,1,329,402,
train,22772,125323,ok,9YK4,466,1.3659,43,1,392,435,
train,24291,324055,ok,9YK4,466,1.3659,43,1,251,294,
train,24301,67919,ok,5IKI,399,1.1922,43,1,395,438,
train,24451,157650,ok,8FDA,467,3.2137,73,1,265,338,
train,24750,325464,ok,3LD6,445,0.5553,43,1,253,296,
train,26260,295839,ok,3DL9,464,0.3268,86,2,412,498,
train,26949,258634,ok,8FDA,467,3.2137,73,1,277,350,
train,27123,242134,ok,8FDA,467,3.2137,73,1,319,392,
train,27362,530979,ok,6XZ9,472,0.9625,43,1,373,416,
train,28752,424732,ok,8FDA,467,3.2137,73,1,427,500,
train,28994,175271,ok,5IKI,399,1.1922,43,1,496,539,
train,29719,261700,ok,8FDA,467,3.2137,73,1,230,303,
train,30719,349230,ok,8EOH,454,1.1831,49,1,257,306,
train,31122,238753,ok,9YK4,466,1.3659,43,1,278,321,
train,31163,245774,ok,9YK4,466,1.3659,43,1,263,306,
train,31381,125183,ok,3BE0,397,0.4806,43,1,160,203,
train,31472,178683,ok,8FDA,467,3.2137,73,1,408,481,
train,32728,330583,ok,8FDA,467,3.2137,73,1,283,356,
train,34370,422980,ok,3LD6,445,0.5553,43,1,427,470,
train,34700,386151,ok,3V8D,476,1.6511,43,1,213,256,
train,36160,376631,ok,8FDA,467,3.2137,73,1,506,579,
train,37246,288236,ok,9NNO,435,0.8306,43,1,612,655,
train,37247,284355,ok,3LD6,445,0.5553,43,1,173,216,
train,37577,400364,ok,3LD6,445,0.5553,43,1,343,386,
train,37627,326035,ok,3LD6,445,0.5553,43,1,298,341,
train,38929,327183,ok,8FDA,467,3.2137,73,1,294,367,
train,39082,148475,ok,3LD6,445,0.5553,43,1,248,291,
train,39495,540763,ok,9YK4,466,1.3659,43,1,370,413,
train,39600,389667,ok,9YK4,466,1.3659,43,1,281,324,
train,39996,349720,ok,7X2Q,466,0.7024,43,1,297,340,
train,41430,340905,ok,5IKI,399,1.1922,43,1,302,345,
train,42803,133210,ok,9YK4,466,1.3659,43,1,327,370,
train,42869,206528,ok,3QZ1,445,1.8400,43,1,521,564,
train,43115,129884,ok,3K9Y,462,0.7332,43,1,539,582,
train,43279,136793,ok,6XZ9,472,0.9625,43,1,385,428,
train,43757,379475,ok,3BE0,397,0.4806,43,1,482,525,
train,43781,229436,ok,9O35,397,1.9095,43,1,181,224,
train,44527,231993,ok,3V8D,476,1.6511,43,1,357,400,
train,44837,379961,ok,3DL9,464,0.3268,86,2,347,433,
train,44856,418669,ok,8FDA,467,3.2137,73,1,305,378,
train,46015,293295,ok,8FDA,467,3.2137,73,1,709,782,
train,46310,178540,ok,3LD6,445,0.5553,43,1,287,330,
train,46394,208300,ok,3DL9,464,0.3268,86,2,259,345,
train,46784,409927,ok,9YK4,466,1.3659,43,1,253,296,
train,47159,269208,ok,3QZ1,445,1.8400,43,1,213,256,
train,48076,417704,ok,3MZS,470,1.0695,43,1,464,507,
train,48121,377228,ok,3BE0,397,0.4806,43,1,401,444,
train,48181,219497,ok,5JL9,452,0.4942,43,1,300,343,
train,48237,108205,ok,3LD6,445,0.5553,43,1,344,387,
train,49608,314740,ok,3LD6,445,0.5553,43,1,308,351,
train,49635,252599,ok,8FDA,467,3.2137,73,1,263,336,
train,50442,305549,ok,9YK4,466,1.3659,43,1,245,288,
train,50523,119712,ok,9YK4,466,1.3659,43,1,378,421,
train,50770,166364,ok,3DL9,464,0.3268,86,2,467,553,
train,51377,203808,ok,3L4D,445,0.9021,43,1,303,346,
train,52718,208102,ok,3LD6,445,0.5553,43,1,339,382,
train,52868,362016,ok,3DL9,464,0.3268,86,2,532,618,
train,52926,386099,ok,9YK4,466,1.3659,43,1,343,386,
train,52979,221308,ok,3QZ1,445,1.8400,43,1,268,311,
train,54703,212464,ok,3LD6,445,0.5553,43,1,339,382,
train,54892,202621,ok,7X2Q,466,0.7024,43,1,245,288,
train,55323,241503,ok,9NNO,435,0.8306,43,1,266,309,
train,55725,196647,ok,8X1W,439,0.8490,43,1,313,356,
train,55767,335199,ok,7X2Q,466,0.7024,43,1,525,568,
train,56249,208057,ok,8FDA,467,3.2137,73,1,295,368,
train,56313,185631,ok,9NNO,435,0.8306,43,1,385,428,
train,56832,370173,ok,6L8H,466,0.3122,43,1,192,235,
train,57426,211384,ok,3BE0,397,0.4806,43,1,612,655,
train,58141,278457,ok,6L8H,466,0.3122,43,1,178,221,
train,58147,157269,ok,7X2Q,466,0.7024,43,1,523,566,
train,58345,376279,ok,9NNO,435,0.8306,43,1,406,449,
train,58563,346005,ok,3QZ1,445,1.8400,43,1,373,416,
train,58687,423013,ok,8FDA,467,3.2137,73,1,244,317,
train,59143,333746,ok,3K9Y,462,0.7332,43,1,84,127,
train,59596,349711,ok,8FDA,467,3.2137,73,1,259,332,
train,59730,191505,ok,3QZ1,445,1.8400,43,1,523,566,
train,59969,357306,ok,9NNO,435,0.8306,43,1,214,257,
train,60988,379895,ok,8FDA,467,3.2137,73,1,327,400,
train,61429,158553,ok,6XZ9,472,0.9625,43,1,360,403,
train,61997,370955,ok,8FDA,467,3.2137,73,1,322,395,
train,62366,393551,ok,3DL9,464,0.3268,86,2,474,560,
train,62726,174139,ok,5IKI,399,1.1922,43,1,748,791,
train,63202,340382,ok,9YK4,466,1.3659,43,1,248,291,
train,63937,374377,ok,3DL9,464,0.3268,86,2,332,418,
train,64923,273431,ok,9YK4,466,1.3659,43,1,247,290,
train,65356,282360,ok,3QZ1,445,1.8400,43,1,427,470,
train,65935,311945,ok,3LD6,445,0.5553,43,1,389,432,
train,67412,36017,ok,8FDA,467,3.2137,73,1,406,479,
train,67413,360133,ok,8FDA,467,3.2137,73,1,282,355,
train,67458,287540,ok,8FDA,467,3.2137,73,1,275,348,
train,67765,313227,ok,3DL9,464,0.3268,86,2,323,409,
train,67835,151532,ok,3QZ1,445,1.8400,43,1,496,539,
train,67898,167178,ok,9YK4,466,1.3659,43,1,259,302,
train,68063,100227,ok,7X2Q,466,0.7024,43,1,466,509,
train,68135,138024,ok,7DVO,399,0.5516,48,2,564,612,
train,68611,531235,ok,3K9Y,462,0.7332,43,1,495,538,
train,68628,375854,ok,9YK4,466,1.3659,43,1,363,406,
train,69425,463647,ok,4GQS,461,1.6585,43,1,328,371,
train,69998,408850,ok,8FDA,467,3.2137,73,1,315,388,
train,70566,172787,ok,3DL9,464,0.3268,86,2,218,304,
train,70931,31295,ok,9YK4,466,1.3659,43,1,427,470,
train,71498,518865,ok,6XZ9,472,0.9625,43,1,353,396,
train,71749,252092,ok,3DL9,464,0.3268,86,2,431,517,
train,72053,327557,ok,3LD6,445,0.5553,43,1,303,346,
train,73085,280417,ok,8FDA,467,3.2137,73,1,341,414,
train,73913,219267,ok,8FDA,467,3.2137,73,1,283,356,
train,74138,430706,ok,3K9Y,462,0.7332,43,1,384,427,
train,75442,422185,ok,6XZ9,472,0.9625,43,1,435,478,
train,76254,230478,ok,8X1W,439,0.8490,43,1,192,235,
train,76588,205366,ok,3DL9,464,0.3268,86,2,271,357,
train,77026,104773,ok,3LD6,445,0.5553,43,1,409,452,
train,77541,317049,ok,3LD6,445,0.5553,43,1,178,221,
train,78327,141746,ok,6L8H,466,0.3122,43,1,141,184,
train,78601,283810,ok,3BE0,397,0.4806,43,1,410,453,
train,79073,334362,ok,7CB9,466,1.6071,43,1,356,399,
train,79211,353515,ok,8FDA,467,3.2137,73,1,366,439,
train,79531,269309,ok,3DL9,464,0.3268,86,2,293,379,
train,79641,184268,ok,9NNO,435,0.8306,43,1,348,391,
train,80545,220692,ok,9YK4,466,1.3659,43,1,355,398,
train,81160,210186,ok,8FDA,467,3.2137,73,1,391,464,
train,83753,330982,ok,8FDA,467,3.2137,73,1,295,368,
train,83836,264733,ok,3K9Y,462,0.7332,43,1,389,432,
train,84445,242806,ok,9NNO,435,0.8306,43,1,164,207,
train,85639,363372,ok,3DL9,464,0.3268,86,2,309,395,
train,85911,120006,ok,8X1W,439,0.8490,43,1,302,345,
train,86056,525707,ok,7DVO,399,0.5516,48,2,174,222,
train,86258,173946,ok,3MZS,470,1.0695,43,1,287,330,
train,86503,142854,ok,7DVO,399,0.5516,48,2,502,550,
train,87887,257751,ok,8FDA,467,3.2137,73,1,346,419,
train,88539,346340,ok,3BE0,397,0.4806,43,1,292,335,
train,89667,359870,ok,3DL9,464,0.3268,86,2,322,408,
train,89910,207109,ok,8FDA,467,3.2137,73,1,260,333,
train,90183,150326,ok,9NNO,435,0.8306,43,1,216,259,
train,90187,158847,ok,9YK4,466,1.3659,43,1,277,320,
train,90244,235167,ok,3V8D,476,1.6511,43,1,389,432,
train,90330,352348,ok,7DVO,399,0.5516,48,2,478,526,
train,91625,294794,ok,5IKI,399,1.1922,43,1,289,332,
train,92727,320658,ok,4GQS,461,1.6585,43,1,291,334,
train,95531,164404,ok,3QZ1,445,1.8400,43,1,223,266,
train,95645,299115,ok,3QZ1,445,1.8400,43,1,526,569,
train,95689,201341,ok,8FDA,467,3.2137,73,1,258,331,
train,95710,270993,ok,5IKI,399,1.1922,43,1,294,337,
train,96806,247081,ok,7X2Q,466,0.7024,43,1,311,354,
train,97685,148806,ok,9YK4,466,1.3659,43,1,405,448,
train,97709,188165,ok,8FDA,467,3.2137,73,1,318,391,
train,98888,229956,ok,3QZ1,445,1.8400,43,1,363,406,
train,99525,175019,ok,3LD6,445,0.5553,43,1,358,401,
train,100013,223938,ok,3DL9,464,0.3268,86,2,278,364,
train,101059,355609,ok,3BE0,397,0.4806,43,1,274,317,
train,101840,274072,ok,8X1W,439,0.8490,43,1,527,570,
train,101958,201026,ok,9NNO,435,0.8306,43,1,236,279,
train,101975,169670,ok,9YK4,466,1.3659,43,1,486,529,
train,102274,139152,ok,5IKI,399,1.1922,43,1,278,321,
train,102539,154646,ok,3K9Y,462,0.7332,43,1,236,279,
train,104442,150960,ok,5IKI,399,1.1922,43,1,436,479,
train,104910,190595,ok,7X2Q,466,0.7024,43,1,567,610,
train,105162,428029,ok,8FDA,467,3.2137,73,1,305,378,
train,105803,362712,ok,3BE0,397,0.4806,43,1,387,430,
train,105962,299720,ok,8FDA,467,3.2137,73,1,351,424,
train,106675,291056,ok,3MZS,470,1.0695,43,1,241,284,
train,107778,115339,ok,5IKI,399,1.1922,43,1,237,280,
train,107961,371004,ok,9NNO,435,0.8306,43,1,281,324,
train,108443,322110,ok,3LD6,445,0.5553,43,1,534,577,
train,108661,365624,ok,8FDA,467,3.2137,73,1,387,460,
train,109458,365577,ok,3BE0,397,0.4806,43,1,291,334,
train,109631,419985,ok,8FDA,467,3.2137,73,1,508,581,
train,110535,364428,ok,3QZ1,445,1.8400,43,1,302,345,
train,110858,189197,ok,4GQS,461,1.6585,43,1,513,556,
train,112154,297302,ok,6XZ9,472,0.9625,43,1,312,355,
train,113716,329684,ok,3LD6,445,0.5553,43,1,268,311,
train,113999,246454,ok,3DL9,464,0.3268,86,2,124,210,
train,114553,217223,ok,9NNO,435,0.8306,43,1,422,465,
train,115195,314095,ok,6L8H,466,0.3122,43,1,251,294,
train,115662,356593,ok,3MZS,470,1.0695,43,1,469,512,
train,116337,487264,ok,3DL9,464,0.3268,86,2,411,497,
train,117478,169092,ok,3LD6,445,0.5553,43,1,413,456,
train,117738,387833,ok,3QZ1,445,1.8400,43,1,336,379,
train,118985,434558,ok,3DL9,464,0.3268,86,2,389,475,
train,120537,121239,ok,8FDA,467,3.2137,73,1,339,412,
train,120971,527594,ok,4GQS,461,1.6585,43,1,322,365,
train,123271,409051,ok,3BE0,397,0.4806,43,1,218,261,
train,124827,174848,ok,8EOH,454,1.1831,49,1,240,289,
train,125479,172752,ok,5IKI,399,1.1922,43,1,592,635,
train,125482,232814,ok,3K9Y,462,0.7332,43,1,322,365,
train,125745,403510,ok,8FDA,467,3.2137,73,1,362,435,
train,126137,411571,ok,3DL9,464,0.3268,86,2,693,779,
train,126340,363294,ok,7X2Q,466,0.7024,43,1,317,360,
train,126919,221042,ok,3QZ1,445,1.8400,43,1,272,315,
train,126923,247524,ok,5IKI,399,1.1922,43,1,280,323,
train,126924,368483,ok,8EOH,454,1.1831,49,1,154,203,
train,127705,330374,ok,3K9Y,462,0.7332,43,1,300,343,
train,127917,381599,ok,3LD6,445,0.5553,43,1,337,380,
train,128212,145944,ok,3LD6,445,0.5553,43,1,141,184,
train,128496,404690,ok,3BE0,397,0.4806,43,1,398,441,
train,128628,113411,ok,7CB9,466,1.6071,43,1,386,429,
train,128960,304141,ok,5IKI,399,1.1922,43,1,304,347,
train,130267,293947,ok,9NNO,435,0.8306,43,1,258,301,
train,132501,339589,ok,3DL9,464,0.3268,86,2,294,380,
train,133022,290713,ok,3K9Y,462,0.7332,43,1,262,305,
train,133297,357854,ok,3QZ1,445,1.8400,43,1,380,423,
train,133617,301582,ok,5IKI,399,1.1922,43,1,377,420,
train,133736,366370,ok,3QZ1,445,1.8400,43,1,240,283,
train,133992,336463,ok,8FDA,467,3.2137,73,1,353,426,
train,134045,153508,ok,3QZ1,445,1.8400,43,1,257,300,
train,134955,395540,ok,9YK4,466,1.3659,43,1,381,424,
train,135412,395856,ok,3LD6,445,0.5553,43,1,187,230,
train,135418,429949,ok,3V8D,476,1.6511,43,1,290,333,
train,135508,149629,ok,3K9Y,462,0.7332,43,1,343,386,
train,135651,205313,ok,9O35,397,1.9095,43,1,273,316,
train,135800,331001,ok,5IKI,399,1.1922,43,1,375,418,
train,135841,231769,ok,8FDA,467,3.2137,73,1,336,409,
train,136008,338268,ok,6XZ9,472,0.9625,43,1,316,359,
train,137920,59471,ok,5JL9,452,0.4942,43,1,287,330,
train,138624,535467,ok,3DL9,464,0.3268,86,2,499,585,
train,138663,387618,ok,8FDA,467,3.2137,73,1,505,578,
train,139287,423186,ok,8FDA,467,3.2137,73,1,456,529,
train,139997,173477,ok,7X2Q,466,0.7024,43,1,360,403,
train,140709,422822,ok,3LD6,445,0.5553,43,1,310,353,
train,140820,420131,ok,8FDA,467,3.2137,73,1,595,668,
train,141734,436225,ok,8FDA,467,3.2137,73,1,500,573,
train,142277,195655,ok,3BE0,397,0.4806,43,1,310,353,
train,143790,331585,ok,3LD6,445,0.5553,43,1,346,389,
train,144071,285272,ok,3K9Y,462,0.7332,43,1,387,430,
train,144617,40212,ok,3V8D,476,1.6511,43,1,408,451,
train,144892,356047,ok,3L4D,445,0.9021,43,1,372,415,
train,145132,181264,ok,9YK4,466,1.3659,43,1,379,422,
train,145350,369382,ok,9NNO,435,0.8306,43,1,275,318,
train,145358,220577,ok,9YK4,466,1.3659,43,1,184,227,
train,145685,67590,ok,3QZ1,445,1.8400,43,1,347,390,
train,145822,235839,ok,3BE0,397,0.4806,43,1,296,339,
train,146708,424472,ok,3LD6,445,0.5553,43,1,378,421,
train,146885,144802,ok,6XZ9,472,0.9625,43,1,282,325,
train,147194,106736,ok,3K9Y,462,0.7332,43,1,230,273,
train,148199,265056,ok,5IKI,399,1.1922,43,1,602,645,
train,148962,172082,ok,3K9Y,462,0.7332,43,1,381,424,
train,150980,259039,ok,8FDA,467,3.2137,73,1,266,339,
train,151956,181360,ok,8FDA,467,3.2137,73,1,336,409,
train,152381,234448,ok,8FDA,467,3.2137,73,1,207,280,
train,152578,100135,ok,6XZ9,472,0.9625,43,1,310,353,
train,152710,194506,ok,9YK4,466,1.3659,43,1,612,655,
train,152815,289450,ok,3K9Y,462,0.7332,43,1,133,176,
train,153611,328234,ok,9YK4,466,1.3659,43,1,500,543,
train,154037,264360,ok,9YK4,466,1.3659,43,1,292,335,
train,156371,418107,ok,3BE0,397,0.4806,43,1,449,492,
train,158422,425092,ok,3K9Y,462,0.7332,43,1,342,385,
train,158876,184821,ok,8FDA,467,3.2137,73,1,311,384,
train,159099,303151,ok,8FDA,467,3.2137,73,1,326,399,
train,159313,163678,ok,8FDA,467,3.2137,73,1,549,622,
train,159332,219582,ok,3QZ1,445,1.8400,43,1,302,345,
train,159994,166577,ok,9YK4,466,1.3659,43,1,213,256,
train,160167,165400,ok,8FDA,467,3.2137,73,1,543,616,
train,160316,471633,ok,4GQS,461,1.6585,43,1,264,307,
train,160474,321341,ok,8FDA,467,3.2137,73,1,269,342,
train,160863,399755,ok,8FDA,467,3.2137,73,1,386,459,
train,160965,408371,ok,8FDA,467,3.2137,73,1,481,554,
train,161008,432133,ok,3BE0,397,0.4806,43,1,327,370,
train,161242,252043,ok,3L4D,445,0.9021,43,1,171,214,
train,162572,303958,ok,5IKI,399,1.1922,43,1,464,507,
train,163607,292072,ok,9O35,397,1.9095,43,1,396,439,
train,163635,185679,ok,3K9Y,462,0.7332,43,1,324,367,
train,163762,168507,ok,3QZ1,445,1.8400,43,1,480,523,
train,163893,403099,ok,9YK4,466,1.3659,43,1,465,508,
train,163917,175480,ok,3LD6,445,0.5553,43,1,314,357,
train,164677,366019,ok,9YK4,466,1.3659,43,1,288,331,
train,164949,419026,ok,3LD6,445,0.5553,43,1,371,414,
train,165243,373147,ok,8X1W,439,0.8490,43,1,402,445,
train,166795,237183,ok,3LD6,445,0.5553,43,1,266,309,
train,167261,388430,ok,8X1W,439,0.8490,43,1,196,239,
train,167534,258315,ok,3K9Y,462,0.7332,43,1,282,325,
train,168691,105388,ok,9YK4,466,1.3659,43,1,417,460,
train,169146,337236,ok,8FDA,467,3.2137,73,1,207,280,
train,169275,190635,ok,8FDA,467,3.2137,73,1,286,359,
train,169520,533632,ok,7DVO,399,0.5516,48,2,159,207,
train,170453,248570,ok,3V8D,476,1.6511,43,1,219,262,
train,170534,181571,ok,8FDA,467,3.2137,73,1,287,360,
train,170702,342485,ok,7CB9,466,1.6071,43,1,260,303,
train,170932,382676,ok,9O35,397,1.9095,43,1,594,637,
train,171177,310672,ok,3DL9,464,0.3268,86,2,336,422,
train,171372,280103,ok,5JL9,452,0.4942,43,1,191,234,
train,171535,324340,ok,9O35,397,1.9095,43,1,429,472,
train,172051,126058,ok,7X2Q,466,0.7024,43,1,193,236,
train,173513,200688,ok,3QZ1,445,1.8400,43,1,401,444,
train,174287,271785,ok,3QZ1,445,1.8400,43,1,435,478,
train,174942,242957,ok,3QZ1,445,1.8400,43,1,283,326,
train,175466,414313,ok,8FDA,467,3.2137,73,1,403,476,
train,176107,401949,ok,9YK4,466,1.3659,43,1,274,317,
train,176127,419133,ok,3MZS,470,1.0695,43,1,297,340,
train,176166,247214,ok,7CB9,466,1.6071,43,1,301,344,
train,176616,256576,ok,3K9Y,462,0.7332,43,1,250,293,
train,176627,115587,ok,3V8D,476,1.6511,43,1,188,231,
train,177414,526448,ok,3K9Y,462,0.7332,43,1,466,509,
train,177550,62382,ok,8FDA,467,3.2137,73,1,404,477,
train,177733,252973,ok,6L8H,466,0.3122,43,1,178,221,
train,178170,522854,ok,6XZ9,472,0.9625,43,1,368,411,
train,178788,247401,ok,3DL9,464,0.3268,86,2,268,354,
train,179308,263621,ok,8FDA,467,3.2137,73,1,244,317,
train,179909,156584,ok,7X2Q,466,0.7024,43,1,495,538,
train,180935,130180,ok,6L8H,466,0.3122,43,1,79,122,
train,181086,127256,ok,7X2Q,466,0.7024,43,1,389,432,
train,181618,314007,ok,3LD6,445,0.5553,43,1,440,483,
train,181643,202863,ok,7CB9,466,1.6071,43,1,616,659,
train,182411,306028,ok,3DL9,464,0.3268,86,2,354,440,
train,183782,150496,ok,9NNO,435,0.8306,43,1,394,437,
train,184683,412745,ok,3DL9,464,0.3268,86,2,367,453,
train,184819,378645,ok,3LD6,445,0.5553,43,1,343,386,
train,185788,413221,ok,3V8D,476,1.6511,43,1,416,459,
train,186402,357694,ok,6L8H,466,0.3122,43,1,186,229,
train,187073,302970,ok,7CB9,466,1.6071,43,1,450,493,
train,187687,206622,ok,3QZ1,445,1.8400,43,1,297,340,
train,188313,317789,ok,3K9Y,462,0.7332,43,1,282,325,
train,188669,150031,ok,9YK4,466,1.3659,43,1,264,307,
train,189091,198593,ok,6XZ9,472,0.9625,43,1,400,443,
train,189482,251051,ok,9YK4,466,1.3659,43,1,241,284,
train,189885,333722,ok,9NNO,435,0.8306,43,1,406,449,
train,190044,283572,ok,8FDA,467,3.2137,73,1,255,328,
train,190332,251065,ok,3QZ1,445,1.8400,43,1,296,339,
train,190709,341995,ok,8EOH,454,1.1831,49,1,328,377,
train,191263,414222,ok,8FDA,467,3.2137,73,1,376,449,
train,191540,220568,ok,8FDA,467,3.2137,73,1,312,385,
train,191563,130245,ok,8FDA,467,3.2137,73,1,353,426,
train,191805,221311,ok,9NNO,435,0.8306,43,1,507,550,
train,194508,185925,ok,6XZ9,472,0.9625,43,1,292,335,
train,195818,246377,ok,9YK4,466,1.3659,43,1,229,272,
train,195938,379227,ok,9YK4,466,1.3659,43,1,277,320,
train,196197,538888,ok,3DL9,464,0.3268,86,2,484,570,
train,196479,188071,ok,9YK4,466,1.3659,43,1,242,285,
train,197929,147616,ok,8FDA,467,3.2137,73,1,438,511,
train,198440,153475,ok,8FDA,467,3.2137,73,1,687,760,
train,198570,234092,ok,6L8H,466,0.3122,43,1,150,193,
train,198956,123833,ok,8FDA,467,3.2137,73,1,281,354,
train,199106,286666,ok,5IKI,399,1.1922,43,1,239,282,
train,199464,359699,ok,5IKI,399,1.1922,43,1,319,362,
train,200281,520089,ok,8EOH,454,1.1831,49,1,412,461,
train,201199,391126,ok,8FDA,467,3.2137,73,1,376,449,
train,202435,256601,ok,9YK4,466,1.3659,43,1,172,215,
train,202625,31328,ok,9O35,397,1.9095,43,1,545,588,
train,202962,184237,ok,3K9Y,462,0.7332,43,1,407,450,
train,203753,146739,ok,3QZ1,445,1.8400,43,1,532,575,
train,204332,396793,ok,3DL9,464,0.3268,86,2,463,549,
train,204498,175946,ok,5IKI,399,1.1922,43,1,365,408,
train,204910,401852,ok,8FDA,467,3.2137,73,1,263,336,
train,205061,187823,ok,7X2Q,466,0.7024,43,1,570,613,
train,205077,422991,ok,3LD6,445,0.5553,43,1,397,440,
train,206685,326097,ok,8X1W,439,0.8490,43,1,190,233,
train,206727,152731,ok,8FDA,467,3.2137,73,1,428,501,
train,209096,127737,ok,7DVO,399,0.5516,48,2,405,453,
train,209124,319923,ok,9O35,397,1.9095,43,1,475,518,
train,209700,175322,ok,3LD6,445,0.5553,43,1,693,736,
train,210510,203317,ok,7X2Q,466,0.7024,43,1,271,314,
train,210964,322692,ok,8FDA,467,3.2137,73,1,319,392,
train,212308,296229,ok,8FDA,467,3.2137,73,1,481,554,
train,212380,135000,ok,3LD6,445,0.5553,43,1,199,242,
train,212599,143836,ok,3QZ1,445,1.8400,43,1,432,475,
train,212747,263225,ok,3MZS,470,1.0695,43,1,180,223,
train,212842,121923,ok,8FDA,467,3.2137,73,1,351,424,
train,214212,372323,ok,8FDA,467,3.2137,73,1,245,318,
train,214405,202493,ok,8FDA,467,3.2137,73,1,277,350,
train,214533,427143,ok,3V8D,476,1.6511,43,1,409,452,
train,214717,206843,ok,9YK4,466,1.3659,43,1,278,321,
train,214885,339569,ok,8FDA,467,3.2137,73,1,285,358,
train,215197,308993,ok,7X2Q,466,0.7024,43,1,276,319,
train,215250,293521,ok,8FDA,467,3.2137,73,1,303,376,
train,215387,181530,ok,8FDA,467,3.2137,73,1,286,359,
train,217429,153517,ok,6XZ9,472,0.9625,43,1,163,206,
train,217909,371713,ok,6L8H,466,0.3122,43,1,247,290,
train,218069,157281,ok,8FDA,467,3.2137,73,1,226,299,
train,218587,377746,ok,3DL9,464,0.3268,86,2,344,430,
train,218846,539287,ok,3K9Y,462,0.7332,43,1,259,302,
train,219944,257385,ok,3BE0,397,0.4806,43,1,418,461,
train,220769,240340,ok,8FDA,467,3.2137,73,1,407,480,
train,221213,380832,ok,8X1W,439,0.8490,43,1,356,399,
train,221492,127564,ok,3MZS,470,1.0695,43,1,256,299,
train,221924,250518,ok,3BE0,397,0.4806,43,1,226,269,
train,222029,132832,ok,3K9Y,462,0.7332,43,1,366,409,
train,223380,344576,ok,9NNO,435,0.8306,43,1,367,410,
train,223710,170306,ok,6L8H,466,0.3122,43,1,245,288,
train,224032,309493,ok,9NNO,435,0.8306,43,1,521,564,
train,224301,423447,ok,7X2Q,466,0.7024,43,1,459,502,
train,225377,306527,ok,5IKI,399,1.1922,43,1,420,463,
train,225743,267082,ok,8X1W,439,0.8490,43,1,218,261,
train,226797,212445,ok,3MZS,470,1.0695,43,1,240,283,
train,227211,265547,ok,7DVO,399,0.5516,48,2,605,653,
train,227318,434516,ok,3DL9,464,0.3268,86,2,407,493,
train,227635,165432,ok,8X1W,439,0.8490,43,1,388,431,
train,227933,475584,ok,4GQS,461,1.6585,43,1,320,363,
train,228263,209835,ok,3K9Y,462,0.7332,43,1,209,252,
train,228519,164590,ok,9NNO,435,0.8306,43,1,295,338,
train,228644,370192,ok,8X1W,439,0.8490,43,1,324,367,
train,229218,260236,ok,3K9Y,462,0.7332,43,1,154,197,
train,229504,65336,ok,8FDA,467,3.2137,73,1,371,444,
train,229558,279726,ok,3L4D,445,0.9021,43,1,165,208,
train,229749,110239,ok,8FDA,467,3.2137,73,1,504,577,
train,230678,418741,ok,9NNO,435,0.8306,43,1,375,418,
train,230958,433920,ok,5IKI,399,1.1922,43,1,480,523,
train,231009,376335,ok,3L4D,445,0.9021,43,1,409,452,
train,231432,247232,ok,3BE0,397,0.4806,43,1,375,418,
train,231548,180950,ok,3DL9,464,0.3268,86,2,318,404,
train,232315,264008,ok,3L4D,445,0.9021,43,1,381,424,
train,232563,143323,ok,8FDA,467,3.2137,73,1,336,409,
train,232990,200634,ok,9YK4,466,1.3659,43,1,276,319,
train,233166,332018,ok,7X2Q,466,0.7024,43,1,415,458,
train,234369,153583,ok,3BE0,397,0.4806,43,1,243,286,
train,234755,193512,ok,9YK4,466,1.3659,43,1,235,278,
train,234783,323550,ok,3QZ1,445,1.8400,43,1,335,378,
train,234815,228402,ok,8X1W,439,0.8490,43,1,256,299,
train,236037,237496,ok,3BE0,397,0.4806,43,1,315,358,
train,236370,397497,ok,6XZ9,472,0.9625,43,1,528,571,
train,236790,363433,ok,3LD6,445,0.5553,43,1,266,309,
train,238758,527318,ok,3DL9,464,0.3268,86,2,351,437,
train,238859,362399,ok,8FDA,467,3.2137,73,1,463,536,
train,239388,128243,ok,9NNO,435,0.8306,43,1,254,297,
train,239790,217461,ok,9YK4,466,1.3659,43,1,262,305,
train,240849,421140,ok,5IKI,399,1.1922,43,1,485,528,
train,241032,423850,ok,8FDA,467,3.2137,73,1,203,276,
train,241374,309113,ok,5IKI,399,1.1922,43,1,288,331,
train,241429,428946,ok,9YK4,466,1.3659,43,1,341,384,
train,241645,424044,ok,8FDA,467,3.2137,73,1,326,399,
train,243073,208725,ok,6L8H,466,0.3122,43,1,239,282,
train,243344,354180,ok,8EOH,454,1.1831,49,1,214,263,
train,243896,234179,ok,7CB9,466,1.6071,43,1,365,408,
train,243918,146521,ok,8FDA,467,3.2137,73,1,446,519,
train,244628,213072,ok,7DVO,399,0.5516,48,2,249,297,
train,245261,426789,ok,8X1W,439,0.8490,43,1,412,455,
train,245511,175764,ok,3LD6,445,0.5553,43,1,220,263,
train,245655,197790,ok,6L8H,466,0.3122,43,1,227,270,
train,246993,424607,ok,7CB9,466,1.6071,43,1,426,469,
train,247275,158017,ok,6L8H,466,0.3122,43,1,262,305,
train,248305,394758,ok,3DL9,464,0.3268,86,2,347,433,
train,248480,203414,ok,3LD6,445,0.5553,43,1,261,304,
train,248585,126292,ok,7X2Q,466,0.7024,43,1,303,346,
train,249830,236759,ok,6L8H,466,0.3122,43,1,150,193,
train,251423,283116,ok,9YK4,466,1.3659,43,1,402,445,
train,251774,341714,ok,5JL9,452,0.4942,43,1,356,399,
train,251982,308715,ok,8EOH,454,1.1831,49,1,188,237,
train,252513,523222,ok,3QZ1,445,1.8400,43,1,331,374,
train,252702,412486,ok,3LD6,445,0.5553,43,1,398,441,
train,252767,405837,ok,3QZ1,445,1.8400,43,1,409,452,
train,253109,370592,ok,9O35,397,1.9095,43,1,606,649,
train,253351,321459,ok,9YK4,466,1.3659,43,1,525,568,
train,253931,242909,ok,5IKI,399,1.1922,43,1,357,400,
train,254109,350508,ok,3QZ1,445,1.8400,43,1,309,352,
train,254431,135487,ok,7CB9,466,1.6071,43,1,502,545,
train,255797,408198,ok,3LD6,445,0.5553,43,1,410,453,
train,255907,269082,ok,3LD6,445,0.5553,43,1,240,283,
train,255931,185912,ok,8FDA,467,3.2137,73,1,286,359,
train,256367,323232,ok,3K9Y,462,0.7332,43,1,322,365,
train,256626,351172,ok,8X1W,439,0.8490,43,1,404,447,
train,256785,157629,ok,5IKI,399,1.1922,43,1,584,627,
train,256806,345894,ok,3DL9,464,0.3268,86,2,395,481,
train,257016,150621,ok,9NNO,435,0.8306,43,1,527,570,
train,259005,406342,ok,7X2Q,466,0.7024,43,1,257,300,
train,259302,261321,ok,8X1W,439,0.8490,43,1,155,198,
train,259646,269863,ok,6L8H,466,0.3122,43,1,173,216,
train,260426,301250,ok,7DVO,399,0.5516,48,2,228,276,
train,261277,426506,ok,3LD6,445,0.5553,43,1,313,356,
train,262819,156126,ok,3L4D,445,0.9021,43,1,477,520,
train,262899,225061,ok,7DVO,399,0.5516,48,2,333,381,
train,263545,67665,ok,8FDA,467,3.2137,73,1,337,410,
train,263830,248378,ok,6XZ9,472,0.9625,43,1,209,252,
train,264579,262292,ok,6XZ9,472,0.9625,43,1,311,354,
train,265643,348288,ok,3QZ1,445,1.8400,43,1,241,284,
train,266015,235758,ok,3QZ1,445,1.8400,43,1,287,330,
train,266213,359172,ok,6L8H,466,0.3122,43,1,324,367,
train,267507,325179,ok,3K9Y,462,0.7332,43,1,220,263,
train,268813,119582,ok,8FDA,467,3.2137,73,1,214,287,
train,268868,272797,ok,8FDA,467,3.2137,73,1,333,406,
train,268958,535754,ok,7CB9,466,1.6071,43,1,359,402,
train,269977,368237,ok,3LD6,445,0.5553,43,1,388,431,
train,270144,131671,ok,8FDA,467,3.2137,73,1,575,648,
train,270307,175133,ok,6L8H,466,0.3122,43,1,116,159,
train,270532,160030,ok,3DL9,464,0.3268,86,2,383,469,
train,271455,158060,ok,6XZ9,472,0.9625,43,1,420,463,
train,271744,406215,ok,3V8D,476,1.6511,43,1,218,261,
train,271954,419936,ok,9O35,397,1.9095,43,1,281,324,
train,272864,335836,ok,3LD6,445,0.5553,43,1,292,335,
train,273598,428736,ok,3DL9,464,0.3268,86,2,447,533,
train,274192,377422,ok,8X1W,439,0.8490,43,1,432,475,
train,274286,217806,ok,8X1W,439,0.8490,43,1,318,361,
train,274638,390205,ok,8EOH,454,1.1831,49,1,448,497,
train,274873,495835,ok,3K9Y,462,0.7332,43,1,384,427,
train,275541,185471,ok,8EOH,454,1.1831,49,1,239,288,
train,276426,401622,ok,3DL9,464,0.3268,86,2,475,561,
train,277298,194119,ok,7DVO,399,0.5516,48,2,589,637,
train,277691,500093,ok,8EOH,454,1.1831,49,1,359,408,
train,277729,271722,ok,3DL9,464,0.3268,86,2,321,407,
train,277953,157139,ok,3LD6,445,0.5553,43,1,259,302,
train,278169,206999,ok,9NNO,435,0.8306,43,1,251,294,
train,279032,371439,ok,6L8H,466,0.3122,43,1,318,361,
train,279342,334827,ok,9NNO,435,0.8306,43,1,285,328,
train,279977,454633,ok,3L4D,445,0.9021,43,1,421,464,
train,280310,364370,ok,9YK4,466,1.3659,43,1,472,515,
train,280547,226441,ok,6L8H,466,0.3122,43,1,153,196,
train,281241,416606,ok,3K9Y,462,0.7332,43,1,419,462,
train,281730,155723,ok,3LD6,445,0.5553,43,1,196,239,
train,282633,306162,ok,3LD6,445,0.5553,43,1,456,499,
train,282892,369945,ok,3QZ1,445,1.8400,43,1,326,369,
train,282945,300965,ok,3V8D,476,1.6511,43,1,334,377,
train,284065,198906,ok,8FDA,467,3.2137,73,1,404,477,
train,284335,316000,ok,3K9Y,462,0.7332,43,1,296,339,
train,284838,293401,ok,8FDA,467,3.2137,73,1,218,291,
train,284977,285888,ok,9NNO,435,0.8306,43,1,286,329,
train,285931,346560,ok,3BE0,397,0.4806,43,1,333,376,
train,286122,108022,ok,3DL9,464,0.3268,86,2,204,290,
train,286422,278257,ok,3DL9,464,0.3268,86,2,191,277,
train,286541,359038,ok,8EOH,454,1.1831,49,1,218,267,
train,287179,435050,ok,8X1W,439,0.8490,43,1,297,340,
train,287272,371251,ok,8FDA,467,3.2137,73,1,349,422,
train,288928,118247,ok,8X1W,439,0.8490,43,1,297,340,
train,289013,220417,ok,9YK4,466,1.3659,43,1,227,270,
train,289369,374094,ok,3QZ1,445,1.8400,43,1,375,418,
train,290548,232651,ok,3DL9,464,0.3268,86,2,461,547,
train,291341,134364,ok,6L8H,466,0.3122,43,1,193,236,
train,292290,103833,ok,4GQS,461,1.6585,43,1,274,317,
train,292725,112747,ok,8FDA,467,3.2137,73,1,306,379,
train,293543,312729,ok,3DL9,464,0.3268,86,2,451,537,
train,294482,341385,ok,8FDA,467,3.2137,73,1,552,625,
train,294484,128996,ok,5IKI,399,1.1922,43,1,529,572,
train,295067,162028,ok,3LD6,445,0.5553,43,1,200,243,
train,295513,408824,ok,6L8H,466,0.3122,43,1,219,262,
train,295854,367915,ok,8FDA,467,3.2137,73,1,373,446,
train,296584,215731,ok,9NNO,435,0.8306,43,1,212,255,
train,297061,254016,ok,9YK4,466,1.3659,43,1,180,223,
train,297448,119770,ok,9YK4,466,1.3659,43,1,310,353,
train,297569,242815,ok,4GQS,461,1.6585,43,1,249,292,
train,298637,230745,ok,6XZ9,472,0.9625,43,1,249,292,
train,298989,191166,ok,8EOH,454,1.1831,49,1,259,308,
train,299197,191725,ok,8FDA,467,3.2137,73,1,369,442,
train,300759,152974,ok,9YK4,466,1.3659,43,1,448,491,
train,301411,251380,ok,3LD6,445,0.5553,43,1,576,619,
train,302435,291188,ok,9NNO,435,0.8306,43,1,261,304,
train,302681,373682,ok,3K9Y,462,0.7332,43,1,380,423,
train,302926,346712,ok,7X2Q,466,0.7024,43,1,314,357,
train,304090,385098,ok,9YK4,466,1.3659,43,1,216,259,
train,304552,105634,ok,6L8H,466,0.3122,43,1,148,191,
train,306022,169668,ok,3QZ1,445,1.8400,43,1,261,304,
train,306884,100154,ok,5IKI,399,1.1922,43,1,216,259,
train,307041,299665,ok,3K9Y,462,0.7332,43,1,297,340,
train,307551,191799,ok,3K9Y,462,0.7332,43,1,291,334,
train,307920,360611,ok,9NNO,435,0.8306,43,1,508,551,
train,308721,403372,ok,7X2Q,466,0.7024,43,1,403,446,
train,308942,156083,ok,9YK4,466,1.3659,43,1,486,529,
train,312059,155261,ok,7X2Q,466,0.7024,43,1,764,807,
train,313057,268307,ok,9YK4,466,1.3659,43,1,425,468,
train,313361,303951,ok,3QZ1,445,1.8400,43,1,276,319,
train,313373,190175,ok,8FDA,467,3.2137,73,1,236,309,
train,313461,394508,ok,8X1W,439,0.8490,43,1,239,282,
train,314687,180205,ok,5IKI,399,1.1922,43,1,367,410,
train,314857,311706,ok,8FDA,467,3.2137,73,1,726,799,
train,314898,414556,ok,9YK4,466,1.3659,43,1,184,227,
train,314993,160421,ok,3QZ1,445,1.8400,43,1,263,306,
train,315259,508344,ok,3QZ1,445,1.8400,43,1,158,201,
train,315361,287952,ok,3L4D,445,0.9021,43,1,263,306,
train,315513,534427,ok,6XZ9,472,0.9625,43,1,372,415,
train,315755,150883,ok,3DL9,464,0.3268,86,2,298,384,
train,317471,203794,ok,8FDA,467,3.2137,73,1,288,361,
train,317829,264246,ok,8FDA,467,3.2137,73,1,314,387,
train,318607,434976,ok,3QZ1,445,1.8400,43,1,302,345,
train,319271,224066,ok,3BE0,397,0.4806,43,1,500,543,
train,320409,118789,ok,9NNO,435,0.8306,43,1,224,267,
train,320563,384590,ok,8FDA,467,3.2137,73,1,374,447,
train,320697,429781,ok,3K9Y,462,0.7332,43,1,252,295,
train,320887,198203,ok,3K9Y,462,0.7332,43,1,385,428,
train,322471,371042,ok,3QZ1,445,1.8400,43,1,294,337,
train,323154,408062,ok,3QZ1,445,1.8400,43,1,330,373,
train,323531,189303,ok,9YK4,466,1.3659,43,1,258,301,
train,323711,159001,ok,3DL9,464,0.3268,86,2,166,252,
train,324632,405576,ok,8FDA,467,3.2137,73,1,304,377,
train,324707,122314,ok,7DVO,399,0.5516,48,2,319,367,
train,326060,368162,ok,3BE0,397,0.4806,43,1,407,450,
train,326138,432578,ok,9NNO,435,0.8306,43,1,277,320,
train,326173,431192,ok,8FDA,467,3.2137,73,1,325,398,
train,328762,200848,ok,8FDA,467,3.2137,73,1,260,333,
train,328833,299594,ok,9NNO,435,0.8306,43,1,315,358,
train,329804,202502,ok,8X1W,439,0.8490,43,1,319,362,
train,330602,390299,ok,3BE0,397,0.4806,43,1,334,377,
train,330770,224013,ok,8FDA,467,3.2137,73,1,274,347,
train,330775,155126,ok,8FDA,467,3.2137,73,1,257,330,
train,330856,305154,ok,7CB9,466,1.6071,43,1,300,343,
train,331004,291943,ok,3LD6,445,0.5553,43,1,484,527,
train,331284,399933,ok,6XZ9,472,0.9625,43,1,180,223,
train,332204,109689,ok,3QZ1,445,1.8400,43,1,245,288,
train,332699,267837,ok,3BE0,397,0.4806,43,1,376,419,
train,333056,260106,ok,3LD6,445,0.5553,43,1,350,393,
train,333408,328538,ok,3DL9,464,0.3268,86,2,418,504,
train,333742,308892,ok,3QZ1,445,1.8400,43,1,292,335,
train,334734,286173,ok,8FDA,467,3.2137,73,1,227,300,
train,334819,304292,ok,3K9Y,462,0.7332,43,1,323,366,
train,334852,319665,ok,3QZ1,445,1.8400,43,1,213,256,
train,336152,120903,ok,3DL9,464,0.3268,86,2,386,472,
train,336502,119083,ok,3BE0,397,0.4806,43,1,541,584,
train,337081,298532,ok,3DL9,464,0.3268,86,2,295,381,
train,337367,434963,ok,3DL9,464,0.3268,86,2,178,264,
train,339457,374921,ok,3QZ1,445,1.8400,43,1,391,434,
train,339576,263283,ok,7X2Q,466,0.7024,43,1,198,241,
train,340004,358400,ok,3QZ1,445,1.8400,43,1,215,258,
train,340178,241826,ok,8FDA,467,3.2137,73,1,354,427,
train,340407,355567,ok,9YK4,466,1.3659,43,1,264,307,
train,340664,103501,ok,3QZ1,445,1.8400,43,1,159,202,
train,343368,137050,ok,7X2Q,466,0.7024,43,1,373,416,
train,344040,288462,ok,9YK4,466,1.3659,43,1,284,327,
train,344173,342320,ok,3DL9,464,0.3268,86,2,469,555,
train,344435,377246,ok,3BE0,397,0.4806,43,1,283,326,
train,346882,419792,ok,5IKI,399,1.1922,43,1,172,215,
train,347373,171818,ok,3DL9,464,0.3268,86,2,282,368,
train,347712,262787,ok,3K9Y,462,0.7332,43,1,202,245,
train,348826,268793,ok,5IKI,399,1.1922,43,1,391,434,
train,348850,375171,ok,9YK4,466,1.3659,43,1,355,398,
train,349143,447090,ok,8FDA,467,3.2137,73,1,346,419,
train,349903,249356,ok,8FDA,467,3.2137,73,1,240,313,
train,350903,309355,ok,3QZ1,445,1.8400,43,1,291,334,
train,350974,123910,ok,3K9Y,462,0.7332,43,1,271,314,
train,351133,370329,ok,7X2Q,466,0.7024,43,1,391,434,
train,351236,499000,ok,3L4D,445,0.9021,43,1,387,430,
train,351427,268391,ok,3K9Y,462,0.7332,43,1,288,331,
train,351552,344310,ok,8FDA,467,3.2137,73,1,288,361,
train,351976,171774,ok,3MZS,470,1.0695,43,1,324,367,
train,352159,234814,ok,8EOH,454,1.1831,49,1,326,375,
train,352535,110886,ok,8X1W,439,0.8490,43,1,279,322,
train,352676,391772,ok,9YK4,466,1.3659,43,1,206,249,
train,353659,116626,ok,8FDA,467,3.2137,73,1,466,539,
train,354099,373351,ok,5IKI,399,1.1922,43,1,476,519,
train,354159,207944,ok,3DL9,464,0.3268,86,2,116,202,
train,354181,104602,ok,7DVO,399,0.5516,48,2,501,549,
train,354448,351275,ok,9YK4,466,1.3659,43,1,272,315,
train,355496,133416,ok,9YK4,466,1.3659,43,1,565,608,
train,357212,423279,ok,3K9Y,462,0.7332,43,1,270,313,
train,357345,286003,ok,5IKI,399,1.1922,43,1,281,324,
train,357505,142905,ok,3DL9,464,0.3268,86,2,267,353,
train,357948,352800,ok,5IKI,399,1.1922,43,1,326,369,
train,358735,399831,ok,9NNO,435,0.8306,43,1,334,377,
train,358965,148315,ok,8FDA,467,3.2137,73,1,339,412,
train,359299,142953,ok,5IKI,399,1.1922,43,1,163,206,
train,359908,415027,ok,9YK4,466,1.3659,43,1,361,404,
train,361410,433738,ok,3L4D,445,0.9021,43,1,306,349,
train,362268,216883,ok,9O35,397,1.9095,43,1,424,467,
train,362463,204709,ok,3DL9,464,0.3268,86,2,378,464,
train,363663,144781,ok,7DVO,399,0.5516,48,2,472,520,
train,363820,140538,ok,6L8H,466,0.3122,43,1,229,272,
train,364207,225069,ok,9YK4,466,1.3659,43,1,463,506,
train,365636,151289,ok,3K9Y,462,0.7332,43,1,457,500,
train,367889,332882,ok,3L4D,445,0.9021,43,1,322,365,
train,369161,339797,ok,8FDA,467,3.2137,73,1,477,550,
train,370195,275725,ok,8FDA,467,3.2137,73,1,328,401,
train,370716,422805,ok,3DL9,464,0.3268,86,2,367,453,
train,371215,364437,ok,7X2Q,466,0.7024,43,1,482,525,
train,371994,155080,ok,3LD6,445,0.5553,43,1,547,590,
train,372464,529915,ok,3K9Y,462,0.7332,43,1,537,580,
train,373462,177675,ok,8FDA,467,3.2137,73,1,271,344,
train,373633,190801,ok,8FDA,467,3.2137,73,1,233,306,
train,373893,519220,ok,6XZ9,472,0.9625,43,1,376,419,
train,374431,521954,ok,8FDA,467,3.2137,73,1,378,451,
train,374945,203738,ok,9O35,397,1.9095,43,1,399,442,
train,375710,60796,ok,5IKI,399,1.1922,43,1,368,411,
train,375904,342308,ok,3QZ1,445,1.8400,43,1,309,352,
train,376614,425773,ok,8FDA,467,3.2137,73,1,366,439,
train,377237,155795,ok,9O35,397,1.9095,43,1,209,252,
train,377839,414893,ok,9NNO,435,0.8306,43,1,330,373,
train,378080,400194,ok,3QZ1,445,1.8400,43,1,480,523,
train,378282,434724,ok,3DL9,464,0.3268,86,2,406,492,
train,378321,343207,ok,5IKI,399,1.1922,43,1,266,309,
train,378517,51408,ok,3DL9,464,0.3268,86,2,490,576,
train,378931,387752,ok,7DVO,399,0.5516,48,2,320,368,
train,379211,222085,ok,3LD6,445,0.5553,43,1,185,228,
train,380076,431312,ok,3LD6,445,0.5553,43,1,240,283,
train,380131,270607,ok,8FDA,467,3.2137,73,1,286,359,
train,380223,259460,ok,3DL9,464,0.3268,86,2,529,615,
train,380405,379341,ok,9YK4,466,1.3659,43,1,307,350,
train,380639,374462,ok,8EOH,454,1.1831,49,1,275,324,
train,381087,226947,ok,8X1W,439,0.8490,43,1,214,257,
train,381114,181965,ok,8FDA,467,3.2137,73,1,246,319,
train,381820,210794,ok,3K9Y,462,0.7332,43,1,267,310,
train,381840,203071,ok,6XZ9,472,0.9625,43,1,386,429,
train,382147,335155,ok,6XZ9,472,0.9625,43,1,273,316,
train,382946,392038,ok,9NNO,435,0.8306,43,1,347,390,
train,382989,290034,ok,4GQS,461,1.6585,43,1,281,324,
train,383058,292100,ok,8FDA,467,3.2137,73,1,207,280,
train,383333,205724,ok,3LD6,445,0.5553,43,1,211,254,
train,383969,349783,ok,9YK4,466,1.3659,43,1,228,271,
train,384297,340589,ok,3BE0,397,0.4806,43,1,364,407,
train,384485,344141,ok,3V8D,476,1.6511,43,1,327,370,
train,384676,209640,ok,8FDA,467,3.2137,73,1,209,282,
train,385311,387668,ok,3LD6,445,0.5553,43,1,375,418,
train,387477,250899,ok,3DL9,464,0.3268,86,2,373,459,
train,387539,278977,ok,3QZ1,445,1.8400,43,1,416,459,
train,388627,291909,ok,3QZ1,445,1.8400,43,1,288,331,
train,388637,159239,ok,7DVO,399,0.5516,48,2,397,445,
train,388861,339794,ok,8FDA,467,3.2137,73,1,530,603,
train,389640,532873,ok,3QZ1,445,1.8400,43,1,357,400,
train,389644,419789,ok,9YK4,466,1.3659,43,1,274,317,
train,390041,56046,ok,3QZ1,445,1.8400,43,1,367,410,
train,390411,207248,ok,3L4D,445,0.9021,43,1,356,399,
train,390704,260413,ok,6L8H,466,0.3122,43,1,162,205,
train,390848,384920,ok,9YK4,466,1.3659,43,1,345,388,
train,392201,245746,ok,3K9Y,462,0.7332,43,1,266,309,
train,392587,410260,ok,3V8D,476,1.6511,43,1,292,335,
train,393256,301786,ok,8FDA,467,3.2137,73,1,276,349,
train,393286,417912,ok,5IKI,399,1.1922,43,1,285,328,
train,393794,230917,ok,8FDA,467,3.2137,73,1,316,389,
train,393986,193012,ok,6XZ9,472,0.9625,43,1,324,367,
train,394162,103410,ok,3K9Y,462,0.7332,43,1,233,276,
train,394283,135913,ok,3QZ1,445,1.8400,43,1,464,507,
train,394455,342328,ok,7CB9,466,1.6071,43,1,293,336,
train,396030,164725,ok,9YK4,466,1.3659,43,1,233,276,
train,396061,133401,ok,5IKI,399,1.1922,43,1,299,342,
train,397074,264370,ok,8EOH,454,1.1831,49,1,298,347,
train,397519,198568,ok,8FDA,467,3.2137,73,1,296,369,
train,397892,150625,ok,9NNO,435,0.8306,43,1,446,489,
train,399861,229809,ok,3K9Y,462,0.7332,43,1,256,299,
train,399945,187889,ok,3K9Y,462,0.7332,43,1,362,405,
train,400020,309717,ok,8FDA,467,3.2137,73,1,537,610,
train,400146,409194,ok,9YK4,466,1.3659,43,1,222,265,
train,400821,137783,ok,3K9Y,462,0.7332,43,1,281,324,
train,400842,210191,ok,3K9Y,462,0.7332,43,1,140,183,
train,401091,332000,ok,7DVO,399,0.5516,48,2,181,229,
train,401457,151175,ok,8FDA,467,3.2137,73,1,208,281,
train,401549,405401,ok,3QZ1,445,1.8400,43,1,328,371,
train,402330,299703,ok,8FDA,467,3.2137,73,1,370,443,
train,403759,309638,ok,8FDA,467,3.2137,73,1,475,548,
train,405207,385181,ok,8X1W,439,0.8490,43,1,266,309,
train,405681,372720,ok,3QZ1,445,1.8400,43,1,400,443,
train,406072,193565,ok,9YK4,466,1.3659,43,1,219,262,
train,406218,412285,ok,3LD6,445,0.5553,43,1,366,409,
train,406805,298924,ok,9YK4,466,1.3659,43,1,505,548,
train,406959,429187,ok,9NNO,435,0.8306,43,1,495,538,
train,406976,330984,ok,3DL9,464,0.3268,86,2,370,456,
train,407419,182467,ok,3QZ1,445,1.8400,43,1,255,298,
train,407644,436023,ok,3K9Y,462,0.7332,43,1,281,324,
train,407724,301231,ok,8X1W,439,0.8490,43,1,178,221,
train,408073,223581,ok,9YK4,466,1.3659,43,1,262,305,
train,408090,244630,ok,3DL9,464,0.3268,86,2,428,514,
train,408509,349599,ok,6XZ9,472,0.9625,43,1,330,373,
train,411327,130189,ok,9YK4,466,1.3659,43,1,533,576,
train,411531,186328,ok,8FDA,467,3.2137,73,1,271,344,
train,411962,328693,ok,3L4D,445,0.9021,43,1,451,494,
train,412510,142919,ok,8FDA,467,3.2137,73,1,291,364,
train,412795,349573,ok,9YK4,466,1.3659,43,1,392,435,
train,412941,171647,ok,7DVO,399,0.5516,48,2,366,414,
train,412952,199642,ok,8FDA,467,3.2137,73,1,246,319,
train,413504,351474,ok,3BE0,397,0.4806,43,1,512,555,
train,413777,166390,ok,3V8D,476,1.6511,43,1,435,478,
train,413959,152993,ok,3BE0,397,0.4806,43,1,533,576,
train,414735,307392,ok,3BE0,397,0.4806,43,1,335,378,
train,415623,307749,ok,7X2Q,466,0.7024,43,1,288,331,
train,416548,297309,ok,8FDA,467,3.2137,73,1,443,516,
train,417067,187698,ok,3QZ1,445,1.8400,43,1,235,278,
train,417234,275066,ok,6XZ9,472,0.9625,43,1,385,428,
train,417696,293088,ok,5IKI,399,1.1922,43,1,484,527,
train,418072,216681,ok,8FDA,467,3.2137,73,1,271,344,
train,418081,368469,ok,3LD6,445,0.5553,43,1,386,429,
train,418192,289325,ok,3QZ1,445,1.8400,43,1,217,260,
train,418240,280144,ok,6L8H,466,0.3122,43,1,282,325,
train,418340,323829,ok,5IKI,399,1.1922,43,1,445,488,
train,419124,518468,ok,3DL9,464,0.3268,86,2,463,549,
train,419620,309069,ok,3LD6,445,0.5553,43,1,334,377,
train,419806,388252,ok,5IKI,399,1.1922,43,1,434,477,
train,419934,359233,ok,9YK4,466,1.3659,43,1,384,427,
train,421557,229982,ok,8FDA,467,3.2137,73,1,294,367,
train,422736,264935,ok,9O35,397,1.9095,43,1,285,328,
train,424002,426298,ok,3K9Y,462,0.7332,43,1,320,363,
train,424266,166912,ok,3DL9,464,0.3268,86,2,318,404,
train,426818,194270,ok,3DL9,464,0.3268,86,2,399,485,
train,426906,160570,ok,9YK4,466,1.3659,43,1,266,309,
train,427312,433170,ok,6XZ9,472,0.9625,43,1,499,542,
train,427332,321599,ok,7DVO,399,0.5516,48,2,466,514,
train,427662,345975,ok,7DVO,399,0.5516,48,2,168,216,
train,428254,279290,ok,5IKI,399,1.1922,43,1,312,355,
train,428400,433515,ok,3DL9,464,0.3268,86,2,387,473,
train,429218,224566,ok,3K9Y,462,0.7332,43,1,215,258,
train,429628,102799,ok,8FDA,467,3.2137,73,1,294,367,
train,429719,309511,ok,3QZ1,445,1.8400,43,1,306,349,
train,429805,429852,ok,3DL9,464,0.3268,86,2,391,477,
train,429858,303717,ok,3DL9,464,0.3268,86,2,310,396,
train,430496,219065,ok,9O35,397,1.9095,43,1,250,293,
train,430814,217884,ok,3K9Y,462,0.7332,43,1,478,521,
train,431898,301581,ok,7X2Q,466,0.7024,43,1,364,407,
train,431915,262534,ok,8FDA,467,3.2137,73,1,285,358,
train,432447,251714,ok,9O35,397,1.9095,43,1,361,404,
train,432981,328954,ok,6L8H,466,0.3122,43,1,335,378,
train,433055,312917,ok,9YK4,466,1.3659,43,1,252,295,
train,433284,344911,ok,3DL9,464,0.3268,86,2,335,421,
train,433287,293392,ok,3K9Y,462,0.7332,43,1,310,353,
train,434095,346384,ok,3K9Y,462,0.7332,43,1,357,400,
train,434441,339137,ok,9YK4,466,1.3659,43,1,194,237,
train,436557,391233,ok,3DL9,464,0.3268,86,2,255,341,
train,436595,267861,ok,8X1W,439,0.8490,43,1,369,412,
train,436627,355286,ok,8EOH,454,1.1831,49,1,330,379,
train,436783,283659,ok,8FDA,467,3.2137,73,1,343,416,
train,436899,261249,ok,3QZ1,445,1.8400,43,1,543,586,
train,437289,224055,ok,3V8D,476,1.6511,43,1,213,256,
train,437490,238283,ok,9YK4,466,1.3659,43,1,194,237,
train,438764,338647,ok,3DL9,464,0.3268,86,2,191,277,
train,439701,107276,ok,8X1W,439,0.8490,43,1,305,348,
val,169,435270,ok,3DL9,464,0.3268,86,2,296,382,
val,239,526465,ok,4GQS,461,1.6585,43,1,318,361,
val,729,123646,ok,3DL9,464,0.3268,86,2,402,488,
val,743,394124,ok,5IKI,399,1.1922,43,1,524,567,
val,766,391186,ok,8X1W,439,0.8490,43,1,310,353,
val,986,298862,ok,9NNO,435,0.8306,43,1,355,398,
val,1257,339645,ok,8FDA,467,3.2137,73,1,256,329,
val,1260,420073,ok,9NNO,435,0.8306,43,1,270,313,
val,2063,158929,ok,3QZ1,445,1.8400,43,1,346,389,
val,3497,344156,ok,3LD6,445,0.5553,43,1,386,429,
val,4317,255654,ok,3QZ1,445,1.8400,43,1,243,286,
val,7228,264335,ok,3MZS,470,1.0695,43,1,236,279,
val,7447,340355,ok,9YK4,466,1.3659,43,1,396,439,
val,7658,313935,ok,3DL9,464,0.3268,86,2,230,316,
val,8662,342648,ok,6L8H,466,0.3122,43,1,220,263,
val,8681,214065,ok,9YK4,466,1.3659,43,1,412,455,
val,9268,316808,ok,8FDA,467,3.2137,73,1,477,550,
val,9675,411310,ok,3V8D,476,1.6511,43,1,445,488,
val,10219,412107,ok,8FDA,467,3.2137,73,1,308,381,
val,10621,158846,ok,8FDA,467,3.2137,73,1,499,572,
val,10636,327465,ok,7X2Q,466,0.7024,43,1,479,522,
val,10654,374049,ok,8EOH,454,1.1831,49,1,124,173,
val,11091,458311,ok,3LD6,445,0.5553,43,1,473,516,
val,11107,339673,ok,8FDA,467,3.2137,73,1,314,387,
val,11317,298840,ok,3K9Y,462,0.7332,43,1,259,302,
val,11703,263818,ok,3DL9,464,0.3268,86,2,288,374,
val,11955,260619,ok,9NNO,435,0.8306,43,1,279,322,
val,12852,397346,ok,7CB9,466,1.6071,43,1,326,369,
val,12858,394469,ok,3BE0,397,0.4806,43,1,488,531,
val,13094,433802,ok,3L4D,445,0.9021,43,1,412,455,
val,14426,388608,ok,3K9Y,462,0.7332,43,1,253,296,
val,15711,166835,ok,3QZ1,445,1.8400,43,1,373,416,
val,15918,135199,ok,8FDA,467,3.2137,73,1,242,315,
val,15952,254546,ok,5IKI,399,1.1922,43,1,538,581,
val,16468,288569,ok,5IKI,399,1.1922,43,1,353,396,
val,16823,373851,ok,3K9Y,462,0.7332,43,1,564,607,
val,17198,304445,ok,3LD6,445,0.5553,43,1,151,194,
val,17609,406720,ok,5IKI,399,1.1922,43,1,477,520,
val,17648,246681,ok,5IKI,399,1.1922,43,1,366,409,
val,18208,513069,ok,3LD6,445,0.5553,43,1,488,531,
val,18998,210243,ok,3QZ1,445,1.8400,43,1,257,300,
val,19118,199649,ok,9YK4,466,1.3659,43,1,243,286,
val,19129,351846,ok,9YK4,466,1.3659,43,1,383,426,
val,19196,198534,ok,8EOH,454,1.1831,49,1,222,271,
val,19303,214443,ok,7X2Q,466,0.7024,43,1,261,304,
val,19744,224768,ok,6L8H,466,0.3122,43,1,142,185,
val,19938,148021,ok,8X1W,439,0.8490,43,1,323,366,
val,20854,281795,ok,3QZ1,445,1.8400,43,1,266,309,
val,20924,101164,ok,7X2Q,466,0.7024,43,1,378,421,
val,21192,430387,ok,9NNO,435,0.8306,43,1,225,268,
val,23101,205013,ok,3DL9,464,0.3268,86,2,307,393,
val,23705,411658,ok,7X2Q,466,0.7024,43,1,210,253,
val,23788,137718,ok,9NNO,435,0.8306,43,1,147,190,
val,24835,243876,ok,9NNO,435,0.8306,43,1,352,395,
val,24866,425600,ok,8EOH,454,1.1831,49,1,216,265,
val,24951,280851,ok,8X1W,439,0.8490,43,1,498,541,
val,25137,137840,ok,3QZ1,445,1.8400,43,1,193,236,
val,25721,238078,ok,3K9Y,462,0.7332,43,1,275,318,
val,26176,402475,ok,3DL9,464,0.3268,86,2,487,573,
val,27087,243264,ok,3QZ1,445,1.8400,43,1,263,306,
val,27092,127566,ok,3LD6,445,0.5553,43,1,152,195,
val,28558,291794,ok,3BE0,397,0.4806,43,1,280,323,
val,28661,202539,ok,3QZ1,445,1.8400,43,1,564,607,
val,28685,318412,ok,7DVO,399,0.5516,48,2,375,423,
val,29355,527158,ok,8FDA,467,3.2137,73,1,446,519,
val,29577,356504,ok,9NNO,435,0.8306,43,1,323,366,
val,31209,283716,ok,3K9Y,462,0.7332,43,1,234,277,
val,31750,120098,ok,5IKI,399,1.1922,43,1,497,540,
val,33308,245919,ok,3V8D,476,1.6511,43,1,199,242,
val,33567,405498,ok,3LD6,445,0.5553,43,1,229,272,
val,34013,261743,ok,8FDA,467,3.2137,73,1,293,366,
val,34760,414799,ok,3K9Y,462,0.7332,43,1,233,276,
val,35459,330247,ok,9YK4,466,1.3659,43,1,121,164,
val,37361,145772,ok,9YK4,466,1.3659,43,1,236,279,
val,37755,391477,ok,9YK4,466,1.3659,43,1,376,419,
val,37839,264187,ok,9YK4,466,1.3659,43,1,318,361,
val,38183,168448,ok,5IKI,399,1.1922,43,1,221,264,
val,38876,417125,ok,7DVO,399,0.5516,48,2,543,591,
val,38935,429066,ok,7X2Q,466,0.7024,43,1,343,386,
val,38984,205751,ok,7X2Q,466,0.7024,43,1,182,225,
val,39243,169312,ok,3K9Y,462,0.7332,43,1,274,317,
val,39481,163903,ok,8X1W,439,0.8490,43,1,321,364,
val,40037,174409,ok,3K9Y,462,0.7332,43,1,271,314,
val,41272,215428,ok,3QZ1,445,1.8400,43,1,262,305,
val,41910,343252,ok,8FDA,467,3.2137,73,1,365,438,
val,42594,376353,ok,3DL9,464,0.3268,86,2,349,435,
val,42925,317668,ok,3K9Y,462,0.7332,43,1,284,327,
val,43472,117341,ok,8FDA,467,3.2137,73,1,242,315,
val,43845,144278,ok,7CB9,466,1.6071,43,1,568,611,
val,43980,395086,ok,3QZ1,445,1.8400,43,1,308,351,
test,434,243763,ok,3LD6,445,0.5553,43,1,406,449,
test,1210,279129,ok,8X1W,439,0.8490,43,1,355,398,
test,1541,234633,ok,6XZ9,472,0.9625,43,1,327,370,
test,3014,124500,ok,3LD6,445,0.5553,43,1,184,227,
test,3200,377047,ok,8X1W,439,0.8490,43,1,139,182,
test,4493,209478,ok,5IKI,399,1.1922,43,1,299,342,
test,4701,113333,ok,8FDA,467,3.2137,73,1,268,341,
test,4914,425794,ok,8FDA,467,3.2137,73,1,379,452,
test,8926,174083,ok,9YK4,466,1.3659,43,1,400,443,
test,9477,175374,ok,8FDA,467,3.2137,73,1,414,487,
test,10058,354361,ok,3K9Y,462,0.7332,43,1,143,186,
test,10203,374389,ok,4GQS,461,1.6585,43,1,384,427,
test,10486,146985,ok,3BE0,397,0.4806,43,1,439,482,
test,11560,190955,ok,3V8D,476,1.6511,43,1,188,231,
test,11851,433638,ok,5IKI,399,1.1922,43,1,408,451,
test,12033,265910,ok,6L8H,466,0.3122,43,1,200,243,
test,12561,219664,ok,5IKI,399,1.1922,43,1,273,316,
test,13523,211271,ok,3K9Y,462,0.7332,43,1,321,364,
test,13596,33993,ok,3DL9,464,0.3268,86,2,452,538,
test,13599,384031,ok,8X1W,439,0.8490,43,1,371,414,
test,13965,540048,ok,3K9Y,462,0.7332,43,1,460,503,
test,14314,211743,ok,7DVO,399,0.5516,48,2,279,327,
test,14555,331772,ok,9YK4,466,1.3659,43,1,395,438,
test,14558,347051,ok,8FDA,467,3.2137,73,1,365,438,
test,15500,179401,ok,8FDA,467,3.2137,73,1,254,327,
test,17727,377187,ok,5JL9,452,0.4942,43,1,271,314,
test,18309,344985,ok,3DL9,464,0.3268,86,2,326,412,
test,18614,403029,ok,6XZ9,472,0.9625,43,1,297,340,
test,19258,145391,ok,9NNO,435,0.8306,43,1,346,389,
test,20421,165634,ok,8FDA,467,3.2137,73,1,251,324,
test,21449,376568,ok,3K9Y,462,0.7332,43,1,412,455,
test,21784,347326,ok,8FDA,467,3.2137,73,1,237,310,
test,22130,172973,ok,6XZ9,472,0.9625,43,1,280,323,
test,22281,399427,ok,8FDA,467,3.2137,73,1,302,375,
test,22463,318469,ok,8EOH,454,1.1831,49,1,183,232,
test,22950,306686,ok,3DL9,464,0.3268,86,2,396,482,
test,23184,260335,ok,8EOH,454,1.1831,49,1,299,348,
test,24434,169343,ok,3BE0,397,0.4806,43,1,395,438,
test,24676,333413,ok,9O35,397,1.9095,43,1,278,321,
test,24682,198292,ok,9YK4,466,1.3659,43,1,255,298,
test,26217,419579,ok,7X2Q,466,0.7024,43,1,424,467,
test,27063,536633,ok,3K9Y,462,0.7332,43,1,321,364,
test,27210,317105,ok,8FDA,467,3.2137,73,1,280,353,
test,27602,292225,ok,3V8D,476,1.6511,43,1,357,400,
test,29215,265256,ok,9NNO,435,0.8306,43,1,508,551,
test,29445,411832,ok,8FDA,467,3.2137,73,1,227,300,
test,29472,282134,ok,3DL9,464,0.3268,86,2,372,458,
test,31044,298266,ok,5IKI,399,1.1922,43,1,284,327,
test,31372,350968,ok,8FDA,467,3.2137,73,1,439,512,
test,31650,536826,ok,6XZ9,472,0.9625,43,1,369,412,
test,31718,525706,ok,3L4D,445,0.9021,43,1,440,483,
test,31778,122339,ok,9NNO,435,0.8306,43,1,278,321,
test,32102,365460,ok,8X1W,439,0.8490,43,1,256,299,
test,32146,351903,ok,3K9Y,462,0.7332,43,1,293,336,
test,32761,395947,ok,3LD6,445,0.5553,43,1,378,421,
test,33063,410725,ok,3V8D,476,1.6511,43,1,209,252,
test,35152,200946,ok,8FDA,467,3.2137,73,1,412,485,
test,35672,177853,ok,7X2Q,466,0.7024,43,1,338,381,
test,36680,398442,ok,9YK4,466,1.3659,43,1,334,377,
test,36751,295090,ok,6L8H,466,0.3122,43,1,209,252,
test,36942,152599,ok,7X2Q,466,0.7024,43,1,515,558,
test,37113,280604,ok,3K9Y,462,0.7332,43,1,252,295,
test,37741,528558,ok,4GQS,461,1.6585,43,1,334,377,
test,37793,267615,ok,3DL9,464,0.3268,86,2,295,381,
test,37954,146794,ok,8FDA,467,3.2137,73,1,655,728,
test,38165,215799,ok,8FDA,467,3.2137,73,1,410,483,
test,38273,141744,ok,3QZ1,445,1.8400,43,1,378,421,
test,39291,270522,ok,6XZ9,472,0.9625,43,1,299,342,
test,39627,400410,ok,9O35,397,1.9095,43,1,313,356,
test,39681,248270,ok,9NNO,435,0.8306,43,1,226,269,
test,40005,369185,ok,8FDA,467,3.2137,73,1,456,529,
test,40037,183423,ok,9YK4,466,1.3659,43,1,341,384,
test,41218,162887,ok,7X2Q,466,0.7024,43,1,484,527,
test,41477,316773,ok,3QZ1,445,1.8400,43,1,438,481,
test,42202,142897,ok,3BE0,397,0.4806,43,1,231,274,
test,42478,260763,ok,4GQS,461,1.6585,43,1,245,288,
test,43186,242171,ok,3LD6,445,0.5553,43,1,316,359,
test,44056,535096,ok,4GQS,461,1.6585,43,1,260,303,
test,44317,153737,ok,3DL9,464,0.3268,86,2,274,360,
test,44819,412290,ok,7X2Q,466,0.7024,43,1,311,354,
test,44928,180662,ok,3LD6,445,0.5553,43,1,158,201,
test,45286,231876,ok,5IKI,399,1.1922,43,1,662,705,
test,45807,349473,ok,6XZ9,472,0.9625,43,1,258,301,
test,46206,245325,ok,3QZ1,445,1.8400,43,1,179,222,
test,46516,427706,ok,9YK4,466,1.3659,43,1,443,486,
test,46872,374239,ok,3BE0,397,0.4806,43,1,380,423,
test,47221,158643,ok,8X1W,439,0.8490,43,1,307,350,
test,47342,389757,ok,3K9Y,462,0.7332,43,1,267,310,
test,47492,428928,ok,3K9Y,462,0.7332,43,1,424,467,
test,47672,284136,ok,9NNO,435,0.8306,43,1,379,422,
test,48193,363028,ok,3V8D,476,1.6511,43,1,203,246,
test,48840,384911,ok,9YK4,466,1.3659,43,1,304,347,
test,48913,521700,ok,5IKI,399,1.1922,43,1,390,433,
test,49885,307412,ok,3QZ1,445,1.8400,43,1,299,342,
test,51296,393596,ok,3K9Y,462,0.7332,43,1,304,347,
test,51356,223235,ok,3LD6,445,0.5553,43,1,272,315,
test,51360,381707,ok,3LD6,445,0.5553,43,1,261,304,
test,52143,143601,ok,3BE0,397,0.4806,43,1,483,526,
test,52656,229659,ok,8FDA,467,3.2137,73,1,515,588,
test,53717,343762,ok,9YK4,466,1.3659,43,1,411,454,
test,53908,376086,ok,3QZ1,445,1.8400,43,1,331,374,
test,54386,209112,ok,8X1W,439,0.8490,43,1,479,522,
test,54529,453567,ok,3LD6,445,0.5553,43,1,500,543,
test,54608,270548,ok,8X1W,439,0.8490,43,1,273,316,
test,54655,207327,ok,3K9Y,462,0.7332,43,1,245,288,
test,54756,286543,ok,6XZ9,472,0.9625,43,1,380,423,
test,55560,101587,ok,3LD6,445,0.5553,43,1,588,631,
test,56449,115427,ok,8FDA,467,3.2137,73,1,218,291,
test,57401,260924,ok,9YK4,466,1.3659,43,1,118,161,
test,58035,220317,ok,9NNO,435,0.8306,43,1,471,514,
test,58585,336267,ok,3DL9,464,0.3268,86,2,476,562,
test,58762,236487,ok,3L4D,445,0.9021,43,1,425,468,
test,59014,144972,ok,8FDA,467,3.2137,73,1,441,514,
test,59649,215370,ok,8FDA,467,3.2137,73,1,507,580,
test,60293,104248,ok,3QZ1,445,1.8400,43,1,299,342,
test,60300,155586,ok,3LD6,445,0.5553,43,1,199,242,
test,60404,374354,ok,3L4D,445,0.9021,43,1,403,446,
test,60470,264289,ok,3QZ1,445,1.8400,43,1,407,450,
test,60686,236434,ok,3K9Y,462,0.7332,43,1,177,220,
test,60853,271331,ok,3BE0,397,0.4806,43,1,548,591,
test,61534,299282,ok,3QZ1,445,1.8400,43,1,464,507,
test,61942,164263,ok,3DL9,464,0.3268,86,2,251,337,
test,61943,270002,ok,3DL9,464,0.3268,86,2,181,267,
test,62061,175097,ok,3QZ1,445,1.8400,43,1,216,259,
test,62135,388270,ok,3QZ1,445,1.8400,43,1,298,341,
test,65298,54715,ok,5IKI,399,1.1922,43,1,448,491,
test,65444,174119,ok,3QZ1,445,1.8400,43,1,484,527,
test,66694,212336,ok,5IKI,399,1.1922,43,1,386,429,
test,68372,365180,ok,9NNO,435,0.8306,43,1,349,392,
test,70052,378749,ok,8FDA,467,3.2137,73,1,370,443,
test,70106,286720,ok,6L8H,466,0.3122,43,1,311,354,
test,70343,190973,ok,8FDA,467,3.2137,73,1,294,367,
test,70477,274064,ok,9O35,397,1.9095,43,1,378,421,
test,70495,176056,ok,7X2Q,466,0.7024,43,1,292,335,
test,70678,412326,ok,5IKI,399,1.1922,43,1,400,443,
test,71159,310475,ok,8FDA,467,3.2137,73,1,277,350,
test,71671,184056,ok,3QZ1,445,1.8400,43,1,321,364,
test,71825,196161,ok,3K9Y,462,0.7332,43,1,269,312,
test,72476,536692,ok,3V8D,476,1.6511,43,1,403,446,
test,72629,318781,ok,8FDA,467,3.2137,73,1,361,434,
test,72913,117567,ok,3L4D,445,0.9021,43,1,268,311,
test,73593,499837,ok,6XZ9,472,0.9625,43,1,358,401,
test,74311,311037,ok,8FDA,467,3.2137,73,1,264,337,
test,74322,296009,ok,3V8D,476,1.6511,43,1,208,251,
test,75087,375303,ok,7DVO,399,0.5516,48,2,499,547,
test,75125,37926,ok,7DVO,399,0.5516,48,2,159,207,
test,76003,535837,ok,7DVO,399,0.5516,48,2,567,615,
test,76296,431356,ok,9YK4,466,1.3659,43,1,430,473,
test,76461,323832,ok,9YK4,466,1.3659,43,1,294,337,
test,76561,174317,ok,7X2Q,466,0.7024,43,1,530,573,
test,76630,302579,ok,3DL9,464,0.3268,86,2,328,414,
test,76820,198204,ok,9YK4,466,1.3659,43,1,284,327,
test,77000,289037,ok,3K9Y,462,0.7332,43,1,327,370,
test,77129,283868,ok,6XZ9,472,0.9625,43,1,287,330,
test,77204,138220,ok,3K9Y,462,0.7332,43,1,248,291,
test,78457,189598,ok,6L8H,466,0.3122,43,1,148,191,
test,78645,395031,ok,3K9Y,462,0.7332,43,1,411,454,
test,78936,336248,ok,8FDA,467,3.2137,73,1,291,364,
test,78992,398934,ok,3DL9,464,0.3268,86,2,306,392,
test,79202,312346,ok,8FDA,467,3.2137,73,1,503,576,
test,79978,228232,ok,5IKI,399,1.1922,43,1,320,363,
test,79997,222232,ok,5IKI,399,1.1922,43,1,241,284,
test,80412,361897,ok,8FDA,467,3.2137,73,1,256,329,
test,80724,66700,ok,8FDA,467,3.2137,73,1,330,403,
test,80913,217081,ok,5IKI,399,1.1922,43,1,322,365,
test,81440,155099,ok,3QZ1,445,1.8400,43,1,343,386,
test,82140,365446,ok,3BE0,397,0.4806,43,1,342,385,
test,82596,333526,ok,3K9Y,462,0.7332,43,1,263,306,
test,82865,366616,ok,3DL9,464,0.3268,86,2,313,399,
test,82904,314671,ok,3LD6,445,0.5553,43,1,481,524,
test,83562,132798,ok,8EOH,454,1.1831,49,1,115,164,
test,83695,316195,ok,3BE0,397,0.4806,43,1,357,400,
test,83742,175086,ok,3LD6,445,0.5553,43,1,301,344,
test,84245,130868,ok,3K9Y,462,0.7332,43,1,322,365,
test,85224,429400,ok,3LD6,445,0.5553,43,1,270,313,
test,85267,313768,ok,9YK4,466,1.3659,43,1,421,464,
test,85607,234004,ok,9NNO,435,0.8306,43,1,274,317,
test,86104,416431,ok,3K9Y,462,0.7332,43,1,519,562,
test,86624,271389,ok,3K9Y,462,0.7332,43,1,341,384,
test,86651,168578,ok,3DL9,464,0.3268,86,2,306,392,
test,87325,225360,ok,4GQS,461,1.6585,43,1,188,231,
test,87592,167548,ok,3QZ1,445,1.8400,43,1,324,367,
test,87948,331045,ok,3LD6,445,0.5553,43,1,596,639,
test,88189,536832,ok,3QZ1,445,1.8400,43,1,342,385,
test,88201,341087,ok,3DL9,464,0.3268,86,2,417,503,
test,88417,399222,ok,8FDA,467,3.2137,73,1,373,446,
test,88546,371679,ok,8FDA,467,3.2137,73,1,188,261,
test,88864,392825,ok,9NNO,435,0.8306,43,1,447,490,
test,89104,218557,ok,3QZ1,445,1.8400,43,1,196,239,
test,89210,351426,ok,3K9Y,462,0.7332,43,1,449,492,
test,90065,399989,ok,5IKI,399,1.1922,43,1,385,428,
test,90284,314795,ok,3BE0,397,0.4806,43,1,389,432,
test,91265,497169,ok,4GQS,461,1.6585,43,1,526,569,
test,91802,366046,ok,8X1W,439,0.8490,43,1,436,479,
test,92098,186000,ok,8FDA,467,3.2137,73,1,291,364,
test,95817,407180,ok,8FDA,467,3.2137,73,1,301,374,
test,96112,525985,ok,6XZ9,472,0.9625,43,1,388,431,
test,96675,167906,ok,3QZ1,445,1.8400,43,1,399,442,
test,97295,122689,ok,3L4D,445,0.9021,43,1,237,280,
test,97727,342588,ok,3LD6,445,0.5553,43,1,177,220,
test,97961,374391,ok,3QZ1,445,1.8400,43,1,431,474,
test,98149,397680,ok,8FDA,467,3.2137,73,1,520,593,
test,99167,295340,ok,3DL9,464,0.3268,86,2,299,385,
test,101048,200492,ok,3LD6,445,0.5553,43,1,311,354,
test,101592,223786,ok,8FDA,467,3.2137,73,1,352,425,
test,102076,321197,ok,8X1W,439,0.8490,43,1,305,348,
