Dock_Index,Substrate_Index,success,num_atoms_smiles,num_atoms_pdb,num_matched,error
0,0,True,9,17,9,
1,1,True,11,21,11,
2,2,True,22,47,22,
3,4,True,22,43,22,
4,5,True,7,15,7,
5,7,True,8,15,8,
6,8,True,8,15,8,
7,9,True,8,15,8,
8,10,True,8,15,8,
10,12,True,16,44,16,
11,13,True,37,75,37,
12,14,True,36,76,36,
13,15,True,35,73,35,
14,17,True,24,42,24,
16,19,True,22,52,22,
17,20,True,25,46,25,
18,21,True,26,51,26,
19,22,True,22,46,22,
20,23,True,22,62,22,
21,24,True,21,49,21,
22,25,True,18,50,18,
23,26,True,36,72,36,
25,28,True,16,29,16,
35,39,True,14,38,14,
36,40,True,16,38,16,
42,46,True,11,19,11,
43,47,True,10,20,10,
44,48,True,10,26,10,
45,49,True,20,54,20,
46,50,True,21,38,21,
47,51,True,22,38,22,
48,52,True,22,38,22,
49,53,True,22,38,22,
50,54,True,28,48,28,
51,55,True,21,40,21,
52,56,True,20,37,20,
53,50,True,21,38,21,
55,15,True,35,73,35,
56,58,True,36,76,36,
57,1,True,11,21,11,
58,59,True,12,24,12,
59,60,True,28,72,28,
60,60,True,28,72,28,
61,61,True,32,78,32,
79,75,True,23,53,23,
80,12,True,16,44,16,
81,75,True,23,53,23,
82,76,True,19,47,19,
83,77,True,16,42,16,
84,78,True,29,73,29,
85,60,True,28,72,28,
86,79,True,14,34,14,
87,25,True,18,50,18,
88,80,True,20,54,20,
89,12,True,16,44,16,
90,81,True,15,27,15,
91,48,True,10,26,10,
92,82,True,28,55,28,
93,83,True,8,20,8,
94,24,True,21,49,21,
95,84,True,12,32,12,
97,24,True,21,49,21,
98,86,True,22,52,22,
99,23,True,22,62,22,
107,93,True,13,27,13,
108,94,True,39,87,39,
109,39,True,14,38,14,
110,12,True,16,44,16,
115,24,True,21,49,21,
116,98,True,18,48,18,
117,25,True,18,50,18,
118,99,True,28,74,28,
121,102,True,36,83,36,
122,103,True,32,75,32,
123,104,True,25,66,25,
124,105,True,24,63,24,
125,106,True,27,62,27,
126,107,True,28,65,28,
127,108,True,21,60,21,
128,109,True,33,72,33,
132,113,True,17,31,17,
133,115,True,28,53,28,
134,117,True,21,37,21,
136,119,True,23,40,23,
137,120,True,19,30,19,
141,124,True,10,26,10,
150,133,True,10,26,10,
151,134,True,11,27,11,
152,135,True,11,25,11,
153,136,True,10,28,10,
154,138,True,8,18,8,
155,139,True,11,27,11,
158,142,True,29,52,29,
159,143,True,27,45,27,
160,99,True,28,74,28,
161,145,True,30,76,30,
162,146,True,29,75,29,
169,75,True,23,53,23,
170,0,True,9,17,9,
171,1,True,11,21,11,
172,46,True,11,19,11,
173,152,True,11,21,11,
177,153,True,31,81,31,
183,157,True,22,50,22,
184,158,True,41,77,41,
185,159,True,25,44,25,
186,160,True,31,58,31,
187,161,True,25,51,25,
188,162,True,26,50,26,
195,169,True,28,49,28,
196,170,True,11,17,11,
198,172,True,15,29,15,
201,175,True,14,22,14,
202,176,True,13,26,13,
203,151,True,15,31,15,
204,125,True,12,26,12,
206,178,True,23,39,23,
207,179,True,18,31,18,
208,180,True,27,39,27,
213,185,True,30,53,30,
214,186,True,22,57,22,
215,187,True,26,67,26,
216,25,True,18,50,18,
218,98,True,18,48,18,
221,191,True,8,16,8,
222,192,True,23,42,23,
226,160,True,31,58,31,
227,193,True,26,53,26,
228,24,True,21,49,21,
240,205,True,25,64,25,
241,206,True,20,49,20,
244,209,True,8,16,8,
247,5,True,7,15,7,
250,214,True,8,18,8,
251,215,True,9,21,9,
253,217,True,9,19,9,
254,218,True,13,25,13,
255,219,True,15,29,15,
256,220,True,18,43,18,
260,120,True,19,30,19,
261,225,True,20,30,20,
262,226,True,29,65,29,
263,227,True,31,71,31,
271,124,True,10,26,10,
272,177,True,10,26,10,
273,233,True,10,26,10,
274,234,True,11,28,11,
275,136,True,10,28,10,
276,235,True,11,26,11,
277,236,True,21,34,21,
283,241,True,25,53,25,
284,242,True,11,29,11,
290,246,True,37,86,37,
291,247,True,39,90,39,
292,248,True,41,96,41,
296,60,True,28,72,28,
305,60,True,28,72,28,
307,259,True,21,47,21,
324,273,True,22,62,22,
325,60,True,28,72,28,
326,274,True,28,72,28,
327,275,True,29,73,29,
328,276,True,24,62,24,
333,17,True,24,42,24,
341,287,True,23,43,23,
355,301,True,25,45,25,
356,302,True,25,45,25,
357,303,True,26,48,26,
358,304,True,26,48,26,
359,305,True,25,42,25,
360,306,True,25,42,25,
361,307,True,25,42,25,
362,308,True,25,42,25,
363,309,True,26,44,26,
367,313,True,25,45,25,
368,314,True,26,46,26,
382,259,True,21,47,21,
384,326,True,27,65,27,
385,327,True,11,19,11,
386,328,True,11,21,11,
387,329,True,13,23,13,
390,331,True,9,16,9,
392,125,True,12,26,12,
393,332,True,15,28,15,
394,333,True,14,34,14,
395,134,True,11,27,11,
396,134,True,11,27,11,
397,329,True,13,23,13,
398,334,True,12,19,12,
399,335,True,13,21,13,
400,336,True,12,24,12,
401,337,True,12,22,12,
402,338,True,11,20,11,
403,339,True,12,22,12,
404,340,True,16,36,16,
405,341,True,14,22,14,
406,342,True,11,19,11,
407,343,True,11,19,11,
408,344,True,10,18,10,
409,345,True,10,18,10,
410,346,True,11,20,11,
411,347,True,12,22,12,
414,350,True,13,23,13,
415,351,True,13,27,13,
416,352,True,11,19,11,
417,353,True,15,25,15,
418,354,True,17,29,17,
420,356,True,12,24,12,
421,328,True,11,21,11,
422,357,True,16,26,16,
423,358,True,15,31,15,
424,359,True,12,22,12,
425,360,True,11,19,11,
426,361,True,14,22,14,
427,362,True,14,22,14,
428,363,True,10,15,10,
429,364,True,10,15,10,
430,365,True,10,15,10,
431,366,True,11,18,11,
432,367,True,12,21,12,
433,368,True,12,21,12,
435,370,True,13,27,13,
437,374,True,16,28,16,
438,375,True,13,23,13,
439,376,True,13,23,13,
440,377,True,14,19,14,
441,327,True,11,19,11,
442,380,True,13,27,13,
446,381,True,34,88,34,
451,386,True,21,53,21,
457,390,True,49,110,49,
458,391,True,48,107,48,
460,392,True,26,62,26,
461,326,True,27,65,27,
462,24,True,21,49,21,
463,393,True,27,67,27,
464,394,True,22,50,22,
465,395,True,23,55,23,
466,75,True,23,53,23,
467,259,True,21,47,21,
468,396,True,20,50,20,
469,24,True,21,49,21,
470,153,True,31,81,31,
471,327,True,11,19,11,
489,120,True,19,30,19,
490,80,True,20,54,20,
491,24,True,21,49,21,
492,259,True,21,47,21,
494,412,True,36,85,36,
495,413,True,12,21,12,
496,414,True,13,24,13,
497,415,True,13,24,13,
498,416,True,30,52,30,
499,417,True,31,53,31,
500,418,True,44,102,44,
502,421,True,21,49,21,
505,425,True,46,93,46,
507,426,True,15,21,15,
508,427,True,13,19,13,
509,428,True,34,75,34,
510,430,True,15,23,15,
512,432,True,41,92,41,
513,433,True,28,61,28,
514,434,True,33,57,33,
515,435,True,28,62,28,
1000,0,True,9,17,9,
1001,0,True,9,17,9,
1002,0,True,9,17,9,
1003,0,True,9,17,9,
1004,0,True,9,17,9,
1005,0,True,9,17,9,
1006,0,True,9,17,9,
1007,0,True,9,17,9,
1008,0,True,9,17,9,
1009,0,True,9,17,9,
1010,0,True,9,17,9,
1011,0,True,9,17,9,
1012,0,True,9,17,9,
1013,0,True,9,17,9,
1014,0,True,9,17,9,
1015,0,True,9,17,9,
1016,0,True,9,17,9,
1017,0,True,9,17,9,
1018,0,True,9,17,9,
1019,1,True,11,21,11,
1020,1,True,11,21,11,
1021,1,True,11,21,11,
1022,1,True,11,21,11,
1023,1,True,11,21,11,
1024,1,True,11,21,11,
1025,1,True,11,21,11,
1026,1,True,11,21,11,
1027,1,True,11,21,11,
1028,1,True,11,21,11,
1029,1,True,11,21,11,
1030,1,True,11,21,11,
1031,1,True,11,21,11,
1032,1,True,11,21,11,
1033,1,True,11,21,11,
1034,1,True,11,21,11,
1035,1,True,11,21,11,
1036,1,True,11,21,11,
1037,1,True,11,21,11,
1038,1,True,11,21,11,
1039,1,True,11,21,11,
1040,1,True,11,21,11,
1041,1,True,11,21,11,
1042,1,True,11,21,11,
1043,1,True,11,21,11,
1044,1,True,11,21,11,
1045,1,True,11,21,11,
1046,1,True,11,21,11,
1047,2,True,22,47,22,
1048,2,True,22,47,22,
1049,2,True,22,47,22,
1050,2,True,22,47,22,
1051,2,True,22,47,22,
1052,2,True,22,47,22,
1053,2,True,22,47,22,
1054,2,True,22,47,22,
1055,2,True,22,47,22,
1056,2,True,22,47,22,
1057,2,True,22,47,22,
1058,4,True,22,43,22,
1059,4,True,22,43,22,
1060,4,True,22,43,22,
1061,4,True,22,43,22,
1062,4,True,22,43,22,
1063,4,True,22,43,22,
1064,4,True,22,43,22,
1065,4,True,22,43,22,
1066,4,True,22,43,22,
1067,5,True,7,15,7,
1068,5,True,7,15,7,
1069,5,True,7,15,7,
1070,5,True,7,15,7,
1071,5,True,7,15,7,
1072,5,True,7,15,7,
1073,5,True,7,15,7,
1074,5,True,7,15,7,
1075,5,True,7,15,7,
1076,5,True,7,15,7,
1077,5,True,7,15,7,
1078,5,True,7,15,7,
1079,5,True,7,15,7,
1080,5,True,7,15,7,
1081,5,True,7,15,7,
1082,5,True,7,15,7,
1083,5,True,7,15,7,
1084,5,True,7,15,7,
1085,5,True,7,15,7,
1086,7,True,8,15,8,
1087,7,True,8,15,8,
1088,7,True,8,15,8,
1089,7,True,8,15,8,
1090,7,True,8,15,8,
1091,7,True,8,15,8,
1092,7,True,8,15,8,
1093,7,True,8,15,8,
1094,7,True,8,15,8,
1095,8,True,8,15,8,
1096,8,True,8,15,8,
1097,8,True,8,15,8,
1098,8,True,8,15,8,
1099,8,True,8,15,8,
1100,8,True,8,15,8,
1101,8,True,8,15,8,
1102,8,True,8,15,8,
1103,8,True,8,15,8,
1104,8,True,8,15,8,
1105,9,True,8,15,8,
1106,9,True,8,15,8,
1107,9,True,8,15,8,
1108,9,True,8,15,8,
1109,9,True,8,15,8,
1110,9,True,8,15,8,
1111,9,True,8,15,8,
1112,9,True,8,15,8,
1113,9,True,8,15,8,
1114,10,True,8,15,8,
1115,10,True,8,15,8,
1116,10,True,8,15,8,
1117,10,True,8,15,8,
1118,10,True,8,15,8,
1119,10,True,8,15,8,
1120,10,True,8,15,8,
1121,10,True,8,15,8,
1122,10,True,8,15,8,
1123,10,True,8,15,8,
1133,12,True,16,44,16,
1134,12,True,16,44,16,
1135,12,True,16,44,16,
1136,12,True,16,44,16,
1137,12,True,16,44,16,
1138,12,True,16,44,16,
1139,12,True,16,44,16,
1140,12,True,16,44,16,
1141,12,True,16,44,16,
1142,12,True,16,44,16,
1143,12,True,16,44,16,
1144,12,True,16,44,16,
1145,12,True,16,44,16,
1146,12,True,16,44,16,
1147,12,True,16,44,16,
1148,12,True,16,44,16,
1149,12,True,16,44,16,
1150,12,True,16,44,16,
1151,12,True,16,44,16,
1152,12,True,16,44,16,
1153,12,True,16,44,16,
1154,12,True,16,44,16,
1155,12,True,16,44,16,
1156,12,True,16,44,16,
1157,12,True,16,44,16,
1158,12,True,16,44,16,
1159,12,True,16,44,16,
1160,12,True,16,44,16,
1161,12,True,16,44,16,
1162,12,True,16,44,16,
1163,12,True,16,44,16,
1164,12,True,16,44,16,
1165,12,True,16,44,16,
1166,12,True,16,44,16,
1167,12,True,16,44,16,
1168,12,True,16,44,16,
1169,12,True,16,44,16,
1170,13,True,37,75,37,
1171,13,True,37,75,37,
1172,13,True,37,75,37,
1173,13,True,37,75,37,
1174,13,True,37,75,37,
1175,13,True,37,75,37,
1176,13,True,37,75,37,
1177,13,True,37,75,37,
1178,13,True,37,75,37,
1179,13,True,37,75,37,
1180,13,True,37,75,37,
1181,14,True,36,76,36,
1182,14,True,36,76,36,
1183,14,True,36,76,36,
1184,14,True,36,76,36,
1185,14,True,36,76,36,
1186,14,True,36,76,36,
1187,14,True,36,76,36,
1188,14,True,36,76,36,
1189,14,True,36,76,36,
1190,15,True,35,73,35,
1191,15,True,35,73,35,
1192,15,True,35,73,35,
1193,15,True,35,73,35,
1194,15,True,35,73,35,
1195,15,True,35,73,35,
1196,15,True,35,73,35,
1197,15,True,35,73,35,
1198,15,True,35,73,35,
1199,15,True,35,73,35,
1200,15,True,35,73,35,
1201,15,True,35,73,35,
1202,15,True,35,73,35,
1203,15,True,35,73,35,
1204,15,True,35,73,35,
1205,15,True,35,73,35,
1206,15,True,35,73,35,
1207,15,True,35,73,35,
1208,15,True,35,73,35,
1209,17,True,24,42,24,
1210,17,True,24,42,24,
1211,17,True,24,42,24,
1212,17,True,24,42,24,
1213,17,True,24,42,24,
1214,17,True,24,42,24,
1215,17,True,24,42,24,
1216,17,True,24,42,24,
1217,17,True,24,42,24,
1218,17,True,24,42,24,
1219,17,True,24,42,24,
1220,17,True,24,42,24,
1221,17,True,24,42,24,
1222,17,True,24,42,24,
1223,17,True,24,42,24,
1224,17,True,24,42,24,
1225,17,True,24,42,24,
1226,17,True,24,42,24,
1227,17,True,24,42,24,
1228,18,True,54,103,54,
1229,18,True,54,103,54,
1230,18,True,54,103,54,
1232,18,True,54,103,54,
1233,18,True,54,103,54,
1234,18,True,54,103,54,
1236,18,True,54,103,54,
1237,19,True,22,52,22,
1238,19,True,22,52,22,
1239,19,True,22,52,22,
1240,19,True,22,52,22,
1241,19,True,22,52,22,
1242,19,True,22,52,22,
1243,19,True,22,52,22,
1244,19,True,22,52,22,
1245,19,True,22,52,22,
1246,20,True,25,46,25,
1247,20,True,25,46,25,
1248,20,True,25,46,25,
1249,20,True,25,46,25,
1250,20,True,25,46,25,
1251,20,True,25,46,25,
1252,20,True,25,46,25,
1253,20,True,25,46,25,
1254,20,True,25,46,25,
1255,21,True,26,51,26,
1256,21,True,26,51,26,
1257,21,True,26,51,26,
1258,21,True,26,51,26,
1259,21,True,26,51,26,
1260,21,True,26,51,26,
1261,21,True,26,51,26,
1262,21,True,26,51,26,
1263,21,True,26,51,26,
1264,22,True,22,46,22,
1265,22,True,22,46,22,
1266,22,True,22,46,22,
1267,22,True,22,46,22,
1268,22,True,22,46,22,
1269,22,True,22,46,22,
1270,22,True,22,46,22,
1271,22,True,22,46,22,
1272,22,True,22,46,22,
1273,23,True,22,62,22,
1274,23,True,22,62,22,
1275,23,True,22,62,22,
1276,23,True,22,62,22,
1277,23,True,22,62,22,
1278,23,True,22,62,22,
1279,23,True,22,62,22,
1280,23,True,22,62,22,
1281,23,True,22,62,22,
1282,23,True,22,62,22,
1283,23,True,22,62,22,
1284,23,True,22,62,22,
1285,23,True,22,62,22,
1286,23,True,22,62,22,
1287,23,True,22,62,22,
1288,23,True,22,62,22,
1289,23,True,22,62,22,
1290,23,True,22,62,22,
1291,23,True,22,62,22,
1292,24,True,21,49,21,
1293,24,True,21,49,21,
1294,24,True,21,49,21,
1295,24,True,21,49,21,
1296,24,True,21,49,21,
1297,24,True,21,49,21,
1298,24,True,21,49,21,
1299,24,True,21,49,21,
1300,24,True,21,49,21,
1301,24,True,21,49,21,
1302,24,True,21,49,21,
1303,24,True,21,49,21,
1304,24,True,21,49,21,
1305,24,True,21,49,21,
1306,24,True,21,49,21,
1307,24,True,21,49,21,
1308,24,True,21,49,21,
1309,24,True,21,49,21,
1310,24,True,21,49,21,
1311,24,True,21,49,21,
1312,24,True,21,49,21,
1313,24,True,21,49,21,
1314,24,True,21,49,21,
1315,24,True,21,49,21,
1316,24,True,21,49,21,
1317,24,True,21,49,21,
1318,24,True,21,49,21,
1319,24,True,21,49,21,
1320,24,True,21,49,21,
1321,24,True,21,49,21,
1322,24,True,21,49,21,
1323,24,True,21,49,21,
1324,24,True,21,49,21,
1325,24,True,21,49,21,
1326,24,True,21,49,21,
1327,24,True,21,49,21,
1328,24,True,21,49,21,
1329,24,True,21,49,21,
1330,24,True,21,49,21,
1331,24,True,21,49,21,
1332,24,True,21,49,21,
1333,24,True,21,49,21,
1334,24,True,21,49,21,
1335,24,True,21,49,21,
1336,24,True,21,49,21,
1337,24,True,21,49,21,
1338,24,True,21,49,21,
1339,24,True,21,49,21,
1340,24,True,21,49,21,
1341,24,True,21,49,21,
1342,24,True,21,49,21,
1343,24,True,21,49,21,
1344,24,True,21,49,21,
1345,24,True,21,49,21,
1346,24,True,21,49,21,
1347,24,True,21,49,21,
1348,24,True,21,49,21,
1349,24,True,21,49,21,
1350,24,True,21,49,21,
1351,24,True,21,49,21,
1352,24,True,21,49,21,
1353,24,True,21,49,21,
1354,24,True,21,49,21,
1355,24,True,21,49,21,
1356,24,True,21,49,21,
1357,24,True,21,49,21,
1358,24,True,21,49,21,
1359,24,True,21,49,21,
1360,24,True,21,49,21,
1361,24,True,21,49,21,
1362,24,True,21,49,21,
1363,24,True,21,49,21,
1364,24,True,21,49,21,
1365,24,True,21,49,21,
1366,24,True,21,49,21,
1367,25,True,18,50,18,
1368,25,True,18,50,18,
1369,25,True,18,50,18,
1370,25,True,18,50,18,
1371,25,True,18,50,18,
1372,25,True,18,50,18,
1373,25,True,18,50,18,
1374,25,True,18,50,18,
1375,25,True,18,50,18,
1376,25,True,18,50,18,
1377,25,True,18,50,18,
1378,25,True,18,50,18,
1379,25,True,18,50,18,
1380,25,True,18,50,18,
1381,25,True,18,50,18,
1382,25,True,18,50,18,
1383,25,True,18,50,18,
1384,25,True,18,50,18,
1385,25,True,18,50,18,
1386,25,True,18,50,18,
1387,25,True,18,50,18,
1388,25,True,18,50,18,
1389,25,True,18,50,18,
1390,25,True,18,50,18,
1391,25,True,18,50,18,
1392,25,True,18,50,18,
1393,25,True,18,50,18,
1394,25,True,18,50,18,
1395,25,True,18,50,18,
1396,25,True,18,50,18,
1397,25,True,18,50,18,
1398,25,True,18,50,18,
1399,25,True,18,50,18,
1400,25,True,18,50,18,
1401,25,True,18,50,18,
1402,25,True,18,50,18,
1403,25,True,18,50,18,
1404,26,True,36,72,36,
1405,26,True,36,72,36,
1406,26,True,36,72,36,
1407,26,True,36,72,36,
1408,26,True,36,72,36,
1409,26,True,36,72,36,
1410,26,True,36,72,36,
1411,26,True,36,72,36,
1412,26,True,36,72,36,
1413,27,True,55,108,55,
1415,27,True,55,108,55,
1416,27,True,55,108,55,
1418,27,True,55,108,55,
1420,27,True,55,108,55,
1422,28,True,16,29,16,
1423,28,True,16,29,16,
1424,28,True,16,29,16,
1425,28,True,16,29,16,
1426,28,True,16,29,16,
1427,28,True,16,29,16,
1428,28,True,16,29,16,
1429,28,True,16,29,16,
1430,28,True,16,29,16,
1431,39,True,14,38,14,
1432,39,True,14,38,14,
1433,39,True,14,38,14,
1434,39,True,14,38,14,
1435,39,True,14,38,14,
1436,39,True,14,38,14,
1437,39,True,14,38,14,
1438,39,True,14,38,14,
1439,39,True,14,38,14,
1440,39,True,14,38,14,
1441,39,True,14,38,14,
1442,39,True,14,38,14,
1443,39,True,14,38,14,
1444,39,True,14,38,14,
1445,39,True,14,38,14,
1446,39,True,14,38,14,
1447,39,True,14,38,14,
1448,39,True,14,38,14,
1449,39,True,14,38,14,
1450,40,True,16,38,16,
1451,40,True,16,38,16,
1452,40,True,16,38,16,
1453,40,True,16,38,16,
1454,40,True,16,38,16,
1455,40,True,16,38,16,
1456,40,True,16,38,16,
1457,40,True,16,38,16,
1458,40,True,16,38,16,
1459,46,True,11,19,11,
1460,46,True,11,19,11,
1461,46,True,11,19,11,
1462,46,True,11,19,11,
1463,46,True,11,19,11,
1464,46,True,11,19,11,
1465,46,True,11,19,11,
1466,46,True,11,19,11,
1467,46,True,11,19,11,
1468,46,True,11,19,11,
1469,46,True,11,19,11,
1470,46,True,11,19,11,
1471,46,True,11,19,11,
1472,46,True,11,19,11,
1473,46,True,11,19,11,
1474,46,True,11,19,11,
1475,46,True,11,19,11,
1476,46,True,11,19,11,
1477,46,True,11,19,11,
1478,46,True,11,19,11,
1479,47,True,10,20,10,
1480,47,True,10,20,10,
1481,47,True,10,20,10,
1482,47,True,10,20,10,
1483,47,True,10,20,10,
1484,47,True,10,20,10,
1485,47,True,10,20,10,
1486,47,True,10,20,10,
1487,47,True,10,20,10,
1488,47,True,10,20,10,
1489,48,True,10,26,10,
1490,48,True,10,26,10,
1491,48,True,10,26,10,
1492,48,True,10,26,10,
1493,48,True,10,26,10,
1494,48,True,10,26,10,
1495,48,True,10,26,10,
1496,48,True,10,26,10,
1497,48,True,10,26,10,
1498,48,True,10,26,10,
1499,48,True,10,26,10,
1500,48,True,10,26,10,
1501,48,True,10,26,10,
1502,48,True,10,26,10,
1503,48,True,10,26,10,
1504,48,True,10,26,10,
1505,48,True,10,26,10,
1506,48,True,10,26,10,
1507,48,True,10,26,10,
1508,49,True,20,54,20,
1509,49,True,20,54,20,
1510,49,True,20,54,20,
1511,49,True,20,54,20,
1512,49,True,20,54,20,
1513,49,True,20,54,20,
1514,49,True,20,54,20,
1515,49,True,20,54,20,
1516,49,True,20,54,20,
1517,50,True,21,38,21,
1518,50,True,21,38,21,
1519,50,True,21,38,21,
1520,50,True,21,38,21,
1521,50,True,21,38,21,
1522,50,True,21,38,21,
1523,50,True,21,38,21,
1524,50,True,21,38,21,
1525,50,True,21,38,21,
1526,50,True,21,38,21,
1527,50,True,21,38,21,
1528,50,True,21,38,21,
1529,50,True,21,38,21,
1530,50,True,21,38,21,
1531,50,True,21,38,21,
1532,50,True,21,38,21,
1533,50,True,21,38,21,
1534,50,True,21,38,21,
1535,50,True,21,38,21,
1536,50,True,21,38,21,
1537,51,True,22,38,22,
1538,51,True,22,38,22,
1539,51,True,22,38,22,
1540,51,True,22,38,22,
1541,51,True,22,38,22,
1542,51,True,22,38,22,
1543,51,True,22,38,22,
1544,51,True,22,38,22,
1545,51,True,22,38,22,
1546,52,True,22,38,22,
1547,52,True,22,38,22,
1548,52,True,22,38,22,
1549,52,True,22,38,22,
1550,52,True,22,38,22,
1551,52,True,22,38,22,
1552,52,True,22,38,22,
1553,52,True,22,38,22,
1554,52,True,22,38,22,
1555,53,True,22,38,22,
1556,53,True,22,38,22,
1557,53,True,22,38,22,
1558,53,True,22,38,22,
1559,53,True,22,38,22,
1560,53,True,22,38,22,
1561,53,True,22,38,22,
1562,53,True,22,38,22,
1563,53,True,22,38,22,
1564,53,True,22,38,22,
1565,54,True,28,48,28,
1566,54,True,28,48,28,
1567,54,True,28,48,28,
1568,54,True,28,48,28,
1569,54,True,28,48,28,
1570,54,True,28,48,28,
1571,54,True,28,48,28,
1572,54,True,28,48,28,
1573,54,True,28,48,28,
1574,55,True,21,40,21,
1575,55,True,21,40,21,
1576,55,True,21,40,21,
1577,55,True,21,40,21,
1578,55,True,21,40,21,
1579,55,True,21,40,21,
1580,55,True,21,40,21,
1581,55,True,21,40,21,
1582,55,True,21,40,21,
1583,56,True,20,37,20,
1584,56,True,20,37,20,
1585,56,True,20,37,20,
1586,56,True,20,37,20,
1587,56,True,20,37,20,
1588,56,True,20,37,20,
1589,56,True,20,37,20,
1590,56,True,20,37,20,
1591,56,True,20,37,20,
1592,56,True,20,37,20,
1593,58,True,36,76,36,
1594,58,True,36,76,36,
1595,58,True,36,76,36,
1596,58,True,36,76,36,
1597,58,True,36,76,36,
1598,58,True,36,76,36,
1599,58,True,36,76,36,
1600,58,True,36,76,36,
1601,58,True,36,76,36,
1602,58,True,36,76,36,
1603,59,True,12,24,12,
1604,59,True,12,24,12,
1605,59,True,12,24,12,
1606,59,True,12,24,12,
1607,59,True,12,24,12,
1608,59,True,12,24,12,
1609,59,True,12,24,12,
1610,59,True,12,24,12,
1611,59,True,12,24,12,
1612,60,True,28,72,28,
1613,60,True,28,72,28,
1614,60,True,28,72,28,
1615,60,True,28,72,28,
1616,60,True,28,72,28,
1617,60,True,28,72,28,
1618,60,True,28,72,28,
1619,60,True,28,72,28,
1620,60,True,28,72,28,
1621,60,True,28,72,28,
1622,60,True,28,72,28,
1623,60,True,28,72,28,
1624,60,True,28,72,28,
1625,60,True,28,72,28,
1626,60,True,28,72,28,
1627,60,True,28,72,28,
1628,60,True,28,72,28,
1629,60,True,28,72,28,
1630,60,True,28,72,28,
1631,60,True,28,72,28,
1632,60,True,28,72,28,
1633,60,True,28,72,28,
1634,60,True,28,72,28,
1635,60,True,28,72,28,
1636,60,True,28,72,28,
1637,60,True,28,72,28,
1638,60,True,28,72,28,
1639,60,True,28,72,28,
1640,60,True,28,72,28,
1641,60,True,28,72,28,
1642,60,True,28,72,28,
1643,60,True,28,72,28,
1644,60,True,28,72,28,
1645,60,True,28,72,28,
1646,60,True,28,72,28,
1647,60,True,28,72,28,
1648,60,True,28,72,28,
1649,60,True,28,72,28,
1650,60,True,28,72,28,
1651,60,True,28,72,28,
1652,60,True,28,72,28,
1653,60,True,28,72,28,
1654,60,True,28,72,28,
1655,60,True,28,72,28,
1656,60,True,28,72,28,
1657,60,True,28,72,28,
1658,60,True,28,72,28,
1659,60,True,28,72,28,
1660,60,True,28,72,28,
1661,60,True,28,72,28,
1662,60,True,28,72,28,
1663,60,True,28,72,28,
1664,60,True,28,72,28,
1665,60,True,28,72,28,
1666,60,True,28,72,28,
1667,60,True,28,72,28,
1668,61,True,32,78,32,
1669,61,True,32,78,32,
1670,61,True,32,78,32,
1671,61,True,32,78,32,
1672,61,True,32,78,32,
1673,61,True,32,78,32,
1674,61,True,32,78,32,
1675,61,True,32,78,32,
1676,61,True,32,78,32,
1677,75,True,23,53,23,
1678,75,True,23,53,23,
1679,75,True,23,53,23,
1680,75,True,23,53,23,
1681,75,True,23,53,23,
1682,75,True,23,53,23,
1683,75,True,23,53,23,
1684,75,True,23,53,23,
1685,75,True,23,53,23,
1686,75,True,23,53,23,
1687,75,True,23,53,23,
1688,75,True,23,53,23,
1689,75,True,23,53,23,
1690,75,True,23,53,23,
1691,75,True,23,53,23,
1692,75,True,23,53,23,
1693,75,True,23,53,23,
1694,75,True,23,53,23,
1695,75,True,23,53,23,
1696,75,True,23,53,23,
1697,75,True,23,53,23,
1698,75,True,23,53,23,
1699,75,True,23,53,23,
1700,75,True,23,53,23,
1701,75,True,23,53,23,
1702,75,True,23,53,23,
1703,75,True,23,53,23,
1704,75,True,23,53,23,
1705,75,True,23,53,23,
1706,75,True,23,53,23,
1707,75,True,23,53,23,
1708,75,True,23,53,23,
1709,75,True,23,53,23,
1710,75,True,23,53,23,
1711,75,True,23,53,23,
1712,75,True,23,53,23,
1713,75,True,23,53,23,
1714,76,True,19,47,19,
1715,76,True,19,47,19,
1716,76,True,19,47,19,
1717,76,True,19,47,19,
1718,76,True,19,47,19,
1719,76,True,19,47,19,
1720,76,True,19,47,19,
1721,76,True,19,47,19,
1722,76,True,19,47,19,
1723,77,True,16,42,16,
1724,77,True,16,42,16,
1725,77,True,16,42,16,
1726,77,True,16,42,16,
1727,77,True,16,42,16,
1728,77,True,16,42,16,
1729,77,True,16,42,16,
1730,77,True,16,42,16,
1731,77,True,16,42,16,
1732,77,True,16,42,16,
1733,78,True,29,73,29,
1734,78,True,29,73,29,
1735,78,True,29,73,29,
1736,78,True,29,73,29,
1737,78,True,29,73,29,
1738,78,True,29,73,29,
1739,78,True,29,73,29,
1740,78,True,29,73,29,
1741,78,True,29,73,29,
1742,79,True,14,34,14,
1743,79,True,14,34,14,
1744,79,True,14,34,14,
1745,79,True,14,34,14,
1746,79,True,14,34,14,
1747,79,True,14,34,14,
1748,79,True,14,34,14,
1749,79,True,14,34,14,
1750,79,True,14,34,14,
1751,79,True,14,34,14,
1752,80,True,20,54,20,
1753,80,True,20,54,20,
1754,80,True,20,54,20,
1755,80,True,20,54,20,
1756,80,True,20,54,20,
1757,80,True,20,54,20,
1758,80,True,20,54,20,
1759,80,True,20,54,20,
1760,80,True,20,54,20,
1761,80,True,20,54,20,
1762,80,True,20,54,20,
1763,80,True,20,54,20,
1764,80,True,20,54,20,
1765,80,True,20,54,20,
1766,80,True,20,54,20,
1767,80,True,20,54,20,
1768,80,True,20,54,20,
1769,80,True,20,54,20,
1770,80,True,20,54,20,
1771,81,True,15,27,15,
1772,81,True,15,27,15,
1773,81,True,15,27,15,
1774,81,True,15,27,15,
1775,81,True,15,27,15,
1776,81,True,15,27,15,
1777,81,True,15,27,15,
1778,81,True,15,27,15,
1779,81,True,15,27,15,
1780,82,True,28,55,28,
1781,82,True,28,55,28,
1782,82,True,28,55,28,
1783,82,True,28,55,28,
1784,82,True,28,55,28,
1785,82,True,28,55,28,
1786,82,True,28,55,28,
1787,82,True,28,55,28,
1788,82,True,28,55,28,
1789,82,True,28,55,28,
1790,83,True,8,20,8,
1791,83,True,8,20,8,
1792,83,True,8,20,8,
1793,83,True,8,20,8,
1794,83,True,8,20,8,
1795,83,True,8,20,8,
1796,83,True,8,20,8,
1797,83,True,8,20,8,
1798,83,True,8,20,8,
1799,84,True,12,32,12,
1800,84,True,12,32,12,
1801,84,True,12,32,12,
1802,84,True,12,32,12,
1803,84,True,12,32,12,
1804,84,True,12,32,12,
1805,84,True,12,32,12,
1806,84,True,12,32,12,
1807,84,True,12,32,12,
1808,86,True,22,52,22,
1809,86,True,22,52,22,
1810,86,True,22,52,22,
1811,86,True,22,52,22,
1812,86,True,22,52,22,
1813,86,True,22,52,22,
1814,86,True,22,52,22,
1815,86,True,22,52,22,
1816,86,True,22,52,22,
1817,86,True,22,52,22,
1818,93,True,13,27,13,
1819,93,True,13,27,13,
1820,93,True,13,27,13,
1821,93,True,13,27,13,
1822,93,True,13,27,13,
1823,93,True,13,27,13,
1824,93,True,13,27,13,
1825,93,True,13,27,13,
1826,93,True,13,27,13,
1827,94,True,39,87,39,
1828,94,True,39,87,39,
1829,94,True,39,87,39,
1830,94,True,39,87,39,
1831,94,True,39,87,39,
1832,94,True,39,87,39,
1833,94,True,39,87,39,
1834,94,True,39,87,39,
1835,94,True,39,87,39,
1836,94,True,39,87,39,
1837,94,True,39,87,39,
1838,98,True,18,48,18,
1839,98,True,18,48,18,
1840,98,True,18,48,18,
1841,98,True,18,48,18,
1842,98,True,18,48,18,
1843,98,True,18,48,18,
1844,98,True,18,48,18,
1845,98,True,18,48,18,
1846,98,True,18,48,18,
1847,98,True,18,48,18,
1848,98,True,18,48,18,
1849,98,True,18,48,18,
1850,98,True,18,48,18,
1851,98,True,18,48,18,
1852,98,True,18,48,18,
1853,98,True,18,48,18,
1854,98,True,18,48,18,
1855,98,True,18,48,18,
1856,98,True,18,48,18,
1857,99,True,28,74,28,
1858,99,True,28,74,28,
1859,99,True,28,74,28,
1860,99,True,28,74,28,
1861,99,True,28,74,28,
1862,99,True,28,74,28,
1863,99,True,28,74,28,
1864,99,True,28,74,28,
1865,99,True,28,74,28,
1866,99,True,28,74,28,
1867,99,True,28,74,28,
1868,99,True,28,74,28,
1869,99,True,28,74,28,
1870,99,True,28,74,28,
1871,99,True,28,74,28,
1872,99,True,28,74,28,
1873,99,True,28,74,28,
1874,99,True,28,74,28,
1875,99,True,28,74,28,
1876,102,True,36,83,36,
1877,102,True,36,83,36,
1878,102,True,36,83,36,
1879,102,True,36,83,36,
1880,102,True,36,83,36,
1881,102,True,36,83,36,
1882,102,True,36,83,36,
1883,102,True,36,83,36,
1884,102,True,36,83,36,
1885,102,True,36,83,36,
1886,102,True,36,83,36,
1887,103,True,32,75,32,
1888,103,True,32,75,32,
1889,103,True,32,75,32,
1890,103,True,32,75,32,
1891,103,True,32,75,32,
1892,103,True,32,75,32,
1893,103,True,32,75,32,
1894,103,True,32,75,32,
1895,103,True,32,75,32,
1896,104,True,25,66,25,
1897,104,True,25,66,25,
1898,104,True,25,66,25,
1899,104,True,25,66,25,
1900,104,True,25,66,25,
1901,104,True,25,66,25,
1902,104,True,25,66,25,
1903,104,True,25,66,25,
1904,104,True,25,66,25,
1905,105,True,24,63,24,
1906,105,True,24,63,24,
1907,105,True,24,63,24,
1908,105,True,24,63,24,
1909,105,True,24,63,24,
1910,105,True,24,63,24,
1911,105,True,24,63,24,
1912,105,True,24,63,24,
1913,105,True,24,63,24,
1914,106,True,27,62,27,
1915,106,True,27,62,27,
1916,106,True,27,62,27,
1917,106,True,27,62,27,
1918,106,True,27,62,27,
1919,106,True,27,62,27,
1920,106,True,27,62,27,
1921,106,True,27,62,27,
1922,106,True,27,62,27,
1923,107,True,28,65,28,
1924,107,True,28,65,28,
1925,107,True,28,65,28,
1926,107,True,28,65,28,
1927,107,True,28,65,28,
1928,107,True,28,65,28,
1929,107,True,28,65,28,
1930,107,True,28,65,28,
1931,107,True,28,65,28,
1932,108,True,21,60,21,
1933,108,True,21,60,21,
1934,108,True,21,60,21,
1935,108,True,21,60,21,
1936,108,True,21,60,21,
1937,108,True,21,60,21,
1938,108,True,21,60,21,
1939,108,True,21,60,21,
1940,108,True,21,60,21,
1941,109,True,33,72,33,
1942,109,True,33,72,33,
1943,109,True,33,72,33,
1944,109,True,33,72,33,
1945,109,True,33,72,33,
1946,109,True,33,72,33,
1947,109,True,33,72,33,
1948,109,True,33,72,33,
1949,109,True,33,72,33,
1950,109,True,33,72,33,
1951,113,True,17,31,17,
1952,113,True,17,31,17,
1953,113,True,17,31,17,
1954,113,True,17,31,17,
1955,113,True,17,31,17,
1956,113,True,17,31,17,
1957,113,True,17,31,17,
1958,113,True,17,31,17,
1959,113,True,17,31,17,
1960,115,True,28,53,28,
1961,115,True,28,53,28,
1962,115,True,28,53,28,
1963,115,True,28,53,28,
1964,115,True,28,53,28,
1965,115,True,28,53,28,
1966,115,True,28,53,28,
1967,115,True,28,53,28,
1968,115,True,28,53,28,
1969,115,True,28,53,28,
1970,117,True,21,37,21,
1971,117,True,21,37,21,
1972,117,True,21,37,21,
1973,117,True,21,37,21,
1974,117,True,21,37,21,
1975,117,True,21,37,21,
1976,117,True,21,37,21,
1977,117,True,21,37,21,
1978,117,True,21,37,21,
1979,117,True,21,37,21,
1980,119,True,23,40,23,
1981,119,True,23,40,23,
1982,119,True,23,40,23,
1983,119,True,23,40,23,
1984,119,True,23,40,23,
1985,119,True,23,40,23,
1986,119,True,23,40,23,
1987,119,True,23,40,23,
1988,119,True,23,40,23,
1989,120,True,19,30,19,
1990,120,True,19,30,19,
1991,120,True,19,30,19,
1992,120,True,19,30,19,
1993,120,True,19,30,19,
1994,120,True,19,30,19,
1995,120,True,19,30,19,
1996,120,True,19,30,19,
1997,120,True,19,30,19,
1998,120,True,19,30,19,
1999,120,True,19,30,19,
2000,120,True,19,30,19,
2001,120,True,19,30,19,
2002,120,True,19,30,19,
2003,120,True,19,30,19,
2004,120,True,19,30,19,
2005,120,True,19,30,19,
2006,120,True,19,30,19,
2007,120,True,19,30,19,
2008,120,True,19,30,19,
2009,120,True,19,30,19,
2010,120,True,19,30,19,
2011,120,True,19,30,19,
2012,120,True,19,30,19,
2013,120,True,19,30,19,
2014,120,True,19,30,19,
2015,120,True,19,30,19,
2016,120,True,19,30,19,
2017,124,True,10,26,10,
2018,124,True,10,26,10,
2019,124,True,10,26,10,
2020,124,True,10,26,10,
2021,124,True,10,26,10,
2022,124,True,10,26,10,
2023,124,True,10,26,10,
2024,124,True,10,26,10,
2025,124,True,10,26,10,
2026,124,True,10,26,10,
2027,124,True,10,26,10,
2028,124,True,10,26,10,
2029,124,True,10,26,10,
2030,124,True,10,26,10,
2031,124,True,10,26,10,
2032,124,True,10,26,10,
2033,124,True,10,26,10,
2034,124,True,10,26,10,
2035,124,True,10,26,10,
2036,124,True,10,26,10,
2037,125,True,12,26,12,
2038,125,True,12,26,12,
2039,125,True,12,26,12,
2040,125,True,12,26,12,
2041,125,True,12,26,12,
2042,125,True,12,26,12,
2043,125,True,12,26,12,
2044,125,True,12,26,12,
2045,125,True,12,26,12,
2046,125,True,12,26,12,
2047,125,True,12,26,12,
2048,125,True,12,26,12,
2049,125,True,12,26,12,
2050,125,True,12,26,12,
2051,125,True,12,26,12,
2052,125,True,12,26,12,
2053,125,True,12,26,12,
2054,125,True,12,26,12,
2055,125,True,12,26,12,
2056,133,True,10,26,10,
2057,133,True,10,26,10,
2058,133,True,10,26,10,
2059,133,True,10,26,10,
2060,133,True,10,26,10,
2061,133,True,10,26,10,
2062,133,True,10,26,10,
2063,133,True,10,26,10,
2064,133,True,10,26,10,
2065,133,True,10,26,10,
2066,134,True,11,27,11,
2067,134,True,11,27,11,
2068,134,True,11,27,11,
2069,134,True,11,27,11,
2070,134,True,11,27,11,
2071,134,True,11,27,11,
2072,134,True,11,27,11,
2073,134,True,11,27,11,
2074,134,True,11,27,11,
2075,134,True,11,27,11,
2076,134,True,11,27,11,
2077,134,True,11,27,11,
2078,134,True,11,27,11,
2079,134,True,11,27,11,
2080,134,True,11,27,11,
2081,134,True,11,27,11,
2082,134,True,11,27,11,
2083,134,True,11,27,11,
2084,134,True,11,27,11,
2085,134,True,11,27,11,
2086,134,True,11,27,11,
2087,134,True,11,27,11,
2088,134,True,11,27,11,
2089,134,True,11,27,11,
2090,134,True,11,27,11,
2091,134,True,11,27,11,
2092,134,True,11,27,11,
2093,134,True,11,27,11,
2094,135,True,11,25,11,
2095,135,True,11,25,11,
2096,135,True,11,25,11,
2097,135,True,11,25,11,
2098,135,True,11,25,11,
2099,135,True,11,25,11,
2100,135,True,11,25,11,
2101,135,True,11,25,11,
2102,135,True,11,25,11,
2103,136,True,10,28,10,
2104,136,True,10,28,10,
2105,136,True,10,28,10,
2106,136,True,10,28,10,
2107,136,True,10,28,10,
2108,136,True,10,28,10,
2109,136,True,10,28,10,
2110,136,True,10,28,10,
2111,136,True,10,28,10,
2112,136,True,10,28,10,
2113,136,True,10,28,10,
2114,136,True,10,28,10,
2115,136,True,10,28,10,
2116,136,True,10,28,10,
2117,136,True,10,28,10,
2118,136,True,10,28,10,
2119,136,True,10,28,10,
2120,136,True,10,28,10,
2121,136,True,10,28,10,
2122,138,True,8,18,8,
2123,138,True,8,18,8,
2124,138,True,8,18,8,
2125,138,True,8,18,8,
2126,138,True,8,18,8,
2127,138,True,8,18,8,
2128,138,True,8,18,8,
2129,138,True,8,18,8,
2130,138,True,8,18,8,
2131,139,True,11,27,11,
2132,139,True,11,27,11,
2133,139,True,11,27,11,
2134,139,True,11,27,11,
2135,139,True,11,27,11,
2136,139,True,11,27,11,
2137,139,True,11,27,11,
2138,139,True,11,27,11,
2139,139,True,11,27,11,
2140,142,True,29,52,29,
2141,142,True,29,52,29,
2142,142,True,29,52,29,
2143,142,True,29,52,29,
2144,142,True,29,52,29,
2145,142,True,29,52,29,
2146,142,True,29,52,29,
2147,142,True,29,52,29,
2148,142,True,29,52,29,
2149,143,True,27,45,27,
2150,143,True,27,45,27,
2151,143,True,27,45,27,
2152,143,True,27,45,27,
2153,143,True,27,45,27,
2154,143,True,27,45,27,
2155,143,True,27,45,27,
2156,143,True,27,45,27,
2157,143,True,27,45,27,
2158,145,True,30,76,30,
2159,145,True,30,76,30,
2160,145,True,30,76,30,
2161,145,True,30,76,30,
2162,145,True,30,76,30,
2163,145,True,30,76,30,
2164,145,True,30,76,30,
2165,145,True,30,76,30,
2166,145,True,30,76,30,
2167,145,True,30,76,30,
2168,145,True,30,76,30,
2169,146,True,29,75,29,
2170,146,True,29,75,29,
2171,146,True,29,75,29,
2172,146,True,29,75,29,
2173,146,True,29,75,29,
2174,146,True,29,75,29,
2175,146,True,29,75,29,
2176,146,True,29,75,29,
2177,146,True,29,75,29,
2178,151,True,15,31,15,
2179,151,True,15,31,15,
2180,151,True,15,31,15,
2181,151,True,15,31,15,
2182,151,True,15,31,15,
2183,151,True,15,31,15,
2184,151,True,15,31,15,
2185,151,True,15,31,15,
2186,151,True,15,31,15,
2187,152,True,11,21,11,
2188,152,True,11,21,11,
2189,152,True,11,21,11,
2190,152,True,11,21,11,
2191,152,True,11,21,11,
2192,152,True,11,21,11,
2193,152,True,11,21,11,
2194,152,True,11,21,11,
2195,152,True,11,21,11,
2196,153,True,31,81,31,
2197,153,True,31,81,31,
2198,153,True,31,81,31,
2199,153,True,31,81,31,
2200,153,True,31,81,31,
2201,153,True,31,81,31,
2202,153,True,31,81,31,
2203,153,True,31,81,31,
2204,153,True,31,81,31,
2205,153,True,31,81,31,
2206,153,True,31,81,31,
2207,153,True,31,81,31,
2208,153,True,31,81,31,
2209,153,True,31,81,31,
2210,153,True,31,81,31,
2211,153,True,31,81,31,
2212,153,True,31,81,31,
2213,153,True,31,81,31,
2214,153,True,31,81,31,
2215,153,True,31,81,31,
2216,157,True,22,50,22,
2217,157,True,22,50,22,
2218,157,True,22,50,22,
2219,157,True,22,50,22,
2220,157,True,22,50,22,
2221,157,True,22,50,22,
2222,157,True,22,50,22,
2223,157,True,22,50,22,
2224,157,True,22,50,22,
2225,157,True,22,50,22,
2226,158,True,41,77,41,
2227,158,True,41,77,41,
2228,158,True,41,77,41,
2229,158,True,41,77,41,
2230,158,True,41,77,41,
2231,158,True,41,77,41,
2232,158,True,41,77,41,
2233,158,True,41,77,41,
2234,158,True,41,77,41,
2235,159,True,25,44,25,
2236,159,True,25,44,25,
2237,159,True,25,44,25,
2238,159,True,25,44,25,
2239,159,True,25,44,25,
2240,159,True,25,44,25,
2241,159,True,25,44,25,
2242,159,True,25,44,25,
2243,159,True,25,44,25,
2244,160,True,31,58,31,
2245,160,True,31,58,31,
2246,160,True,31,58,31,
2247,160,True,31,58,31,
2248,160,True,31,58,31,
2249,160,True,31,58,31,
2250,160,True,31,58,31,
2251,160,True,31,58,31,
2252,160,True,31,58,31,
2253,160,True,31,58,31,
2254,160,True,31,58,31,
2255,160,True,31,58,31,
2256,160,True,31,58,31,
2257,160,True,31,58,31,
2258,160,True,31,58,31,
2259,160,True,31,58,31,
2260,160,True,31,58,31,
2261,160,True,31,58,31,
2262,160,True,31,58,31,
2263,161,True,25,51,25,
2264,161,True,25,51,25,
2265,161,True,25,51,25,
2266,161,True,25,51,25,
2267,161,True,25,51,25,
2268,161,True,25,51,25,
2269,161,True,25,51,25,
2270,161,True,25,51,25,
2271,161,True,25,51,25,
2272,162,True,26,50,26,
2273,162,True,26,50,26,
2274,162,True,26,50,26,
2275,162,True,26,50,26,
2276,162,True,26,50,26,
2277,162,True,26,50,26,
2278,162,True,26,50,26,
2279,162,True,26,50,26,
2280,162,True,26,50,26,
2281,169,True,28,49,28,
2282,169,True,28,49,28,
2283,169,True,28,49,28,
2284,169,True,28,49,28,
2285,169,True,28,49,28,
2286,169,True,28,49,28,
2287,169,True,28,49,28,
2288,169,True,28,49,28,
2289,169,True,28,49,28,
2290,170,True,11,17,11,
2291,170,True,11,17,11,
2292,170,True,11,17,11,
2293,170,True,11,17,11,
2294,170,True,11,17,11,
2295,170,True,11,17,11,
2296,170,True,11,17,11,
2297,170,True,11,17,11,
2298,170,True,11,17,11,
2299,172,True,15,29,15,
2300,172,True,15,29,15,
2301,172,True,15,29,15,
2302,172,True,15,29,15,
2303,172,True,15,29,15,
2304,172,True,15,29,15,
2305,172,True,15,29,15,
2306,172,True,15,29,15,
2307,172,True,15,29,15,
2308,175,True,14,22,14,
2309,175,True,14,22,14,
2310,175,True,14,22,14,
2311,175,True,14,22,14,
2312,175,True,14,22,14,
2313,175,True,14,22,14,
2314,175,True,14,22,14,
2315,175,True,14,22,14,
2316,175,True,14,22,14,
2317,176,True,13,26,13,
2318,176,True,13,26,13,
2319,176,True,13,26,13,
2320,176,True,13,26,13,
2321,176,True,13,26,13,
2322,176,True,13,26,13,
2323,176,True,13,26,13,
2324,176,True,13,26,13,
2325,176,True,13,26,13,
2326,176,True,13,26,13,
2327,177,True,10,26,10,
2328,177,True,10,26,10,
2329,177,True,10,26,10,
2330,177,True,10,26,10,
2331,177,True,10,26,10,
2332,177,True,10,26,10,
2333,177,True,10,26,10,
2334,177,True,10,26,10,
2335,177,True,10,26,10,
2336,178,True,23,39,23,
2337,178,True,23,39,23,
2338,178,True,23,39,23,
2339,178,True,23,39,23,
2340,178,True,23,39,23,
2341,178,True,23,39,23,
2342,178,True,23,39,23,
2343,178,True,23,39,23,
2344,178,True,23,39,23,
2345,179,True,18,31,18,
2346,179,True,18,31,18,
2347,179,True,18,31,18,
2348,179,True,18,31,18,
2349,179,True,18,31,18,
2350,179,True,18,31,18,
2351,179,True,18,31,18,
2352,179,True,18,31,18,
2353,179,True,18,31,18,
2354,180,True,27,39,27,
2355,180,True,27,39,27,
2356,180,True,27,39,27,
2357,180,True,27,39,27,
2358,180,True,27,39,27,
2359,180,True,27,39,27,
2360,180,True,27,39,27,
2361,180,True,27,39,27,
2362,180,True,27,39,27,
2363,180,True,27,39,27,
2364,185,True,30,53,30,
2365,185,True,30,53,30,
2366,185,True,30,53,30,
2367,185,True,30,53,30,
2368,185,True,30,53,30,
2369,185,True,30,53,30,
2370,185,True,30,53,30,
2371,185,True,30,53,30,
2372,185,True,30,53,30,
2373,186,True,22,57,22,
2374,186,True,22,57,22,
2375,186,True,22,57,22,
2376,186,True,22,57,22,
2377,186,True,22,57,22,
2378,186,True,22,57,22,
2379,186,True,22,57,22,
2380,186,True,22,57,22,
2381,186,True,22,57,22,
2382,187,True,26,67,26,
2383,187,True,26,67,26,
2384,187,True,26,67,26,
2385,187,True,26,67,26,
2386,187,True,26,67,26,
2387,187,True,26,67,26,
2388,187,True,26,67,26,
2389,187,True,26,67,26,
2390,187,True,26,67,26,
2391,191,True,8,16,8,
2392,191,True,8,16,8,
2393,191,True,8,16,8,
2394,191,True,8,16,8,
2395,191,True,8,16,8,
2396,191,True,8,16,8,
2397,191,True,8,16,8,
2398,191,True,8,16,8,
2399,191,True,8,16,8,
2400,191,True,8,16,8,
2401,191,True,8,16,8,
2402,192,True,23,42,23,
2403,192,True,23,42,23,
2404,192,True,23,42,23,
2405,192,True,23,42,23,
2406,192,True,23,42,23,
2407,192,True,23,42,23,
2408,192,True,23,42,23,
2409,192,True,23,42,23,
2410,192,True,23,42,23,
2411,193,True,26,53,26,
2412,193,True,26,53,26,
2413,193,True,26,53,26,
2414,193,True,26,53,26,
2415,193,True,26,53,26,
2416,193,True,26,53,26,
2417,193,True,26,53,26,
2418,193,True,26,53,26,
2419,193,True,26,53,26,
2420,205,True,25,64,25,
2421,205,True,25,64,25,
2422,205,True,25,64,25,
2423,205,True,25,64,25,
2424,205,True,25,64,25,
2425,205,True,25,64,25,
2426,205,True,25,64,25,
2427,205,True,25,64,25,
2428,205,True,25,64,25,
2429,206,True,20,49,20,
2430,206,True,20,49,20,
2431,206,True,20,49,20,
2432,206,True,20,49,20,
2433,206,True,20,49,20,
2434,206,True,20,49,20,
2435,206,True,20,49,20,
2436,206,True,20,49,20,
2437,206,True,20,49,20,
2438,209,True,8,16,8,
2439,209,True,8,16,8,
2440,209,True,8,16,8,
2441,209,True,8,16,8,
2442,209,True,8,16,8,
2443,209,True,8,16,8,
2444,209,True,8,16,8,
2445,209,True,8,16,8,
2446,209,True,8,16,8,
2447,214,True,8,18,8,
2448,214,True,8,18,8,
2449,214,True,8,18,8,
2450,214,True,8,18,8,
2451,214,True,8,18,8,
2452,214,True,8,18,8,
2453,214,True,8,18,8,
2454,214,True,8,18,8,
2455,214,True,8,18,8,
2456,214,True,8,18,8,
2457,215,True,9,21,9,
2458,215,True,9,21,9,
2459,215,True,9,21,9,
2460,215,True,9,21,9,
2461,215,True,9,21,9,
2462,215,True,9,21,9,
2463,215,True,9,21,9,
2464,215,True,9,21,9,
2465,215,True,9,21,9,
2466,217,True,9,19,9,
2467,217,True,9,19,9,
2468,217,True,9,19,9,
2469,217,True,9,19,9,
2470,217,True,9,19,9,
2471,217,True,9,19,9,
2472,217,True,9,19,9,
2473,217,True,9,19,9,
2474,217,True,9,19,9,
2475,217,True,9,19,9,
2476,218,True,13,25,13,
2477,218,True,13,25,13,
2478,218,True,13,25,13,
2479,218,True,13,25,13,
2480,218,True,13,25,13,
2481,218,True,13,25,13,
2482,218,True,13,25,13,
2483,218,True,13,25,13,
2484,218,True,13,25,13,
2485,219,True,15,29,15,
2486,219,True,15,29,15,
2487,219,True,15,29,15,
2488,219,True,15,29,15,
2489,219,True,15,29,15,
2490,219,True,15,29,15,
2491,219,True,15,29,15,
2492,219,True,15,29,15,
2493,219,True,15,29,15,
2494,220,True,18,43,18,
2495,220,True,18,43,18,
2496,220,True,18,43,18,
2497,220,True,18,43,18,
2498,220,True,18,43,18,
2499,220,True,18,43,18,
2500,220,True,18,43,18,
2501,220,True,18,43,18,
2502,220,True,18,43,18,
2503,220,True,18,43,18,
2504,225,True,20,30,20,
2505,225,True,20,30,20,
2506,225,True,20,30,20,
2507,225,True,20,30,20,
2508,225,True,20,30,20,
2509,225,True,20,30,20,
2510,225,True,20,30,20,
2511,225,True,20,30,20,
2512,225,True,20,30,20,
2513,225,True,20,30,20,
2514,225,True,20,30,20,
2515,225,True,20,30,20,
2516,226,True,29,65,29,
2517,226,True,29,65,29,
2518,226,True,29,65,29,
2519,226,True,29,65,29,
2520,226,True,29,65,29,
2521,226,True,29,65,29,
2522,226,True,29,65,29,
2523,226,True,29,65,29,
2524,226,True,29,65,29,
2525,227,True,31,71,31,
2526,227,True,31,71,31,
2527,227,True,31,71,31,
2528,227,True,31,71,31,
2529,227,True,31,71,31,
2530,227,True,31,71,31,
2531,227,True,31,71,31,
2532,227,True,31,71,31,
2533,227,True,31,71,31,
2534,233,True,10,26,10,
2535,233,True,10,26,10,
2536,233,True,10,26,10,
2537,233,True,10,26,10,
2538,233,True,10,26,10,
2539,233,True,10,26,10,
2540,233,True,10,26,10,
2541,233,True,10,26,10,
2542,233,True,10,26,10,
2543,234,True,11,28,11,
2544,234,True,11,28,11,
2545,234,True,11,28,11,
2546,234,True,11,28,11,
2547,234,True,11,28,11,
2548,234,True,11,28,11,
2549,234,True,11,28,11,
2550,234,True,11,28,11,
2551,234,True,11,28,11,
2552,234,True,11,28,11,
2553,235,True,11,26,11,
2554,235,True,11,26,11,
2555,235,True,11,26,11,
2556,235,True,11,26,11,
2557,235,True,11,26,11,
2558,235,True,11,26,11,
2559,235,True,11,26,11,
2560,235,True,11,26,11,
2561,235,True,11,26,11,
2562,236,True,21,34,21,
2563,236,True,21,34,21,
2564,236,True,21,34,21,
2565,236,True,21,34,21,
2566,236,True,21,34,21,
2567,236,True,21,34,21,
2568,236,True,21,34,21,
2569,236,True,21,34,21,
2570,236,True,21,34,21,
2571,236,True,21,34,21,
2572,241,True,25,53,25,
2573,241,True,25,53,25,
2574,241,True,25,53,25,
2575,241,True,25,53,25,
2576,241,True,25,53,25,
2577,241,True,25,53,25,
2578,241,True,25,53,25,
2579,241,True,25,53,25,
2580,241,True,25,53,25,
2581,242,True,11,29,11,
2582,242,True,11,29,11,
2583,242,True,11,29,11,
2584,242,True,11,29,11,
2585,242,True,11,29,11,
2586,242,True,11,29,11,
2587,242,True,11,29,11,
2588,242,True,11,29,11,
2589,242,True,11,29,11,
2590,243,True,49,114,49,
2591,243,True,49,114,49,
2594,243,True,49,114,49,
2595,243,True,49,114,49,
2596,243,True,49,114,49,
2597,243,True,49,114,49,
2598,243,True,49,114,49,
2603,245,True,50,117,50,
2606,245,True,50,117,50,
2608,246,True,37,86,37,
2609,246,True,37,86,37,
2610,246,True,37,86,37,
2611,246,True,37,86,37,
2612,246,True,37,86,37,
2613,246,True,37,86,37,
2614,246,True,37,86,37,
2615,246,True,37,86,37,
2616,246,True,37,86,37,
2617,247,True,39,90,39,
2618,247,True,39,90,39,
2619,247,True,39,90,39,
2620,247,True,39,90,39,
2621,247,True,39,90,39,
2622,247,True,39,90,39,
2623,247,True,39,90,39,
2624,247,True,39,90,39,
2625,247,True,39,90,39,
2626,248,True,41,96,41,
2627,248,True,41,96,41,
2628,248,True,41,96,41,
2629,248,True,41,96,41,
2630,248,True,41,96,41,
2631,248,True,41,96,41,
2632,248,True,41,96,41,
2633,248,True,41,96,41,
2634,248,True,41,96,41,
2635,259,True,21,47,21,
2636,259,True,21,47,21,
2637,259,True,21,47,21,
2638,259,True,21,47,21,
2639,259,True,21,47,21,
2640,259,True,21,47,21,
2641,259,True,21,47,21,
2642,259,True,21,47,21,
2643,259,True,21,47,21,
2644,259,True,21,47,21,
2645,259,True,21,47,21,
2646,259,True,21,47,21,
2647,259,True,21,47,21,
2648,259,True,21,47,21,
2649,259,True,21,47,21,
2650,259,True,21,47,21,
2651,259,True,21,47,21,
2652,259,True,21,47,21,
2653,259,True,21,47,21,
2654,259,True,21,47,21,
2655,259,True,21,47,21,
2656,259,True,21,47,21,
2657,259,True,21,47,21,
2658,259,True,21,47,21,
2659,259,True,21,47,21,
2660,259,True,21,47,21,
2661,259,True,21,47,21,
2662,259,True,21,47,21,
2663,259,True,21,47,21,
2664,259,True,21,47,21,
2665,259,True,21,47,21,
2666,259,True,21,47,21,
2667,259,True,21,47,21,
2668,259,True,21,47,21,
2669,259,True,21,47,21,
2670,259,True,21,47,21,
2671,259,True,21,47,21,
2672,273,True,22,62,22,
2673,273,True,22,62,22,
2674,273,True,22,62,22,
2675,273,True,22,62,22,
2676,273,True,22,62,22,
2677,273,True,22,62,22,
2678,273,True,22,62,22,
2679,273,True,22,62,22,
2680,273,True,22,62,22,
2681,273,True,22,62,22,
2682,274,True,28,72,28,
2683,274,True,28,72,28,
2684,274,True,28,72,28,
2685,274,True,28,72,28,
2686,274,True,28,72,28,
2687,274,True,28,72,28,
2688,274,True,28,72,28,
2689,274,True,28,72,28,
2690,274,True,28,72,28,
2691,275,True,29,73,29,
2692,275,True,29,73,29,
2693,275,True,29,73,29,
2694,275,True,29,73,29,
2695,275,True,29,73,29,
2696,275,True,29,73,29,
2697,275,True,29,73,29,
2698,275,True,29,73,29,
2699,275,True,29,73,29,
2700,276,True,24,62,24,
2701,276,True,24,62,24,
2702,276,True,24,62,24,
2703,276,True,24,62,24,
2704,276,True,24,62,24,
2705,276,True,24,62,24,
2706,276,True,24,62,24,
2707,276,True,24,62,24,
2708,276,True,24,62,24,
2709,276,True,24,62,24,
2710,287,True,23,43,23,
2711,287,True,23,43,23,
2712,287,True,23,43,23,
2713,287,True,23,43,23,
2714,287,True,23,43,23,
2715,287,True,23,43,23,
2716,287,True,23,43,23,
2717,287,True,23,43,23,
2718,287,True,23,43,23,
2719,287,True,23,43,23,
2720,301,True,25,45,25,
2721,301,True,25,45,25,
2722,301,True,25,45,25,
2723,301,True,25,45,25,
2724,301,True,25,45,25,
2725,301,True,25,45,25,
2726,301,True,25,45,25,
2727,301,True,25,45,25,
2728,301,True,25,45,25,
2729,301,True,25,45,25,
2730,302,True,25,45,25,
2731,302,True,25,45,25,
2732,302,True,25,45,25,
2733,302,True,25,45,25,
2734,302,True,25,45,25,
2735,302,True,25,45,25,
2736,302,True,25,45,25,
2737,302,True,25,45,25,
2738,302,True,25,45,25,
2739,303,True,26,48,26,
2740,303,True,26,48,26,
2741,303,True,26,48,26,
2742,303,True,26,48,26,
2743,303,True,26,48,26,
2744,303,True,26,48,26,
2745,303,True,26,48,26,
2746,303,True,26,48,26,
2747,303,True,26,48,26,
2748,303,True,26,48,26,
2749,304,True,26,48,26,
2750,304,True,26,48,26,
2751,304,True,26,48,26,
2752,304,True,26,48,26,
2753,304,True,26,48,26,
2754,304,True,26,48,26,
2755,304,True,26,48,26,
2756,304,True,26,48,26,
2757,304,True,26,48,26,
2758,305,True,25,42,25,
2759,305,True,25,42,25,
2760,305,True,25,42,25,
2761,305,True,25,42,25,
2762,305,True,25,42,25,
2763,305,True,25,42,25,
2764,305,True,25,42,25,
2765,305,True,25,42,25,
2766,305,True,25,42,25,
2767,306,True,25,42,25,
2768,306,True,25,42,25,
2769,306,True,25,42,25,
2770,306,True,25,42,25,
2771,306,True,25,42,25,
2772,306,True,25,42,25,
2773,306,True,25,42,25,
2774,306,True,25,42,25,
2775,306,True,25,42,25,
2776,306,True,25,42,25,
2777,307,True,25,42,25,
2778,307,True,25,42,25,
2779,307,True,25,42,25,
2780,307,True,25,42,25,
2781,307,True,25,42,25,
2782,307,True,25,42,25,
2783,307,True,25,42,25,
2784,307,True,25,42,25,
2785,307,True,25,42,25,
2786,308,True,25,42,25,
2787,308,True,25,42,25,
2788,308,True,25,42,25,
2789,308,True,25,42,25,
2790,308,True,25,42,25,
2791,308,True,25,42,25,
2792,308,True,25,42,25,
2793,308,True,25,42,25,
2794,308,True,25,42,25,
2795,309,True,26,44,26,
2796,309,True,26,44,26,
2797,309,True,26,44,26,
2798,309,True,26,44,26,
2799,309,True,26,44,26,
2800,309,True,26,44,26,
2801,309,True,26,44,26,
2802,309,True,26,44,26,
2803,309,True,26,44,26,
2804,313,True,25,45,25,
2805,313,True,25,45,25,
2806,313,True,25,45,25,
2807,313,True,25,45,25,
2808,313,True,25,45,25,
2809,313,True,25,45,25,
2810,313,True,25,45,25,
2811,313,True,25,45,25,
2812,313,True,25,45,25,
2813,314,True,26,46,26,
2814,314,True,26,46,26,
2815,314,True,26,46,26,
2816,314,True,26,46,26,
2817,314,True,26,46,26,
2818,314,True,26,46,26,
2819,314,True,26,46,26,
2820,314,True,26,46,26,
2821,314,True,26,46,26,
2822,326,True,27,65,27,
2823,326,True,27,65,27,
2824,326,True,27,65,27,
2825,326,True,27,65,27,
2826,326,True,27,65,27,
2827,326,True,27,65,27,
2828,326,True,27,65,27,
2829,326,True,27,65,27,
2830,326,True,27,65,27,
2831,326,True,27,65,27,
2832,326,True,27,65,27,
2833,326,True,27,65,27,
2834,326,True,27,65,27,
2835,326,True,27,65,27,
2836,326,True,27,65,27,
2837,326,True,27,65,27,
2838,326,True,27,65,27,
2839,326,True,27,65,27,
2840,326,True,27,65,27,
2841,327,True,11,19,11,
2842,327,True,11,19,11,
2843,327,True,11,19,11,
2844,327,True,11,19,11,
2845,327,True,11,19,11,
2846,327,True,11,19,11,
2847,327,True,11,19,11,
2848,327,True,11,19,11,
2849,327,True,11,19,11,
2850,327,True,11,19,11,
2851,327,True,11,19,11,
2852,327,True,11,19,11,
2853,327,True,11,19,11,
2854,327,True,11,19,11,
2855,327,True,11,19,11,
2856,327,True,11,19,11,
2857,327,True,11,19,11,
2858,327,True,11,19,11,
2859,327,True,11,19,11,
2860,327,True,11,19,11,
2861,327,True,11,19,11,
2862,327,True,11,19,11,
2863,327,True,11,19,11,
2864,327,True,11,19,11,
2865,327,True,11,19,11,
2866,327,True,11,19,11,
2867,327,True,11,19,11,
2868,327,True,11,19,11,
2869,328,True,11,21,11,
2870,328,True,11,21,11,
2871,328,True,11,21,11,
2872,328,True,11,21,11,
2873,328,True,11,21,11,
2874,328,True,11,21,11,
2875,328,True,11,21,11,
2876,328,True,11,21,11,
2877,328,True,11,21,11,
2878,328,True,11,21,11,
2879,328,True,11,21,11,
2880,328,True,11,21,11,
2881,328,True,11,21,11,
2882,328,True,11,21,11,
2883,328,True,11,21,11,
2884,328,True,11,21,11,
2885,328,True,11,21,11,
2886,328,True,11,21,11,
2887,328,True,11,21,11,
2888,329,True,13,23,13,
2889,329,True,13,23,13,
2890,329,True,13,23,13,
2891,329,True,13,23,13,
2892,329,True,13,23,13,
2893,329,True,13,23,13,
2894,329,True,13,23,13,
2895,329,True,13,23,13,
2896,329,True,13,23,13,
2897,329,True,13,23,13,
2898,329,True,13,23,13,
2899,329,True,13,23,13,
2900,329,True,13,23,13,
2901,329,True,13,23,13,
2902,329,True,13,23,13,
2903,329,True,13,23,13,
2904,329,True,13,23,13,
2905,329,True,13,23,13,
2906,329,True,13,23,13,
2907,331,True,9,16,9,
2908,331,True,9,16,9,
2909,331,True,9,16,9,
2910,331,True,9,16,9,
2911,331,True,9,16,9,
2912,331,True,9,16,9,
2913,331,True,9,16,9,
2914,331,True,9,16,9,
2915,331,True,9,16,9,
2916,332,True,15,28,15,
2917,332,True,15,28,15,
2918,332,True,15,28,15,
2919,332,True,15,28,15,
2920,332,True,15,28,15,
2921,332,True,15,28,15,
2922,332,True,15,28,15,
2923,332,True,15,28,15,
2924,332,True,15,28,15,
2925,333,True,14,34,14,
2926,333,True,14,34,14,
2927,333,True,14,34,14,
2928,333,True,14,34,14,
2929,333,True,14,34,14,
2930,333,True,14,34,14,
2931,333,True,14,34,14,
2932,333,True,14,34,14,
2933,333,True,14,34,14,
2934,334,True,12,19,12,
2935,334,True,12,19,12,
2936,334,True,12,19,12,
2937,334,True,12,19,12,
2938,334,True,12,19,12,
2939,334,True,12,19,12,
2940,334,True,12,19,12,
2941,334,True,12,19,12,
2942,334,True,12,19,12,
2943,335,True,13,21,13,
2944,335,True,13,21,13,
2945,335,True,13,21,13,
2946,335,True,13,21,13,
2947,335,True,13,21,13,
2948,335,True,13,21,13,
2949,335,True,13,21,13,
2950,335,True,13,21,13,
2951,335,True,13,21,13,
2952,335,True,13,21,13,
2953,336,True,12,24,12,
2954,336,True,12,24,12,
2955,336,True,12,24,12,
2956,336,True,12,24,12,
2957,336,True,12,24,12,
2958,336,True,12,24,12,
2959,336,True,12,24,12,
2960,336,True,12,24,12,
2961,336,True,12,24,12,
2962,337,True,12,22,12,
2963,337,True,12,22,12,
2964,337,True,12,22,12,
2965,337,True,12,22,12,
2966,337,True,12,22,12,
2967,337,True,12,22,12,
2968,337,True,12,22,12,
2969,337,True,12,22,12,
2970,337,True,12,22,12,
2971,337,True,12,22,12,
2972,338,True,11,20,11,
2973,338,True,11,20,11,
2974,338,True,11,20,11,
2975,338,True,11,20,11,
2976,338,True,11,20,11,
2977,338,True,11,20,11,
2978,338,True,11,20,11,
2979,338,True,11,20,11,
2980,338,True,11,20,11,
2981,339,True,12,22,12,
2982,339,True,12,22,12,
2983,339,True,12,22,12,
2984,339,True,12,22,12,
2985,339,True,12,22,12,
2986,339,True,12,22,12,
2987,339,True,12,22,12,
2988,339,True,12,22,12,
2989,339,True,12,22,12,
2990,340,True,16,36,16,
2991,340,True,16,36,16,
2992,340,True,16,36,16,
2993,340,True,16,36,16,
2994,340,True,16,36,16,
2995,340,True,16,36,16,
2996,340,True,16,36,16,
2997,340,True,16,36,16,
2998,340,True,16,36,16,
2999,341,True,14,22,14,
3000,341,True,14,22,14,
3001,341,True,14,22,14,
3002,341,True,14,22,14,
3003,341,True,14,22,14,
3004,341,True,14,22,14,
3005,341,True,14,22,14,
3006,341,True,14,22,14,
3007,341,True,14,22,14,
3008,341,True,14,22,14,
3009,342,True,11,19,11,
3010,342,True,11,19,11,
3011,342,True,11,19,11,
3012,342,True,11,19,11,
3013,342,True,11,19,11,
3014,342,True,11,19,11,
3015,342,True,11,19,11,
3016,342,True,11,19,11,
3017,342,True,11,19,11,
3018,343,True,11,19,11,
3019,343,True,11,19,11,
3020,343,True,11,19,11,
3021,343,True,11,19,11,
3022,343,True,11,19,11,
3023,343,True,11,19,11,
3024,343,True,11,19,11,
3025,343,True,11,19,11,
3026,343,True,11,19,11,
3027,344,True,10,18,10,
3028,344,True,10,18,10,
3029,344,True,10,18,10,
3030,344,True,10,18,10,
3031,344,True,10,18,10,
3032,344,True,10,18,10,
3033,344,True,10,18,10,
3034,344,True,10,18,10,
3035,344,True,10,18,10,
3036,345,True,10,18,10,
3037,345,True,10,18,10,
3038,345,True,10,18,10,
3039,345,True,10,18,10,
3040,345,True,10,18,10,
3041,345,True,10,18,10,
3042,345,True,10,18,10,
3043,345,True,10,18,10,
3044,345,True,10,18,10,
3045,346,True,11,20,11,
3046,346,True,11,20,11,
3047,346,True,11,20,11,
3048,346,True,11,20,11,
3049,346,True,11,20,11,
3050,346,True,11,20,11,
3051,346,True,11,20,11,
3052,346,True,11,20,11,
3053,346,True,11,20,11,
3054,346,True,11,20,11,
3055,347,True,12,22,12,
3056,347,True,12,22,12,
3057,347,True,12,22,12,
3058,347,True,12,22,12,
3059,347,True,12,22,12,
3060,347,True,12,22,12,
3061,347,True,12,22,12,
3062,347,True,12,22,12,
3063,347,True,12,22,12,
3064,350,True,13,23,13,
3065,350,True,13,23,13,
3066,350,True,13,23,13,
3067,350,True,13,23,13,
3068,350,True,13,23,13,
3069,350,True,13,23,13,
3070,350,True,13,23,13,
3071,350,True,13,23,13,
3072,350,True,13,23,13,
3073,350,True,13,23,13,
3074,351,True,13,27,13,
3075,351,True,13,27,13,
3076,351,True,13,27,13,
3077,351,True,13,27,13,
3078,351,True,13,27,13,
3079,351,True,13,27,13,
3080,351,True,13,27,13,
3081,351,True,13,27,13,
3082,351,True,13,27,13,
3083,352,True,11,19,11,
3084,352,True,11,19,11,
3085,352,True,11,19,11,
3086,352,True,11,19,11,
3087,352,True,11,19,11,
3088,352,True,11,19,11,
3089,352,True,11,19,11,
3090,352,True,11,19,11,
3091,352,True,11,19,11,
3092,353,True,15,25,15,
3093,353,True,15,25,15,
3094,353,True,15,25,15,
3095,353,True,15,25,15,
3096,353,True,15,25,15,
3097,353,True,15,25,15,
3098,353,True,15,25,15,
3099,353,True,15,25,15,
3100,353,True,15,25,15,
3101,354,True,17,29,17,
3102,354,True,17,29,17,
3103,354,True,17,29,17,
3104,354,True,17,29,17,
3105,354,True,17,29,17,
3106,354,True,17,29,17,
3107,354,True,17,29,17,
3108,354,True,17,29,17,
3109,354,True,17,29,17,
3110,356,True,12,24,12,
3111,356,True,12,24,12,
3112,356,True,12,24,12,
3113,356,True,12,24,12,
3114,356,True,12,24,12,
3115,356,True,12,24,12,
3116,356,True,12,24,12,
3117,356,True,12,24,12,
3118,356,True,12,24,12,
3119,356,True,12,24,12,
3120,357,True,16,26,16,
3121,357,True,16,26,16,
3122,357,True,16,26,16,
3123,357,True,16,26,16,
3124,357,True,16,26,16,
3125,357,True,16,26,16,
3126,357,True,16,26,16,
3127,357,True,16,26,16,
3128,357,True,16,26,16,
3129,358,True,15,31,15,
3130,358,True,15,31,15,
3131,358,True,15,31,15,
3132,358,True,15,31,15,
3133,358,True,15,31,15,
3134,358,True,15,31,15,
3135,358,True,15,31,15,
3136,358,True,15,31,15,
3137,358,True,15,31,15,
3138,359,True,12,22,12,
3139,359,True,12,22,12,
3140,359,True,12,22,12,
3141,359,True,12,22,12,
3142,359,True,12,22,12,
3143,359,True,12,22,12,
3144,359,True,12,22,12,
3145,359,True,12,22,12,
3146,359,True,12,22,12,
3147,360,True,11,19,11,
3148,360,True,11,19,11,
3149,360,True,11,19,11,
3150,360,True,11,19,11,
3151,360,True,11,19,11,
3152,360,True,11,19,11,
3153,360,True,11,19,11,
3154,360,True,11,19,11,
3155,360,True,11,19,11,
3156,360,True,11,19,11,
3157,361,True,14,22,14,
3158,361,True,14,22,14,
3159,361,True,14,22,14,
3160,361,True,14,22,14,
3161,361,True,14,22,14,
3162,361,True,14,22,14,
3163,361,True,14,22,14,
3164,361,True,14,22,14,
3165,361,True,14,22,14,
3166,362,True,14,22,14,
3167,362,True,14,22,14,
3168,362,True,14,22,14,
3169,362,True,14,22,14,
3170,362,True,14,22,14,
3171,362,True,14,22,14,
3172,362,True,14,22,14,
3173,362,True,14,22,14,
3174,362,True,14,22,14,
3175,362,True,14,22,14,
3176,363,True,10,15,10,
3177,363,True,10,15,10,
3178,363,True,10,15,10,
3179,363,True,10,15,10,
3180,363,True,10,15,10,
3181,363,True,10,15,10,
3182,363,True,10,15,10,
3183,363,True,10,15,10,
3184,363,True,10,15,10,
3185,364,True,10,15,10,
3186,364,True,10,15,10,
3187,364,True,10,15,10,
3188,364,True,10,15,10,
3189,364,True,10,15,10,
3190,364,True,10,15,10,
3191,364,True,10,15,10,
3192,364,True,10,15,10,
3193,364,True,10,15,10,
3194,365,True,10,15,10,
3195,365,True,10,15,10,
3196,365,True,10,15,10,
3197,365,True,10,15,10,
3198,365,True,10,15,10,
3199,365,True,10,15,10,
3200,365,True,10,15,10,
3201,365,True,10,15,10,
3202,365,True,10,15,10,
3203,365,True,10,15,10,
3204,366,True,11,18,11,
3205,366,True,11,18,11,
3206,366,True,11,18,11,
3207,366,True,11,18,11,
3208,366,True,11,18,11,
3209,366,True,11,18,11,
3210,366,True,11,18,11,
3211,366,True,11,18,11,
3212,366,True,11,18,11,
3213,367,True,12,21,12,
3214,367,True,12,21,12,
3215,367,True,12,21,12,
3216,367,True,12,21,12,
3217,367,True,12,21,12,
3218,367,True,12,21,12,
3219,367,True,12,21,12,
3220,367,True,12,21,12,
3221,367,True,12,21,12,
3222,368,True,12,21,12,
3223,368,True,12,21,12,
3224,368,True,12,21,12,
3225,368,True,12,21,12,
3226,368,True,12,21,12,
3227,368,True,12,21,12,
3228,368,True,12,21,12,
3229,368,True,12,21,12,
3230,368,True,12,21,12,
3231,370,True,13,27,13,
3232,370,True,13,27,13,
3233,370,True,13,27,13,
3234,370,True,13,27,13,
3235,370,True,13,27,13,
3236,370,True,13,27,13,
3237,370,True,13,27,13,
3238,370,True,13,27,13,
3239,370,True,13,27,13,
3240,374,True,16,28,16,
3241,374,True,16,28,16,
3242,374,True,16,28,16,
3243,374,True,16,28,16,
3244,374,True,16,28,16,
3245,374,True,16,28,16,
3246,374,True,16,28,16,
3247,374,True,16,28,16,
3248,374,True,16,28,16,
3249,375,True,13,23,13,
3250,375,True,13,23,13,
3251,375,True,13,23,13,
3252,375,True,13,23,13,
3253,375,True,13,23,13,
3254,375,True,13,23,13,
3255,375,True,13,23,13,
3256,375,True,13,23,13,
3257,375,True,13,23,13,
3258,375,True,13,23,13,
3259,375,True,13,23,13,
3260,376,True,13,23,13,
3261,376,True,13,23,13,
3262,376,True,13,23,13,
3263,376,True,13,23,13,
3264,376,True,13,23,13,
3265,376,True,13,23,13,
3266,376,True,13,23,13,
3267,376,True,13,23,13,
3268,376,True,13,23,13,
3269,377,True,14,19,14,
3270,377,True,14,19,14,
3271,377,True,14,19,14,
3272,377,True,14,19,14,
3273,377,True,14,19,14,
3274,377,True,14,19,14,
3275,377,True,14,19,14,
3276,377,True,14,19,14,
3277,377,True,14,19,14,
3278,380,True,13,27,13,
3279,380,True,13,27,13,
3280,380,True,13,27,13,
3281,380,True,13,27,13,
3282,380,True,13,27,13,
3283,380,True,13,27,13,
3284,380,True,13,27,13,
3285,380,True,13,27,13,
3286,380,True,13,27,13,
3287,381,True,34,88,34,
3288,381,True,34,88,34,
3289,381,True,34,88,34,
3290,381,True,34,88,34,
3291,381,True,34,88,34,
3292,381,True,34,88,34,
3293,381,True,34,88,34,
3294,381,True,34,88,34,
3295,381,True,34,88,34,
3296,386,True,21,53,21,
3297,386,True,21,53,21,
3298,386,True,21,53,21,
3299,386,True,21,53,21,
3300,386,True,21,53,21,
3301,386,True,21,53,21,
3302,386,True,21,53,21,
3303,386,True,21,53,21,
3304,386,True,21,53,21,
3305,390,True,49,110,49,
3306,390,True,49,110,49,
3307,390,True,49,110,49,
3308,390,True,49,110,49,
3309,390,True,49,110,49,
3310,390,True,49,110,49,
3311,390,True,49,110,49,
3312,390,True,49,110,49,
3313,390,True,49,110,49,
3314,390,True,49,110,49,
3315,391,True,48,107,48,
3316,391,True,48,107,48,
3317,391,True,48,107,48,
3318,391,True,48,107,48,
3319,391,True,48,107,48,
3320,391,True,48,107,48,
3322,391,True,48,107,48,
3323,391,True,48,107,48,
3324,391,True,48,107,48,
3325,392,True,26,62,26,
3326,392,True,26,62,26,
3327,392,True,26,62,26,
3328,392,True,26,62,26,
3329,392,True,26,62,26,
3330,392,True,26,62,26,
3331,392,True,26,62,26,
3332,392,True,26,62,26,
3333,392,True,26,62,26,
3334,392,True,26,62,26,
3335,392,True,26,62,26,
3336,393,True,27,67,27,
3337,393,True,27,67,27,
3338,393,True,27,67,27,
3339,393,True,27,67,27,
3340,393,True,27,67,27,
3341,393,True,27,67,27,
3342,393,True,27,67,27,
3343,393,True,27,67,27,
3344,393,True,27,67,27,
3345,394,True,22,50,22,
3346,394,True,22,50,22,
3347,394,True,22,50,22,
3348,394,True,22,50,22,
3349,394,True,22,50,22,
3350,394,True,22,50,22,
3351,394,True,22,50,22,
3352,394,True,22,50,22,
3353,394,True,22,50,22,
3354,395,True,23,55,23,
3355,395,True,23,55,23,
3356,395,True,23,55,23,
3357,395,True,23,55,23,
3358,395,True,23,55,23,
3359,395,True,23,55,23,
3360,395,True,23,55,23,
3361,395,True,23,55,23,
3362,395,True,23,55,23,
3363,395,True,23,55,23,
3364,396,True,20,50,20,
3365,396,True,20,50,20,
3366,396,True,20,50,20,
3367,396,True,20,50,20,
3368,396,True,20,50,20,
3369,396,True,20,50,20,
3370,396,True,20,50,20,
3371,396,True,20,50,20,
3372,396,True,20,50,20,
3373,412,True,36,85,36,
3374,412,True,36,85,36,
3375,412,True,36,85,36,
3376,412,True,36,85,36,
3377,412,True,36,85,36,
3378,412,True,36,85,36,
3379,412,True,36,85,36,
3380,412,True,36,85,36,
3381,412,True,36,85,36,
3382,413,True,12,21,12,
3383,413,True,12,21,12,
3384,413,True,12,21,12,
3385,413,True,12,21,12,
3386,413,True,12,21,12,
3387,413,True,12,21,12,
3388,413,True,12,21,12,
3389,413,True,12,21,12,
3390,413,True,12,21,12,
3391,414,True,13,24,13,
3392,414,True,13,24,13,
3393,414,True,13,24,13,
3394,414,True,13,24,13,
3395,414,True,13,24,13,
3396,414,True,13,24,13,
3397,414,True,13,24,13,
3398,414,True,13,24,13,
3399,414,True,13,24,13,
3400,415,True,13,24,13,
3401,415,True,13,24,13,
3402,415,True,13,24,13,
3403,415,True,13,24,13,
3404,415,True,13,24,13,
3405,415,True,13,24,13,
3406,415,True,13,24,13,
3407,415,True,13,24,13,
3408,415,True,13,24,13,
3409,416,True,30,52,30,
3410,416,True,30,52,30,
3411,416,True,30,52,30,
3412,416,True,30,52,30,
3413,416,True,30,52,30,
3414,416,True,30,52,30,
3415,416,True,30,52,30,
3416,416,True,30,52,30,
3417,416,True,30,52,30,
3418,417,True,31,53,31,
3419,417,True,31,53,31,
3420,417,True,31,53,31,
3421,417,True,31,53,31,
3422,417,True,31,53,31,
3423,417,True,31,53,31,
3424,417,True,31,53,31,
3425,417,True,31,53,31,
3426,417,True,31,53,31,
3427,418,True,44,102,44,
3429,418,True,44,102,44,
3430,418,True,44,102,44,
3431,418,True,44,102,44,
3432,418,True,44,102,44,
3433,418,True,44,102,44,
3434,418,True,44,102,44,
3435,418,True,44,102,44,
3436,421,True,21,49,21,
3437,421,True,21,49,21,
3438,421,True,21,49,21,
3439,421,True,21,49,21,
3440,421,True,21,49,21,
3441,421,True,21,49,21,
3442,421,True,21,49,21,
3443,421,True,21,49,21,
3444,421,True,21,49,21,
3445,425,True,46,93,46,
3446,425,True,46,93,46,
3447,425,True,46,93,46,
3448,425,True,46,93,46,
3449,425,True,46,93,46,
3450,425,True,46,93,46,
3451,425,True,46,93,46,
3452,425,True,46,93,46,
3453,425,True,46,93,46,
3454,425,True,46,93,46,
3455,426,True,15,21,15,
3456,426,True,15,21,15,
3457,426,True,15,21,15,
3458,426,True,15,21,15,
3459,426,True,15,21,15,
3460,426,True,15,21,15,
3461,426,True,15,21,15,
3462,426,True,15,21,15,
3463,426,True,15,21,15,
3464,427,True,13,19,13,
3465,427,True,13,19,13,
3466,427,True,13,19,13,
3467,427,True,13,19,13,
3468,427,True,13,19,13,
3469,427,True,13,19,13,
3470,427,True,13,19,13,
3471,427,True,13,19,13,
3472,427,True,13,19,13,
3473,428,True,34,75,34,
3474,428,True,34,75,34,
3475,428,True,34,75,34,
3476,428,True,34,75,34,
3477,428,True,34,75,34,
3478,428,True,34,75,34,
3479,428,True,34,75,34,
3480,428,True,34,75,34,
3481,428,True,34,75,34,
3482,430,True,15,23,15,
3483,430,True,15,23,15,
3484,430,True,15,23,15,
3485,430,True,15,23,15,
3486,430,True,15,23,15,
3487,430,True,15,23,15,
3488,430,True,15,23,15,
3489,430,True,15,23,15,
3490,430,True,15,23,15,
3491,432,True,41,92,41,
3492,432,True,41,92,41,
3493,432,True,41,92,41,
3494,432,True,41,92,41,
3495,432,True,41,92,41,
3496,432,True,41,92,41,
3497,432,True,41,92,41,
3498,432,True,41,92,41,
3499,432,True,41,92,41,
3500,433,True,28,61,28,
3501,433,True,28,61,28,
3502,433,True,28,61,28,
3503,433,True,28,61,28,
3504,433,True,28,61,28,
3505,433,True,28,61,28,
3506,433,True,28,61,28,
3507,433,True,28,61,28,
3508,433,True,28,61,28,
3509,434,True,33,57,33,
3510,434,True,33,57,33,
3511,434,True,33,57,33,
3512,434,True,33,57,33,
3513,434,True,33,57,33,
3514,434,True,33,57,33,
3515,434,True,33,57,33,
3516,434,True,33,57,33,
3517,434,True,33,57,33,
3518,435,True,28,62,28,
3519,435,True,28,62,28,
3520,435,True,28,62,28,
3521,435,True,28,62,28,
3522,435,True,28,62,28,
3523,435,True,28,62,28,
3524,435,True,28,62,28,
3525,435,True,28,62,28,
3526,435,True,28,62,28,
