Dock_Index,success,error,protein_atoms,n_atom,n_hetatm,n_heme_atoms,n_fe_atoms
0,True,,364,364,0,0,0
1,True,,410,410,0,0,0
2,True,,475,475,0,0,0
3,True,,461,461,0,0,0
4,True,,344,344,0,0,0
5,True,,350,350,0,0,0
6,True,,347,347,0,0,0
7,True,,353,353,0,0,0
8,True,,342,342,0,0,0
10,True,,456,456,0,0,0
11,True,,571,571,0,0,0
12,True,,603,603,0,0,0
13,True,,588,588,0,0,0
14,True,,488,488,0,0,0
16,True,,492,492,0,0,0
17,True,,447,447,0,0,0
18,True,,490,490,0,0,0
19,True,,469,469,0,0,0
20,True,,569,569,0,0,0
21,True,,440,440,0,0,0
22,True,,549,549,0,0,0
23,True,,514,514,0,0,0
25,True,,411,411,0,0,0
35,True,,449,449,0,0,0
36,True,,450,450,0,0,0
42,True,,394,394,0,0,0
43,True,,390,390,0,0,0
44,True,,360,360,0,0,0
45,True,,529,529,0,0,0
46,True,,473,473,0,0,0
47,True,,478,478,0,0,0
48,True,,480,480,0,0,0
49,True,,477,477,0,0,0
50,True,,532,532,0,0,0
51,True,,467,467,0,0,0
52,True,,433,433,0,0,0
53,True,,474,474,0,0,0
55,True,,578,578,0,0,0
56,True,,586,586,0,0,0
57,True,,410,410,0,0,0
58,True,,439,439,0,0,0
59,True,,329,329,0,0,0
60,True,,544,544,0,0,0
61,True,,563,563,0,0,0
79,True,,470,470,0,0,0
80,True,,430,430,0,0,0
81,True,,504,504,0,0,0
82,True,,495,495,0,0,0
83,True,,470,470,0,0,0
84,True,,550,550,0,0,0
85,True,,439,439,0,0,0
86,True,,501,501,0,0,0
87,True,,485,485,0,0,0
88,True,,515,515,0,0,0
89,True,,427,427,0,0,0
90,True,,397,397,0,0,0
91,True,,402,402,0,0,0
92,True,,557,557,0,0,0
93,True,,357,357,0,0,0
94,True,,459,459,0,0,0
95,True,,410,410,0,0,0
97,True,,411,411,0,0,0
98,True,,556,556,0,0,0
99,True,,559,559,0,0,0
107,True,,348,348,0,0,0
108,True,,685,685,0,0,0
109,True,,470,470,0,0,0
110,True,,467,467,0,0,0
115,True,,376,376,0,0,0
116,True,,549,549,0,0,0
117,True,,530,530,0,0,0
118,True,,564,564,0,0,0
121,True,,594,594,0,0,0
122,True,,563,563,0,0,0
123,True,,491,491,0,0,0
124,True,,485,485,0,0,0
125,True,,525,525,0,0,0
126,True,,525,525,0,0,0
127,True,,492,492,0,0,0
128,True,,537,537,0,0,0
132,True,,424,424,0,0,0
133,True,,309,309,0,0,0
134,True,,479,479,0,0,0
136,True,,530,530,0,0,0
137,True,,458,458,0,0,0
141,True,,389,389,0,0,0
150,True,,340,340,0,0,0
151,True,,384,384,0,0,0
152,True,,359,359,0,0,0
153,True,,350,350,0,0,0
154,True,,326,326,0,0,0
155,True,,367,367,0,0,0
158,True,,607,607,0,0,0
159,True,,570,570,0,0,0
160,True,,570,570,0,0,0
161,True,,602,602,0,0,0
162,True,,574,574,0,0,0
169,True,,475,475,0,0,0
170,True,,372,372,0,0,0
171,True,,398,398,0,0,0
172,True,,393,393,0,0,0
173,True,,387,387,0,0,0
177,True,,629,629,0,0,0
183,True,,471,471,0,0,0
184,True,,569,569,0,0,0
185,True,,441,441,0,0,0
186,True,,493,493,0,0,0
187,True,,516,516,0,0,0
188,True,,478,478,0,0,0
195,True,,517,517,0,0,0
196,True,,363,363,0,0,0
198,True,,452,452,0,0,0
201,True,,416,416,0,0,0
202,True,,451,451,0,0,0
203,True,,421,421,0,0,0
204,True,,405,405,0,0,0
206,True,,462,462,0,0,0
207,True,,421,421,0,0,0
208,True,,468,468,0,0,0
213,True,,532,532,0,0,0
214,True,,542,542,0,0,0
215,True,,618,618,0,0,0
216,True,,514,514,0,0,0
218,True,,453,453,0,0,0
221,True,,342,342,0,0,0
222,True,,536,536,0,0,0
226,True,,311,311,0,0,0
227,True,,397,397,0,0,0
228,True,,484,484,0,0,0
240,True,,502,502,0,0,0
241,True,,372,372,0,0,0
244,True,,337,337,0,0,0
247,True,,316,316,0,0,0
250,True,,367,367,0,0,0
251,True,,358,358,0,0,0
253,True,,350,350,0,0,0
254,True,,377,377,0,0,0
255,True,,398,398,0,0,0
256,True,,485,485,0,0,0
260,True,,414,414,0,0,0
261,True,,428,428,0,0,0
262,True,,539,539,0,0,0
263,True,,575,575,0,0,0
271,True,,370,370,0,0,0
272,True,,375,375,0,0,0
273,True,,372,372,0,0,0
274,True,,365,365,0,0,0
275,True,,357,357,0,0,0
276,True,,381,381,0,0,0
277,True,,496,496,0,0,0
283,True,,483,483,0,0,0
284,True,,370,370,0,0,0
290,True,,634,634,0,0,0
291,True,,631,631,0,0,0
292,True,,703,703,0,0,0
296,True,,301,301,0,0,0
305,True,,570,570,0,0,0
307,True,,235,235,0,0,0
324,True,,547,547,0,0,0
325,True,,481,481,0,0,0
326,True,,595,595,0,0,0
327,True,,616,616,0,0,0
328,True,,516,516,0,0,0
333,True,,464,464,0,0,0
341,True,,499,499,0,0,0
355,True,,468,468,0,0,0
356,True,,464,464,0,0,0
357,True,,498,498,0,0,0
358,True,,481,481,0,0,0
359,True,,515,515,0,0,0
360,True,,468,468,0,0,0
361,True,,476,476,0,0,0
362,True,,460,460,0,0,0
363,True,,503,503,0,0,0
367,True,,535,535,0,0,0
368,True,,530,530,0,0,0
382,True,,458,458,0,0,0
384,True,,546,546,0,0,0
385,True,,391,391,0,0,0
386,True,,397,397,0,0,0
387,True,,416,416,0,0,0
390,True,,341,341,0,0,0
392,True,,401,401,0,0,0
393,True,,432,432,0,0,0
394,True,,392,392,0,0,0
395,True,,337,337,0,0,0
396,True,,388,388,0,0,0
397,True,,415,415,0,0,0
398,True,,385,385,0,0,0
399,True,,387,387,0,0,0
400,True,,415,415,0,0,0
401,True,,410,410,0,0,0
402,True,,394,394,0,0,0
403,True,,410,410,0,0,0
404,True,,477,477,0,0,0
405,True,,412,412,0,0,0
406,True,,388,388,0,0,0
407,True,,388,388,0,0,0
408,True,,375,375,0,0,0
409,True,,375,375,0,0,0
410,True,,386,386,0,0,0
411,True,,416,416,0,0,0
414,True,,417,417,0,0,0
415,True,,433,433,0,0,0
416,True,,396,396,0,0,0
417,True,,439,439,0,0,0
418,True,,226,226,0,0,0
420,True,,421,421,0,0,0
421,True,,397,397,0,0,0
422,True,,443,443,0,0,0
423,True,,445,445,0,0,0
424,True,,421,421,0,0,0
425,True,,388,388,0,0,0
426,True,,424,424,0,0,0
427,True,,190,190,0,0,0
428,True,,354,354,0,0,0
429,True,,352,352,0,0,0
430,True,,354,354,0,0,0
431,True,,383,383,0,0,0
432,True,,403,403,0,0,0
433,True,,403,403,0,0,0
435,True,,436,436,0,0,0
437,True,,470,470,0,0,0
438,True,,422,422,0,0,0
439,True,,425,425,0,0,0
440,True,,397,397,0,0,0
441,True,,385,385,0,0,0
442,True,,409,409,0,0,0
446,True,,604,604,0,0,0
451,True,,461,461,0,0,0
457,True,,644,644,0,0,0
458,True,,668,668,0,0,0
460,True,,492,492,0,0,0
461,True,,531,531,0,0,0
462,True,,453,453,0,0,0
463,True,,526,526,0,0,0
464,True,,551,551,0,0,0
465,True,,493,493,0,0,0
466,True,,490,490,0,0,0
467,True,,439,439,0,0,0
468,True,,437,437,0,0,0
469,True,,454,454,0,0,0
470,True,,496,496,0,0,0
471,True,,385,385,0,0,0
489,True,,413,413,0,0,0
490,True,,490,490,0,0,0
491,True,,464,464,0,0,0
492,True,,418,418,0,0,0
494,True,,611,611,0,0,0
495,True,,406,406,0,0,0
496,True,,435,435,0,0,0
497,True,,417,417,0,0,0
498,True,,536,536,0,0,0
499,True,,518,518,0,0,0
500,True,,833,833,0,0,0
502,True,,319,319,0,0,0
505,True,,637,637,0,0,0
507,True,,349,349,0,0,0
508,True,,329,329,0,0,0
509,True,,607,607,0,0,0
510,True,,347,347,0,0,0
512,True,,602,602,0,0,0
513,True,,511,511,0,0,0
514,True,,273,273,0,0,0
515,True,,533,533,0,0,0
1000,True,,321,321,0,0,0
1001,True,,318,318,0,0,0
1002,True,,312,312,0,0,0
1003,True,,324,324,0,0,0
1004,True,,323,323,0,0,0
1005,True,,334,334,0,0,0
1006,True,,317,317,0,0,0
1007,True,,328,328,0,0,0
1008,True,,339,339,0,0,0
1009,True,,324,324,0,0,0
1010,True,,337,337,0,0,0
1011,True,,366,366,0,0,0
1012,True,,342,342,0,0,0
1013,True,,319,319,0,0,0
1014,True,,340,340,0,0,0
1015,True,,367,367,0,0,0
1016,True,,329,329,0,0,0
1017,True,,344,344,0,0,0
1018,True,,326,326,0,0,0
1019,True,,360,360,0,0,0
1020,True,,347,347,0,0,0
1021,True,,366,366,0,0,0
1022,True,,292,292,0,0,0
1023,True,,350,350,0,0,0
1024,True,,387,387,0,0,0
1025,True,,385,385,0,0,0
1026,True,,389,389,0,0,0
1027,True,,353,353,0,0,0
1028,True,,394,394,0,0,0
1029,True,,326,326,0,0,0
1030,True,,378,378,0,0,0
1031,True,,354,354,0,0,0
1032,True,,369,369,0,0,0
1033,True,,307,307,0,0,0
1034,True,,332,332,0,0,0
1035,True,,359,359,0,0,0
1036,True,,287,287,0,0,0
1037,True,,239,239,0,0,0
1038,True,,376,376,0,0,0
1039,True,,349,349,0,0,0
1040,True,,401,401,0,0,0
1041,True,,350,350,0,0,0
1042,True,,329,329,0,0,0
1043,True,,316,316,0,0,0
1044,True,,333,333,0,0,0
1045,True,,381,381,0,0,0
1046,True,,403,403,0,0,0
1047,True,,494,494,0,0,0
1048,True,,348,348,0,0,0
1049,True,,513,513,0,0,0
1050,True,,473,473,0,0,0
1051,True,,471,471,0,0,0
1052,True,,294,294,0,0,0
1053,True,,362,362,0,0,0
1054,True,,509,509,0,0,0
1055,True,,497,497,0,0,0
1056,True,,514,514,0,0,0
1057,True,,469,469,0,0,0
1058,True,,449,449,0,0,0
1059,True,,455,455,0,0,0
1060,True,,482,482,0,0,0
1061,True,,485,485,0,0,0
1062,True,,484,484,0,0,0
1063,True,,427,427,0,0,0
1064,True,,512,512,0,0,0
1065,True,,255,255,0,0,0
1066,True,,238,238,0,0,0
1067,True,,313,313,0,0,0
1068,True,,290,290,0,0,0
1069,True,,291,291,0,0,0
1070,True,,270,270,0,0,0
1071,True,,263,263,0,0,0
1072,True,,298,298,0,0,0
1073,True,,341,341,0,0,0
1074,True,,310,310,0,0,0
1075,True,,294,294,0,0,0
1076,True,,304,304,0,0,0
1077,True,,241,241,0,0,0
1078,True,,286,286,0,0,0
1079,True,,320,320,0,0,0
1080,True,,268,268,0,0,0
1081,True,,339,339,0,0,0
1082,True,,329,329,0,0,0
1083,True,,281,281,0,0,0
1084,True,,350,350,0,0,0
1085,True,,297,297,0,0,0
1086,True,,352,352,0,0,0
1087,True,,344,344,0,0,0
1088,True,,324,324,0,0,0
1089,True,,338,338,0,0,0
1090,True,,298,298,0,0,0
1091,True,,358,358,0,0,0
1092,True,,272,272,0,0,0
1093,True,,318,318,0,0,0
1094,True,,291,291,0,0,0
1095,True,,316,316,0,0,0
1096,True,,287,287,0,0,0
1097,True,,318,318,0,0,0
1098,True,,300,300,0,0,0
1099,True,,326,326,0,0,0
1100,True,,282,282,0,0,0
1101,True,,343,343,0,0,0
1102,True,,314,314,0,0,0
1103,True,,308,308,0,0,0
1104,True,,323,323,0,0,0
1105,True,,315,315,0,0,0
1106,True,,270,270,0,0,0
1107,True,,347,347,0,0,0
1108,True,,319,319,0,0,0
1109,True,,300,300,0,0,0
1110,True,,322,322,0,0,0
1111,True,,273,273,0,0,0
1112,True,,346,346,0,0,0
1113,True,,318,318,0,0,0
1114,True,,328,328,0,0,0
1115,True,,332,332,0,0,0
1116,True,,315,315,0,0,0
1117,True,,312,312,0,0,0
1118,True,,308,308,0,0,0
1119,True,,311,311,0,0,0
1120,True,,312,312,0,0,0
1121,True,,316,316,0,0,0
1122,True,,351,351,0,0,0
1123,True,,306,306,0,0,0
1133,True,,451,451,0,0,0
1134,True,,461,461,0,0,0
1135,True,,469,469,0,0,0
1136,True,,444,444,0,0,0
1137,True,,396,396,0,0,0
1138,True,,406,406,0,0,0
1139,True,,506,506,0,0,0
1140,True,,459,459,0,0,0
1141,True,,462,462,0,0,0
1142,True,,441,441,0,0,0
1143,True,,460,460,0,0,0
1144,True,,406,406,0,0,0
1145,True,,383,383,0,0,0
1146,True,,476,476,0,0,0
1147,True,,418,418,0,0,0
1148,True,,461,461,0,0,0
1149,True,,454,454,0,0,0
1150,True,,430,430,0,0,0
1151,True,,462,462,0,0,0
1152,True,,465,465,0,0,0
1153,True,,437,437,0,0,0
1154,True,,457,457,0,0,0
1155,True,,439,439,0,0,0
1156,True,,428,428,0,0,0
1157,True,,413,413,0,0,0
1158,True,,457,457,0,0,0
1159,True,,424,424,0,0,0
1160,True,,481,481,0,0,0
1161,True,,485,485,0,0,0
1162,True,,410,410,0,0,0
1163,True,,461,461,0,0,0
1164,True,,466,466,0,0,0
1165,True,,451,451,0,0,0
1166,True,,434,434,0,0,0
1167,True,,475,475,0,0,0
1168,True,,414,414,0,0,0
1169,True,,476,476,0,0,0
1170,True,,636,636,0,0,0
1171,True,,329,329,0,0,0
1172,True,,518,518,0,0,0
1173,True,,558,558,0,0,0
1174,True,,665,665,0,0,0
1175,True,,583,583,0,0,0
1176,True,,638,638,0,0,0
1177,True,,587,587,0,0,0
1178,True,,532,532,0,0,0
1179,True,,566,566,0,0,0
1180,True,,601,601,0,0,0
1181,True,,255,255,0,0,0
1182,True,,624,624,0,0,0
1183,True,,583,583,0,0,0
1184,True,,350,350,0,0,0
1185,True,,593,593,0,0,0
1186,True,,517,517,0,0,0
1187,True,,611,611,0,0,0
1188,True,,636,636,0,0,0
1189,True,,575,575,0,0,0
1190,True,,595,595,0,0,0
1191,True,,582,582,0,0,0
1192,True,,577,577,0,0,0
1193,True,,605,605,0,0,0
1194,True,,606,606,0,0,0
1195,True,,488,488,0,0,0
1196,True,,597,597,0,0,0
1197,True,,577,577,0,0,0
1198,True,,602,602,0,0,0
1199,True,,365,365,0,0,0
1200,True,,453,453,0,0,0
1201,True,,459,459,0,0,0
1202,True,,615,615,0,0,0
1203,True,,588,588,0,0,0
1204,True,,380,380,0,0,0
1205,True,,342,342,0,0,0
1206,True,,605,605,0,0,0
1207,True,,390,390,0,0,0
1208,True,,517,517,0,0,0
1209,True,,467,467,0,0,0
1210,True,,495,495,0,0,0
1211,True,,380,380,0,0,0
1212,True,,469,469,0,0,0
1213,True,,482,482,0,0,0
1214,True,,408,408,0,0,0
1215,True,,495,495,0,0,0
1216,True,,477,477,0,0,0
1217,True,,446,446,0,0,0
1218,True,,494,494,0,0,0
1219,True,,472,472,0,0,0
1220,True,,413,413,0,0,0
1221,True,,503,503,0,0,0
1222,True,,471,471,0,0,0
1223,True,,503,503,0,0,0
1224,True,,335,335,0,0,0
1225,True,,282,282,0,0,0
1226,True,,399,399,0,0,0
1227,True,,486,486,0,0,0
1228,True,,651,651,0,0,0
1229,True,,803,803,0,0,0
1230,True,,738,738,0,0,0
1232,True,,778,778,0,0,0
1233,True,,655,655,0,0,0
1234,True,,633,633,0,0,0
1236,True,,676,676,0,0,0
1237,True,,460,460,0,0,0
1238,True,,451,451,0,0,0
1239,True,,440,440,0,0,0
1240,True,,494,494,0,0,0
1241,True,,425,425,0,0,0
1242,True,,432,432,0,0,0
1243,True,,240,240,0,0,0
1244,True,,236,236,0,0,0
1245,True,,393,393,0,0,0
1246,True,,539,539,0,0,0
1247,True,,552,552,0,0,0
1248,True,,525,525,0,0,0
1249,True,,494,494,0,0,0
1250,True,,517,517,0,0,0
1251,True,,552,552,0,0,0
1252,True,,297,297,0,0,0
1253,True,,530,530,0,0,0
1254,True,,345,345,0,0,0
1255,True,,517,517,0,0,0
1256,True,,530,530,0,0,0
1257,True,,526,526,0,0,0
1258,True,,438,438,0,0,0
1259,True,,511,511,0,0,0
1260,True,,279,279,0,0,0
1261,True,,273,273,0,0,0
1262,True,,486,486,0,0,0
1263,True,,435,435,0,0,0
1264,True,,456,456,0,0,0
1265,True,,396,396,0,0,0
1266,True,,410,410,0,0,0
1267,True,,472,472,0,0,0
1268,True,,533,533,0,0,0
1269,True,,278,278,0,0,0
1270,True,,235,235,0,0,0
1271,True,,501,501,0,0,0
1272,True,,476,476,0,0,0
1273,True,,537,537,0,0,0
1274,True,,250,250,0,0,0
1275,True,,557,557,0,0,0
1276,True,,506,506,0,0,0
1277,True,,497,497,0,0,0
1278,True,,541,541,0,0,0
1279,True,,495,495,0,0,0
1280,True,,435,435,0,0,0
1281,True,,267,267,0,0,0
1282,True,,558,558,0,0,0
1283,True,,293,293,0,0,0
1284,True,,493,493,0,0,0
1285,True,,502,502,0,0,0
1286,True,,470,470,0,0,0
1287,True,,514,514,0,0,0
1288,True,,525,525,0,0,0
1289,True,,514,514,0,0,0
1290,True,,273,273,0,0,0
1291,True,,508,508,0,0,0
1292,True,,447,447,0,0,0
1293,True,,445,445,0,0,0
1294,True,,457,457,0,0,0
1295,True,,480,480,0,0,0
1296,True,,469,469,0,0,0
1297,True,,210,210,0,0,0
1298,True,,449,449,0,0,0
1299,True,,243,243,0,0,0
1300,True,,482,482,0,0,0
1301,True,,487,487,0,0,0
1302,True,,475,475,0,0,0
1303,True,,440,440,0,0,0
1304,True,,409,409,0,0,0
1305,True,,479,479,0,0,0
1306,True,,333,333,0,0,0
1307,True,,406,406,0,0,0
1308,True,,433,433,0,0,0
1309,True,,430,430,0,0,0
1310,True,,456,456,0,0,0
1311,True,,451,451,0,0,0
1312,True,,305,305,0,0,0
1313,True,,425,425,0,0,0
1314,True,,247,247,0,0,0
1315,True,,464,464,0,0,0
1316,True,,482,482,0,0,0
1317,True,,411,411,0,0,0
1318,True,,509,509,0,0,0
1319,True,,430,430,0,0,0
1320,True,,436,436,0,0,0
1321,True,,424,424,0,0,0
1322,True,,255,255,0,0,0
1323,True,,510,510,0,0,0
1324,True,,287,287,0,0,0
1325,True,,473,473,0,0,0
1326,True,,336,336,0,0,0
1327,True,,478,478,0,0,0
1328,True,,446,446,0,0,0
1329,True,,448,448,0,0,0
1330,True,,452,452,0,0,0
1331,True,,444,444,0,0,0
1332,True,,453,453,0,0,0
1333,True,,452,452,0,0,0
1334,True,,421,421,0,0,0
1335,True,,412,412,0,0,0
1336,True,,435,435,0,0,0
1337,True,,228,228,0,0,0
1338,True,,456,456,0,0,0
1339,True,,484,484,0,0,0
1340,True,,341,341,0,0,0
1341,True,,406,406,0,0,0
1342,True,,443,443,0,0,0
1343,True,,445,445,0,0,0
1344,True,,347,347,0,0,0
1345,True,,415,415,0,0,0
1346,True,,247,247,0,0,0
1347,True,,459,459,0,0,0
1348,True,,464,464,0,0,0
1349,True,,296,296,0,0,0
1350,True,,435,435,0,0,0
1351,True,,457,457,0,0,0
1352,True,,466,466,0,0,0
1353,True,,391,391,0,0,0
1354,True,,357,357,0,0,0
1355,True,,246,246,0,0,0
1356,True,,437,437,0,0,0
1357,True,,220,220,0,0,0
1358,True,,392,392,0,0,0
1359,True,,455,455,0,0,0
1360,True,,442,442,0,0,0
1361,True,,472,472,0,0,0
1362,True,,418,418,0,0,0
1363,True,,240,240,0,0,0
1364,True,,439,439,0,0,0
1365,True,,244,244,0,0,0
1366,True,,413,413,0,0,0
1367,True,,443,443,0,0,0
1368,True,,510,510,0,0,0
1369,True,,247,247,0,0,0
1370,True,,513,513,0,0,0
1371,True,,455,455,0,0,0
1372,True,,433,433,0,0,0
1373,True,,468,468,0,0,0
1374,True,,482,482,0,0,0
1375,True,,423,423,0,0,0
1376,True,,437,437,0,0,0
1377,True,,438,438,0,0,0
1378,True,,517,517,0,0,0
1379,True,,312,312,0,0,0
1380,True,,503,503,0,0,0
1381,True,,458,458,0,0,0
1382,True,,485,485,0,0,0
1383,True,,488,488,0,0,0
1384,True,,508,508,0,0,0
1385,True,,328,328,0,0,0
1386,True,,518,518,0,0,0
1387,True,,485,485,0,0,0
1388,True,,453,453,0,0,0
1389,True,,444,444,0,0,0
1390,True,,460,460,0,0,0
1391,True,,447,447,0,0,0
1392,True,,446,446,0,0,0
1393,True,,484,484,0,0,0
1394,True,,432,432,0,0,0
1395,True,,467,467,0,0,0
1396,True,,516,516,0,0,0
1397,True,,253,253,0,0,0
1398,True,,478,478,0,0,0
1399,True,,473,473,0,0,0
1400,True,,447,447,0,0,0
1401,True,,484,484,0,0,0
1402,True,,453,453,0,0,0
1403,True,,513,513,0,0,0
1404,True,,557,557,0,0,0
1405,True,,546,546,0,0,0
1406,True,,561,561,0,0,0
1407,True,,508,508,0,0,0
1408,True,,543,543,0,0,0
1409,True,,580,580,0,0,0
1410,True,,351,351,0,0,0
1411,True,,481,481,0,0,0
1412,True,,633,633,0,0,0
1413,True,,643,643,0,0,0
1415,True,,701,701,0,0,0
1416,True,,576,576,0,0,0
1418,True,,715,715,0,0,0
1420,True,,326,326,0,0,0
1422,True,,437,437,0,0,0
1423,True,,454,454,0,0,0
1424,True,,404,404,0,0,0
1425,True,,411,411,0,0,0
1426,True,,418,418,0,0,0
1427,True,,421,421,0,0,0
1428,True,,407,407,0,0,0
1429,True,,222,222,0,0,0
1430,True,,439,439,0,0,0
1431,True,,389,389,0,0,0
1432,True,,435,435,0,0,0
1433,True,,392,392,0,0,0
1434,True,,402,402,0,0,0
1435,True,,374,374,0,0,0
1436,True,,451,451,0,0,0
1437,True,,442,442,0,0,0
1438,True,,365,365,0,0,0
1439,True,,423,423,0,0,0
1440,True,,411,411,0,0,0
1441,True,,461,461,0,0,0
1442,True,,406,406,0,0,0
1443,True,,402,402,0,0,0
1444,True,,314,314,0,0,0
1445,True,,454,454,0,0,0
1446,True,,395,395,0,0,0
1447,True,,429,429,0,0,0
1448,True,,464,464,0,0,0
1449,True,,455,455,0,0,0
1450,True,,458,458,0,0,0
1451,True,,426,426,0,0,0
1452,True,,434,434,0,0,0
1453,True,,427,427,0,0,0
1454,True,,382,382,0,0,0
1455,True,,407,407,0,0,0
1456,True,,433,433,0,0,0
1457,True,,447,447,0,0,0
1458,True,,460,460,0,0,0
1459,True,,351,351,0,0,0
1460,True,,329,329,0,0,0
1461,True,,303,303,0,0,0
1462,True,,336,336,0,0,0
1463,True,,333,333,0,0,0
1464,True,,317,317,0,0,0
1465,True,,319,319,0,0,0
1466,True,,338,338,0,0,0
1467,True,,341,341,0,0,0
1468,True,,338,338,0,0,0
1469,True,,338,338,0,0,0
1470,True,,311,311,0,0,0
1471,True,,366,366,0,0,0
1472,True,,350,350,0,0,0
1473,True,,315,315,0,0,0
1474,True,,320,320,0,0,0
1475,True,,356,356,0,0,0
1476,True,,361,361,0,0,0
1477,True,,345,345,0,0,0
1478,True,,342,342,0,0,0
1479,True,,379,379,0,0,0
1480,True,,327,327,0,0,0
1481,True,,367,367,0,0,0
1482,True,,339,339,0,0,0
1483,True,,386,386,0,0,0
1484,True,,386,386,0,0,0
1485,True,,346,346,0,0,0
1486,True,,336,336,0,0,0
1487,True,,353,353,0,0,0
1488,True,,340,340,0,0,0
1489,True,,332,332,0,0,0
1490,True,,349,349,0,0,0
1491,True,,373,373,0,0,0
1492,True,,373,373,0,0,0
1493,True,,408,408,0,0,0
1494,True,,393,393,0,0,0
1495,True,,389,389,0,0,0
1496,True,,410,410,0,0,0
1497,True,,348,348,0,0,0
1498,True,,381,381,0,0,0
1499,True,,375,375,0,0,0
1500,True,,378,378,0,0,0
1501,True,,334,334,0,0,0
1502,True,,387,387,0,0,0
1503,True,,329,329,0,0,0
1504,True,,379,379,0,0,0
1505,True,,339,339,0,0,0
1506,True,,403,403,0,0,0
1507,True,,374,374,0,0,0
1508,True,,422,422,0,0,0
1509,True,,546,546,0,0,0
1510,True,,468,468,0,0,0
1511,True,,471,471,0,0,0
1512,True,,514,514,0,0,0
1513,True,,543,543,0,0,0
1514,True,,494,494,0,0,0
1515,True,,467,467,0,0,0
1516,True,,468,468,0,0,0
1517,True,,458,458,0,0,0
1518,True,,379,379,0,0,0
1519,True,,311,311,0,0,0
1520,True,,281,281,0,0,0
1521,True,,473,473,0,0,0
1522,True,,504,504,0,0,0
1523,True,,478,478,0,0,0
1524,True,,268,268,0,0,0
1525,True,,459,459,0,0,0
1526,True,,483,483,0,0,0
1527,True,,473,473,0,0,0
1528,True,,459,459,0,0,0
1529,True,,464,464,0,0,0
1530,True,,398,398,0,0,0
1531,True,,387,387,0,0,0
1532,True,,332,332,0,0,0
1533,True,,454,454,0,0,0
1534,True,,468,468,0,0,0
1535,True,,433,433,0,0,0
1536,True,,452,452,0,0,0
1537,True,,462,462,0,0,0
1538,True,,473,473,0,0,0
1539,True,,483,483,0,0,0
1540,True,,456,456,0,0,0
1541,True,,465,465,0,0,0
1542,True,,438,438,0,0,0
1543,True,,481,481,0,0,0
1544,True,,441,441,0,0,0
1545,True,,467,467,0,0,0
1546,True,,472,472,0,0,0
1547,True,,245,245,0,0,0
1548,True,,445,445,0,0,0
1549,True,,489,489,0,0,0
1550,True,,497,497,0,0,0
1551,True,,374,374,0,0,0
1552,True,,372,372,0,0,0
1553,True,,253,253,0,0,0
1554,True,,454,454,0,0,0
1555,True,,474,474,0,0,0
1556,True,,489,489,0,0,0
1557,True,,473,473,0,0,0
1558,True,,289,289,0,0,0
1559,True,,431,431,0,0,0
1560,True,,413,413,0,0,0
1561,True,,389,389,0,0,0
1562,True,,438,438,0,0,0
1563,True,,477,477,0,0,0
1564,True,,256,256,0,0,0
1565,True,,533,533,0,0,0
1566,True,,450,450,0,0,0
1567,True,,561,561,0,0,0
1568,True,,558,558,0,0,0
1569,True,,494,494,0,0,0
1570,True,,475,475,0,0,0
1571,True,,443,443,0,0,0
1572,True,,311,311,0,0,0
1573,True,,513,513,0,0,0
1574,True,,415,415,0,0,0
1575,True,,484,484,0,0,0
1576,True,,473,473,0,0,0
1577,True,,463,463,0,0,0
1578,True,,476,476,0,0,0
1579,True,,299,299,0,0,0
1580,True,,437,437,0,0,0
1581,True,,377,377,0,0,0
1582,True,,325,325,0,0,0
1583,True,,431,431,0,0,0
1584,True,,401,401,0,0,0
1585,True,,464,464,0,0,0
1586,True,,334,334,0,0,0
1587,True,,461,461,0,0,0
1588,True,,362,362,0,0,0
1589,True,,450,450,0,0,0
1590,True,,443,443,0,0,0
1591,True,,426,426,0,0,0
1592,True,,418,418,0,0,0
1593,True,,604,604,0,0,0
1594,True,,350,350,0,0,0
1595,True,,391,391,0,0,0
1596,True,,381,381,0,0,0
1597,True,,549,549,0,0,0
1598,True,,628,628,0,0,0
1599,True,,303,303,0,0,0
1600,True,,622,622,0,0,0
1601,True,,605,605,0,0,0
1602,True,,557,557,0,0,0
1603,True,,297,297,0,0,0
1604,True,,394,394,0,0,0
1605,True,,386,386,0,0,0
1606,True,,377,377,0,0,0
1607,True,,377,377,0,0,0
1608,True,,374,374,0,0,0
1609,True,,248,248,0,0,0
1610,True,,416,416,0,0,0
1611,True,,390,390,0,0,0
1612,True,,335,335,0,0,0
1613,True,,541,541,0,0,0
1614,True,,589,589,0,0,0
1615,True,,581,581,0,0,0
1616,True,,576,576,0,0,0
1617,True,,544,544,0,0,0
1618,True,,603,603,0,0,0
1619,True,,488,488,0,0,0
1620,True,,566,566,0,0,0
1621,True,,542,542,0,0,0
1622,True,,293,293,0,0,0
1623,True,,596,596,0,0,0
1624,True,,519,519,0,0,0
1625,True,,562,562,0,0,0
1626,True,,492,492,0,0,0
1627,True,,605,605,0,0,0
1628,True,,493,493,0,0,0
1629,True,,522,522,0,0,0
1630,True,,535,535,0,0,0
1631,True,,517,517,0,0,0
1632,True,,582,582,0,0,0
1633,True,,544,544,0,0,0
1634,True,,567,567,0,0,0
1635,True,,543,543,0,0,0
1636,True,,521,521,0,0,0
1637,True,,513,513,0,0,0
1638,True,,478,478,0,0,0
1639,True,,276,276,0,0,0
1640,True,,293,293,0,0,0
1641,True,,475,475,0,0,0
1642,True,,555,555,0,0,0
1643,True,,426,426,0,0,0
1644,True,,598,598,0,0,0
1645,True,,615,615,0,0,0
1646,True,,597,597,0,0,0
1647,True,,581,581,0,0,0
1648,True,,534,534,0,0,0
1649,True,,499,499,0,0,0
1650,True,,548,548,0,0,0
1651,True,,343,343,0,0,0
1652,True,,540,540,0,0,0
1653,True,,515,515,0,0,0
1654,True,,279,279,0,0,0
1655,True,,529,529,0,0,0
1656,True,,284,284,0,0,0
1657,True,,574,574,0,0,0
1658,True,,443,443,0,0,0
1659,True,,348,348,0,0,0
1660,True,,346,346,0,0,0
1661,True,,449,449,0,0,0
1662,True,,395,395,0,0,0
1663,True,,277,277,0,0,0
1664,True,,290,290,0,0,0
1665,True,,498,498,0,0,0
1666,True,,268,268,0,0,0
1667,True,,570,570,0,0,0
1668,True,,684,684,0,0,0
1669,True,,610,610,0,0,0
1670,True,,337,337,0,0,0
1671,True,,353,353,0,0,0
1672,True,,492,492,0,0,0
1673,True,,562,562,0,0,0
1674,True,,616,616,0,0,0
1675,True,,332,332,0,0,0
1676,True,,561,561,0,0,0
1677,True,,270,270,0,0,0
1678,True,,407,407,0,0,0
1679,True,,240,240,0,0,0
1680,True,,464,464,0,0,0
1681,True,,493,493,0,0,0
1682,True,,508,508,0,0,0
1683,True,,362,362,0,0,0
1684,True,,281,281,0,0,0
1685,True,,278,278,0,0,0
1686,True,,267,267,0,0,0
1687,True,,453,453,0,0,0
1688,True,,455,455,0,0,0
1689,True,,459,459,0,0,0
1690,True,,415,415,0,0,0
1691,True,,423,423,0,0,0
1692,True,,459,459,0,0,0
1693,True,,247,247,0,0,0
1694,True,,264,264,0,0,0
1695,True,,469,469,0,0,0
1696,True,,462,462,0,0,0
1697,True,,422,422,0,0,0
1698,True,,467,467,0,0,0
1699,True,,506,506,0,0,0
1700,True,,463,463,0,0,0
1701,True,,472,472,0,0,0
1702,True,,409,409,0,0,0
1703,True,,403,403,0,0,0
1704,True,,480,480,0,0,0
1705,True,,265,265,0,0,0
1706,True,,415,415,0,0,0
1707,True,,247,247,0,0,0
1708,True,,478,478,0,0,0
1709,True,,501,501,0,0,0
1710,True,,493,493,0,0,0
1711,True,,312,312,0,0,0
1712,True,,468,468,0,0,0
1713,True,,449,449,0,0,0
1714,True,,571,571,0,0,0
1715,True,,474,474,0,0,0
1716,True,,326,326,0,0,0
1717,True,,505,505,0,0,0
1718,True,,494,494,0,0,0
1719,True,,516,516,0,0,0
1720,True,,482,482,0,0,0
1721,True,,510,510,0,0,0
1722,True,,499,499,0,0,0
1723,True,,429,429,0,0,0
1724,True,,497,497,0,0,0
1725,True,,480,480,0,0,0
1726,True,,415,415,0,0,0
1727,True,,378,378,0,0,0
1728,True,,468,468,0,0,0
1729,True,,451,451,0,0,0
1730,True,,453,453,0,0,0
1731,True,,424,424,0,0,0
1732,True,,424,424,0,0,0
1733,True,,591,591,0,0,0
1734,True,,569,569,0,0,0
1735,True,,512,512,0,0,0
1736,True,,455,455,0,0,0
1737,True,,535,535,0,0,0
1738,True,,607,607,0,0,0
1739,True,,402,402,0,0,0
1740,True,,594,594,0,0,0
1741,True,,637,637,0,0,0
1742,True,,443,443,0,0,0
1743,True,,446,446,0,0,0
1744,True,,375,375,0,0,0
1745,True,,457,457,0,0,0
1746,True,,423,423,0,0,0
1747,True,,430,430,0,0,0
1748,True,,434,434,0,0,0
1749,True,,455,455,0,0,0
1750,True,,463,463,0,0,0
1751,True,,452,452,0,0,0
1752,True,,509,509,0,0,0
1753,True,,488,488,0,0,0
1754,True,,453,453,0,0,0
1755,True,,488,488,0,0,0
1756,True,,530,530,0,0,0
1757,True,,492,492,0,0,0
1758,True,,506,506,0,0,0
1759,True,,501,501,0,0,0
1760,True,,490,490,0,0,0
1761,True,,476,476,0,0,0
1762,True,,457,457,0,0,0
1763,True,,476,476,0,0,0
1764,True,,476,476,0,0,0
1765,True,,515,515,0,0,0
1766,True,,452,452,0,0,0
1767,True,,257,257,0,0,0
1768,True,,489,489,0,0,0
1769,True,,458,458,0,0,0
1770,True,,249,249,0,0,0
1771,True,,383,383,0,0,0
1772,True,,371,371,0,0,0
1773,True,,412,412,0,0,0
1774,True,,364,364,0,0,0
1775,True,,420,420,0,0,0
1776,True,,398,398,0,0,0
1777,True,,432,432,0,0,0
1778,True,,430,430,0,0,0
1779,True,,368,368,0,0,0
1780,True,,321,321,0,0,0
1781,True,,533,533,0,0,0
1782,True,,481,481,0,0,0
1783,True,,510,510,0,0,0
1784,True,,565,565,0,0,0
1785,True,,508,508,0,0,0
1786,True,,569,569,0,0,0
1787,True,,500,500,0,0,0
1788,True,,515,515,0,0,0
1789,True,,440,440,0,0,0
1790,True,,335,335,0,0,0
1791,True,,343,343,0,0,0
1792,True,,347,347,0,0,0
1793,True,,322,322,0,0,0
1794,True,,359,359,0,0,0
1795,True,,311,311,0,0,0
1796,True,,329,329,0,0,0
1797,True,,328,328,0,0,0
1798,True,,359,359,0,0,0
1799,True,,414,414,0,0,0
1800,True,,374,374,0,0,0
1801,True,,348,348,0,0,0
1802,True,,416,416,0,0,0
1803,True,,382,382,0,0,0
1804,True,,365,365,0,0,0
1805,True,,405,405,0,0,0
1806,True,,372,372,0,0,0
1807,True,,382,382,0,0,0
1808,True,,492,492,0,0,0
1809,True,,494,494,0,0,0
1810,True,,516,516,0,0,0
1811,True,,488,488,0,0,0
1812,True,,504,504,0,0,0
1813,True,,567,567,0,0,0
1814,True,,501,501,0,0,0
1815,True,,530,530,0,0,0
1816,True,,513,513,0,0,0
1817,True,,546,546,0,0,0
1818,True,,388,388,0,0,0
1819,True,,301,301,0,0,0
1820,True,,382,382,0,0,0
1821,True,,380,380,0,0,0
1822,True,,214,214,0,0,0
1823,True,,249,249,0,0,0
1824,True,,374,374,0,0,0
1825,True,,372,372,0,0,0
1826,True,,388,388,0,0,0
1827,True,,587,587,0,0,0
1828,True,,613,613,0,0,0
1829,True,,700,700,0,0,0
1830,True,,603,603,0,0,0
1831,True,,340,340,0,0,0
1832,True,,691,691,0,0,0
1833,True,,634,634,0,0,0
1834,True,,729,729,0,0,0
1835,True,,318,318,0,0,0
1836,True,,646,646,0,0,0
1837,True,,353,353,0,0,0
1838,True,,479,479,0,0,0
1839,True,,518,518,0,0,0
1840,True,,454,454,0,0,0
1841,True,,505,505,0,0,0
1842,True,,479,479,0,0,0
1843,True,,446,446,0,0,0
1844,True,,484,484,0,0,0
1845,True,,493,493,0,0,0
1846,True,,449,449,0,0,0
1847,True,,470,470,0,0,0
1848,True,,244,244,0,0,0
1849,True,,402,402,0,0,0
1850,True,,478,478,0,0,0
1851,True,,425,425,0,0,0
1852,True,,510,510,0,0,0
1853,True,,259,259,0,0,0
1854,True,,501,501,0,0,0
1855,True,,232,232,0,0,0
1856,True,,526,526,0,0,0
1857,True,,541,541,0,0,0
1858,True,,577,577,0,0,0
1859,True,,609,609,0,0,0
1860,True,,569,569,0,0,0
1861,True,,539,539,0,0,0
1862,True,,520,520,0,0,0
1863,True,,537,537,0,0,0
1864,True,,558,558,0,0,0
1865,True,,610,610,0,0,0
1866,True,,539,539,0,0,0
1867,True,,561,561,0,0,0
1868,True,,567,567,0,0,0
1869,True,,549,549,0,0,0
1870,True,,382,382,0,0,0
1871,True,,517,517,0,0,0
1872,True,,563,563,0,0,0
1873,True,,422,422,0,0,0
1874,True,,529,529,0,0,0
1875,True,,281,281,0,0,0
1876,True,,640,640,0,0,0
1877,True,,251,251,0,0,0
1878,True,,567,567,0,0,0
1879,True,,564,564,0,0,0
1880,True,,649,649,0,0,0
1881,True,,501,501,0,0,0
1882,True,,625,625,0,0,0
1883,True,,280,280,0,0,0
1884,True,,626,626,0,0,0
1885,True,,607,607,0,0,0
1886,True,,610,610,0,0,0
1887,True,,590,590,0,0,0
1888,True,,304,304,0,0,0
1889,True,,595,595,0,0,0
1890,True,,625,625,0,0,0
1891,True,,511,511,0,0,0
1892,True,,530,530,0,0,0
1893,True,,319,319,0,0,0
1894,True,,424,424,0,0,0
1895,True,,614,614,0,0,0
1896,True,,502,502,0,0,0
1897,True,,438,438,0,0,0
1898,True,,498,498,0,0,0
1899,True,,523,523,0,0,0
1900,True,,263,263,0,0,0
1901,True,,474,474,0,0,0
1902,True,,501,501,0,0,0
1903,True,,514,514,0,0,0
1904,True,,493,493,0,0,0
1905,True,,512,512,0,0,0
1906,True,,525,525,0,0,0
1907,True,,560,560,0,0,0
1908,True,,463,463,0,0,0
1909,True,,512,512,0,0,0
1910,True,,524,524,0,0,0
1911,True,,495,495,0,0,0
1912,True,,549,549,0,0,0
1913,True,,554,554,0,0,0
1914,True,,548,548,0,0,0
1915,True,,291,291,0,0,0
1916,True,,436,436,0,0,0
1917,True,,572,572,0,0,0
1918,True,,558,558,0,0,0
1919,True,,421,421,0,0,0
1920,True,,492,492,0,0,0
1921,True,,480,480,0,0,0
1922,True,,257,257,0,0,0
1923,True,,579,579,0,0,0
1924,True,,540,540,0,0,0
1925,True,,508,508,0,0,0
1926,True,,318,318,0,0,0
1927,True,,579,579,0,0,0
1928,True,,531,531,0,0,0
1929,True,,572,572,0,0,0
1930,True,,541,541,0,0,0
1931,True,,542,542,0,0,0
1932,True,,522,522,0,0,0
1933,True,,492,492,0,0,0
1934,True,,506,506,0,0,0
1935,True,,468,468,0,0,0
1936,True,,458,458,0,0,0
1937,True,,537,537,0,0,0
1938,True,,407,407,0,0,0
1939,True,,522,522,0,0,0
1940,True,,469,469,0,0,0
1941,True,,501,501,0,0,0
1942,True,,567,567,0,0,0
1943,True,,544,544,0,0,0
1944,True,,543,543,0,0,0
1945,True,,579,579,0,0,0
1946,True,,545,545,0,0,0
1947,True,,565,565,0,0,0
1948,True,,529,529,0,0,0
1949,True,,578,578,0,0,0
1950,True,,565,565,0,0,0
1951,True,,263,263,0,0,0
1952,True,,424,424,0,0,0
1953,True,,461,461,0,0,0
1954,True,,440,440,0,0,0
1955,True,,345,345,0,0,0
1956,True,,435,435,0,0,0
1957,True,,443,443,0,0,0
1958,True,,427,427,0,0,0
1959,True,,443,443,0,0,0
1960,True,,517,517,0,0,0
1961,True,,482,482,0,0,0
1962,True,,544,544,0,0,0
1963,True,,505,505,0,0,0
1964,True,,542,542,0,0,0
1965,True,,500,500,0,0,0
1966,True,,469,469,0,0,0
1967,True,,513,513,0,0,0
1968,True,,513,513,0,0,0
1969,True,,262,262,0,0,0
1970,True,,387,387,0,0,0
1971,True,,397,397,0,0,0
1972,True,,431,431,0,0,0
1973,True,,413,413,0,0,0
1974,True,,478,478,0,0,0
1975,True,,400,400,0,0,0
1976,True,,415,415,0,0,0
1977,True,,433,433,0,0,0
1978,True,,443,443,0,0,0
1979,True,,259,259,0,0,0
1980,True,,440,440,0,0,0
1981,True,,474,474,0,0,0
1982,True,,465,465,0,0,0
1983,True,,494,494,0,0,0
1984,True,,467,467,0,0,0
1985,True,,230,230,0,0,0
1986,True,,432,432,0,0,0
1987,True,,241,241,0,0,0
1988,True,,362,362,0,0,0
1989,True,,475,475,0,0,0
1990,True,,405,405,0,0,0
1991,True,,448,448,0,0,0
1992,True,,412,412,0,0,0
1993,True,,427,427,0,0,0
1994,True,,389,389,0,0,0
1995,True,,413,413,0,0,0
1996,True,,427,427,0,0,0
1997,True,,390,390,0,0,0
1998,True,,416,416,0,0,0
1999,True,,344,344,0,0,0
2000,True,,433,433,0,0,0
2001,True,,441,441,0,0,0
2002,True,,443,443,0,0,0
2003,True,,419,419,0,0,0
2004,True,,450,450,0,0,0
2005,True,,416,416,0,0,0
2006,True,,237,237,0,0,0
2007,True,,477,477,0,0,0
2008,True,,415,415,0,0,0
2009,True,,390,390,0,0,0
2010,True,,217,217,0,0,0
2011,True,,407,407,0,0,0
2012,True,,388,388,0,0,0
2013,True,,415,415,0,0,0
2014,True,,473,473,0,0,0
2015,True,,466,466,0,0,0
2016,True,,426,426,0,0,0
2017,True,,332,332,0,0,0
2018,True,,323,323,0,0,0
2019,True,,329,329,0,0,0
2020,True,,344,344,0,0,0
2021,True,,338,338,0,0,0
2022,True,,369,369,0,0,0
2023,True,,353,353,0,0,0
2024,True,,308,308,0,0,0
2025,True,,346,346,0,0,0
2026,True,,343,343,0,0,0
2027,True,,372,372,0,0,0
2028,True,,380,380,0,0,0
2029,True,,342,342,0,0,0
2030,True,,328,328,0,0,0
2031,True,,237,237,0,0,0
2032,True,,329,329,0,0,0
2033,True,,344,344,0,0,0
2034,True,,355,355,0,0,0
2035,True,,389,389,0,0,0
2036,True,,346,346,0,0,0
2037,True,,373,373,0,0,0
2038,True,,377,377,0,0,0
2039,True,,366,366,0,0,0
2040,True,,361,361,0,0,0
2041,True,,379,379,0,0,0
2042,True,,356,356,0,0,0
2043,True,,370,370,0,0,0
2044,True,,380,380,0,0,0
2045,True,,368,368,0,0,0
2046,True,,371,371,0,0,0
2047,True,,378,378,0,0,0
2048,True,,420,420,0,0,0
2049,True,,349,349,0,0,0
2050,True,,332,332,0,0,0
2051,True,,385,385,0,0,0
2052,True,,359,359,0,0,0
2053,True,,409,409,0,0,0
2054,True,,434,434,0,0,0
2055,True,,373,373,0,0,0
2056,True,,379,379,0,0,0
2057,True,,348,348,0,0,0
2058,True,,318,318,0,0,0
2059,True,,344,344,0,0,0
2060,True,,353,353,0,0,0
2061,True,,316,316,0,0,0
2062,True,,335,335,0,0,0
2063,True,,221,221,0,0,0
2064,True,,344,344,0,0,0
2065,True,,255,255,0,0,0
2066,True,,343,343,0,0,0
2067,True,,318,318,0,0,0
2068,True,,391,391,0,0,0
2069,True,,359,359,0,0,0
2070,True,,340,340,0,0,0
2071,True,,370,370,0,0,0
2072,True,,346,346,0,0,0
2073,True,,338,338,0,0,0
2074,True,,224,224,0,0,0
2075,True,,378,378,0,0,0
2076,True,,269,269,0,0,0
2077,True,,302,302,0,0,0
2078,True,,331,331,0,0,0
2079,True,,351,351,0,0,0
2080,True,,309,309,0,0,0
2081,True,,325,325,0,0,0
2082,True,,371,371,0,0,0
2083,True,,343,343,0,0,0
2084,True,,293,293,0,0,0
2085,True,,328,328,0,0,0
2086,True,,369,369,0,0,0
2087,True,,209,209,0,0,0
2088,True,,345,345,0,0,0
2089,True,,308,308,0,0,0
2090,True,,362,362,0,0,0
2091,True,,228,228,0,0,0
2092,True,,390,390,0,0,0
2093,True,,378,378,0,0,0
2094,True,,342,342,0,0,0
2095,True,,330,330,0,0,0
2096,True,,347,347,0,0,0
2097,True,,307,307,0,0,0
2098,True,,360,360,0,0,0
2099,True,,320,320,0,0,0
2100,True,,342,342,0,0,0
2101,True,,296,296,0,0,0
2102,True,,337,337,0,0,0
2103,True,,340,340,0,0,0
2104,True,,351,351,0,0,0
2105,True,,339,339,0,0,0
2106,True,,328,328,0,0,0
2107,True,,318,318,0,0,0
2108,True,,314,314,0,0,0
2109,True,,352,352,0,0,0
2110,True,,343,343,0,0,0
2111,True,,381,381,0,0,0
2112,True,,383,383,0,0,0
2113,True,,350,350,0,0,0
2114,True,,326,326,0,0,0
2115,True,,310,310,0,0,0
2116,True,,326,326,0,0,0
2117,True,,349,349,0,0,0
2118,True,,334,334,0,0,0
2119,True,,365,365,0,0,0
2120,True,,335,335,0,0,0
2121,True,,307,307,0,0,0
2122,True,,283,283,0,0,0
2123,True,,336,336,0,0,0
2124,True,,263,263,0,0,0
2125,True,,317,317,0,0,0
2126,True,,311,311,0,0,0
2127,True,,325,325,0,0,0
2128,True,,249,249,0,0,0
2129,True,,285,285,0,0,0
2130,True,,290,290,0,0,0
2131,True,,293,293,0,0,0
2132,True,,315,315,0,0,0
2133,True,,327,327,0,0,0
2134,True,,342,342,0,0,0
2135,True,,348,348,0,0,0
2136,True,,366,366,0,0,0
2137,True,,269,269,0,0,0
2138,True,,249,249,0,0,0
2139,True,,346,346,0,0,0
2140,True,,322,322,0,0,0
2141,True,,617,617,0,0,0
2142,True,,347,347,0,0,0
2143,True,,581,581,0,0,0
2144,True,,332,332,0,0,0
2145,True,,593,593,0,0,0
2146,True,,464,464,0,0,0
2147,True,,351,351,0,0,0
2148,True,,280,280,0,0,0
2149,True,,318,318,0,0,0
2150,True,,546,546,0,0,0
2151,True,,533,533,0,0,0
2152,True,,492,492,0,0,0
2153,True,,492,492,0,0,0
2154,True,,445,445,0,0,0
2155,True,,275,275,0,0,0
2156,True,,272,272,0,0,0
2157,True,,551,551,0,0,0
2158,True,,351,351,0,0,0
2159,True,,593,593,0,0,0
2160,True,,536,536,0,0,0
2161,True,,584,584,0,0,0
2162,True,,559,559,0,0,0
2163,True,,543,543,0,0,0
2164,True,,602,602,0,0,0
2165,True,,549,549,0,0,0
2166,True,,317,317,0,0,0
2167,True,,289,289,0,0,0
2168,True,,571,571,0,0,0
2169,True,,558,558,0,0,0
2170,True,,529,529,0,0,0
2171,True,,293,293,0,0,0
2172,True,,539,539,0,0,0
2173,True,,294,294,0,0,0
2174,True,,591,591,0,0,0
2175,True,,525,525,0,0,0
2176,True,,540,540,0,0,0
2177,True,,562,562,0,0,0
2178,True,,384,384,0,0,0
2179,True,,403,403,0,0,0
2180,True,,367,367,0,0,0
2181,True,,413,413,0,0,0
2182,True,,387,387,0,0,0
2183,True,,402,402,0,0,0
2184,True,,407,407,0,0,0
2185,True,,343,343,0,0,0
2186,True,,411,411,0,0,0
2187,True,,323,323,0,0,0
2188,True,,364,364,0,0,0
2189,True,,392,392,0,0,0
2190,True,,349,349,0,0,0
2191,True,,394,394,0,0,0
2192,True,,330,330,0,0,0
2193,True,,363,363,0,0,0
2194,True,,341,341,0,0,0
2195,True,,343,343,0,0,0
2196,True,,533,533,0,0,0
2197,True,,636,636,0,0,0
2198,True,,601,601,0,0,0
2199,True,,547,547,0,0,0
2200,True,,519,519,0,0,0
2201,True,,361,361,0,0,0
2202,True,,307,307,0,0,0
2203,True,,303,303,0,0,0
2204,True,,531,531,0,0,0
2205,True,,501,501,0,0,0
2206,True,,622,622,0,0,0
2207,True,,444,444,0,0,0
2208,True,,340,340,0,0,0
2209,True,,518,518,0,0,0
2210,True,,264,264,0,0,0
2211,True,,295,295,0,0,0
2212,True,,347,347,0,0,0
2213,True,,307,307,0,0,0
2214,True,,508,508,0,0,0
2215,True,,342,342,0,0,0
2216,True,,450,450,0,0,0
2217,True,,501,501,0,0,0
2218,True,,492,492,0,0,0
2219,True,,502,502,0,0,0
2220,True,,327,327,0,0,0
2221,True,,478,478,0,0,0
2222,True,,302,302,0,0,0
2223,True,,529,529,0,0,0
2224,True,,560,560,0,0,0
2225,True,,536,536,0,0,0
2226,True,,689,689,0,0,0
2227,True,,411,411,0,0,0
2228,True,,498,498,0,0,0
2229,True,,618,618,0,0,0
2230,True,,465,465,0,0,0
2231,True,,385,385,0,0,0
2232,True,,563,563,0,0,0
2233,True,,569,569,0,0,0
2234,True,,380,380,0,0,0
2235,True,,476,476,0,0,0
2236,True,,512,512,0,0,0
2237,True,,485,485,0,0,0
2238,True,,473,473,0,0,0
2239,True,,499,499,0,0,0
2240,True,,488,488,0,0,0
2241,True,,492,492,0,0,0
2242,True,,416,416,0,0,0
2243,True,,491,491,0,0,0
2244,True,,515,515,0,0,0
2245,True,,521,521,0,0,0
2246,True,,579,579,0,0,0
2247,True,,526,526,0,0,0
2248,True,,571,571,0,0,0
2249,True,,465,465,0,0,0
2250,True,,398,398,0,0,0
2251,True,,586,586,0,0,0
2252,True,,292,292,0,0,0
2253,True,,527,527,0,0,0
2254,True,,298,298,0,0,0
2255,True,,264,264,0,0,0
2256,True,,291,291,0,0,0
2257,True,,477,477,0,0,0
2258,True,,424,424,0,0,0
2259,True,,548,548,0,0,0
2260,True,,556,556,0,0,0
2261,True,,322,322,0,0,0
2262,True,,590,590,0,0,0
2263,True,,498,498,0,0,0
2264,True,,458,458,0,0,0
2265,True,,516,516,0,0,0
2266,True,,528,528,0,0,0
2267,True,,530,530,0,0,0
2268,True,,496,496,0,0,0
2269,True,,473,473,0,0,0
2270,True,,514,514,0,0,0
2271,True,,556,556,0,0,0
2272,True,,487,487,0,0,0
2273,True,,535,535,0,0,0
2274,True,,505,505,0,0,0
2275,True,,461,461,0,0,0
2276,True,,327,327,0,0,0
2277,True,,453,453,0,0,0
2278,True,,551,551,0,0,0
2279,True,,515,515,0,0,0
2280,True,,489,489,0,0,0
2281,True,,540,540,0,0,0
2282,True,,275,275,0,0,0
2283,True,,477,477,0,0,0
2284,True,,476,476,0,0,0
2285,True,,452,452,0,0,0
2286,True,,279,279,0,0,0
2287,True,,278,278,0,0,0
2288,True,,460,460,0,0,0
2289,True,,527,527,0,0,0
2290,True,,315,315,0,0,0
2291,True,,334,334,0,0,0
2292,True,,338,338,0,0,0
2293,True,,329,329,0,0,0
2294,True,,368,368,0,0,0
2295,True,,312,312,0,0,0
2296,True,,296,296,0,0,0
2297,True,,333,333,0,0,0
2298,True,,339,339,0,0,0
2299,True,,450,450,0,0,0
2300,True,,402,402,0,0,0
2301,True,,378,378,0,0,0
2302,True,,389,389,0,0,0
2303,True,,406,406,0,0,0
2304,True,,367,367,0,0,0
2305,True,,406,406,0,0,0
2306,True,,462,462,0,0,0
2307,True,,430,430,0,0,0
2308,True,,318,318,0,0,0
2309,True,,326,326,0,0,0
2310,True,,364,364,0,0,0
2311,True,,396,396,0,0,0
2312,True,,384,384,0,0,0
2313,True,,366,366,0,0,0
2314,True,,405,405,0,0,0
2315,True,,213,213,0,0,0
2316,True,,203,203,0,0,0
2317,True,,402,402,0,0,0
2318,True,,396,396,0,0,0
2319,True,,412,412,0,0,0
2320,True,,387,387,0,0,0
2321,True,,387,387,0,0,0
2322,True,,419,419,0,0,0
2323,True,,366,366,0,0,0
2324,True,,404,404,0,0,0
2325,True,,433,433,0,0,0
2326,True,,450,450,0,0,0
2327,True,,369,369,0,0,0
2328,True,,409,409,0,0,0
2329,True,,359,359,0,0,0
2330,True,,369,369,0,0,0
2331,True,,373,373,0,0,0
2332,True,,354,354,0,0,0
2333,True,,279,279,0,0,0
2334,True,,341,341,0,0,0
2335,True,,359,359,0,0,0
2336,True,,510,510,0,0,0
2337,True,,456,456,0,0,0
2338,True,,482,482,0,0,0
2339,True,,246,246,0,0,0
2340,True,,482,482,0,0,0
2341,True,,470,470,0,0,0
2342,True,,470,470,0,0,0
2343,True,,460,460,0,0,0
2344,True,,475,475,0,0,0
2345,True,,488,488,0,0,0
2346,True,,425,425,0,0,0
2347,True,,434,434,0,0,0
2348,True,,447,447,0,0,0
2349,True,,415,415,0,0,0
2350,True,,237,237,0,0,0
2351,True,,377,377,0,0,0
2352,True,,430,430,0,0,0
2353,True,,406,406,0,0,0
2354,True,,473,473,0,0,0
2355,True,,508,508,0,0,0
2356,True,,503,503,0,0,0
2357,True,,363,363,0,0,0
2358,True,,304,304,0,0,0
2359,True,,529,529,0,0,0
2360,True,,462,462,0,0,0
2361,True,,440,440,0,0,0
2362,True,,492,492,0,0,0
2363,True,,280,280,0,0,0
2364,True,,357,357,0,0,0
2365,True,,491,491,0,0,0
2366,True,,310,310,0,0,0
2367,True,,285,285,0,0,0
2368,True,,505,505,0,0,0
2369,True,,568,568,0,0,0
2370,True,,254,254,0,0,0
2371,True,,431,431,0,0,0
2372,True,,296,296,0,0,0
2373,True,,550,550,0,0,0
2374,True,,539,539,0,0,0
2375,True,,559,559,0,0,0
2376,True,,508,508,0,0,0
2377,True,,509,509,0,0,0
2378,True,,388,388,0,0,0
2379,True,,577,577,0,0,0
2380,True,,554,554,0,0,0
2381,True,,551,551,0,0,0
2382,True,,548,548,0,0,0
2383,True,,479,479,0,0,0
2384,True,,533,533,0,0,0
2385,True,,603,603,0,0,0
2386,True,,582,582,0,0,0
2387,True,,617,617,0,0,0
2388,True,,528,528,0,0,0
2389,True,,574,574,0,0,0
2390,True,,431,431,0,0,0
2391,True,,340,340,0,0,0
2392,True,,353,353,0,0,0
2393,True,,321,321,0,0,0
2394,True,,301,301,0,0,0
2395,True,,312,312,0,0,0
2396,True,,324,324,0,0,0
2397,True,,327,327,0,0,0
2398,True,,332,332,0,0,0
2399,True,,343,343,0,0,0
2400,True,,350,350,0,0,0
2401,True,,367,367,0,0,0
2402,True,,513,513,0,0,0
2403,True,,518,518,0,0,0
2404,True,,538,538,0,0,0
2405,True,,453,453,0,0,0
2406,True,,500,500,0,0,0
2407,True,,448,448,0,0,0
2408,True,,275,275,0,0,0
2409,True,,514,514,0,0,0
2410,True,,279,279,0,0,0
2411,True,,288,288,0,0,0
2412,True,,306,306,0,0,0
2413,True,,547,547,0,0,0
2414,True,,359,359,0,0,0
2415,True,,435,435,0,0,0
2416,True,,522,522,0,0,0
2417,True,,529,529,0,0,0
2418,True,,459,459,0,0,0
2419,True,,565,565,0,0,0
2420,True,,469,469,0,0,0
2421,True,,542,542,0,0,0
2422,True,,526,526,0,0,0
2423,True,,511,511,0,0,0
2424,True,,527,527,0,0,0
2425,True,,531,531,0,0,0
2426,True,,539,539,0,0,0
2427,True,,510,510,0,0,0
2428,True,,541,541,0,0,0
2429,True,,484,484,0,0,0
2430,True,,233,233,0,0,0
2431,True,,474,474,0,0,0
2432,True,,527,527,0,0,0
2433,True,,469,469,0,0,0
2434,True,,471,471,0,0,0
2435,True,,446,446,0,0,0
2436,True,,477,477,0,0,0
2437,True,,450,450,0,0,0
2438,True,,335,335,0,0,0
2439,True,,323,323,0,0,0
2440,True,,302,302,0,0,0
2441,True,,257,257,0,0,0
2442,True,,361,361,0,0,0
2443,True,,320,320,0,0,0
2444,True,,305,305,0,0,0
2445,True,,299,299,0,0,0
2446,True,,331,331,0,0,0
2447,True,,349,349,0,0,0
2448,True,,359,359,0,0,0
2449,True,,273,273,0,0,0
2450,True,,305,305,0,0,0
2451,True,,331,331,0,0,0
2452,True,,309,309,0,0,0
2453,True,,301,301,0,0,0
2454,True,,331,331,0,0,0
2455,True,,311,311,0,0,0
2456,True,,303,303,0,0,0
2457,True,,376,376,0,0,0
2458,True,,346,346,0,0,0
2459,True,,343,343,0,0,0
2460,True,,351,351,0,0,0
2461,True,,378,378,0,0,0
2462,True,,381,381,0,0,0
2463,True,,351,351,0,0,0
2464,True,,352,352,0,0,0
2465,True,,334,334,0,0,0
2466,True,,329,329,0,0,0
2467,True,,325,325,0,0,0
2468,True,,332,332,0,0,0
2469,True,,344,344,0,0,0
2470,True,,327,327,0,0,0
2471,True,,360,360,0,0,0
2472,True,,363,363,0,0,0
2473,True,,297,297,0,0,0
2474,True,,328,328,0,0,0
2475,True,,365,365,0,0,0
2476,True,,359,359,0,0,0
2477,True,,393,393,0,0,0
2478,True,,389,389,0,0,0
2479,True,,380,380,0,0,0
2480,True,,381,381,0,0,0
2481,True,,396,396,0,0,0
2482,True,,392,392,0,0,0
2483,True,,401,401,0,0,0
2484,True,,411,411,0,0,0
2485,True,,384,384,0,0,0
2486,True,,408,408,0,0,0
2487,True,,381,381,0,0,0
2488,True,,235,235,0,0,0
2489,True,,219,219,0,0,0
2490,True,,391,391,0,0,0
2491,True,,416,416,0,0,0
2492,True,,361,361,0,0,0
2493,True,,222,222,0,0,0
2494,True,,435,435,0,0,0
2495,True,,450,450,0,0,0
2496,True,,438,438,0,0,0
2497,True,,480,480,0,0,0
2498,True,,476,476,0,0,0
2499,True,,433,433,0,0,0
2500,True,,463,463,0,0,0
2501,True,,532,532,0,0,0
2502,True,,441,441,0,0,0
2503,True,,240,240,0,0,0
2504,True,,465,465,0,0,0
2505,True,,418,418,0,0,0
2506,True,,426,426,0,0,0
2507,True,,435,435,0,0,0
2508,True,,465,465,0,0,0
2509,True,,455,455,0,0,0
2510,True,,414,414,0,0,0
2511,True,,422,422,0,0,0
2512,True,,475,475,0,0,0
2513,True,,428,428,0,0,0
2514,True,,398,398,0,0,0
2515,True,,251,251,0,0,0
2516,True,,515,515,0,0,0
2517,True,,556,556,0,0,0
2518,True,,566,566,0,0,0
2519,True,,553,553,0,0,0
2520,True,,550,550,0,0,0
2521,True,,543,543,0,0,0
2522,True,,357,357,0,0,0
2523,True,,557,557,0,0,0
2524,True,,377,377,0,0,0
2525,True,,490,490,0,0,0
2526,True,,602,602,0,0,0
2527,True,,470,470,0,0,0
2528,True,,563,563,0,0,0
2529,True,,487,487,0,0,0
2530,True,,362,362,0,0,0
2531,True,,287,287,0,0,0
2532,True,,567,567,0,0,0
2533,True,,561,561,0,0,0
2534,True,,365,365,0,0,0
2535,True,,407,407,0,0,0
2536,True,,396,396,0,0,0
2537,True,,291,291,0,0,0
2538,True,,381,381,0,0,0
2539,True,,407,407,0,0,0
2540,True,,314,314,0,0,0
2541,True,,355,355,0,0,0
2542,True,,357,357,0,0,0
2543,True,,320,320,0,0,0
2544,True,,291,291,0,0,0
2545,True,,330,330,0,0,0
2546,True,,347,347,0,0,0
2547,True,,349,349,0,0,0
2548,True,,391,391,0,0,0
2549,True,,350,350,0,0,0
2550,True,,340,340,0,0,0
2551,True,,204,204,0,0,0
2552,True,,298,298,0,0,0
2553,True,,328,328,0,0,0
2554,True,,351,351,0,0,0
2555,True,,348,348,0,0,0
2556,True,,346,346,0,0,0
2557,True,,399,399,0,0,0
2558,True,,355,355,0,0,0
2559,True,,353,353,0,0,0
2560,True,,365,365,0,0,0
2561,True,,293,293,0,0,0
2562,True,,438,438,0,0,0
2563,True,,381,381,0,0,0
2564,True,,225,225,0,0,0
2565,True,,455,455,0,0,0
2566,True,,444,444,0,0,0
2567,True,,439,439,0,0,0
2568,True,,487,487,0,0,0
2569,True,,439,439,0,0,0
2570,True,,438,438,0,0,0
2571,True,,418,418,0,0,0
2572,True,,471,471,0,0,0
2573,True,,280,280,0,0,0
2574,True,,436,436,0,0,0
2575,True,,487,487,0,0,0
2576,True,,520,520,0,0,0
2577,True,,250,250,0,0,0
2578,True,,514,514,0,0,0
2579,True,,503,503,0,0,0
2580,True,,392,392,0,0,0
2581,True,,346,346,0,0,0
2582,True,,355,355,0,0,0
2583,True,,380,380,0,0,0
2584,True,,398,398,0,0,0
2585,True,,376,376,0,0,0
2586,True,,317,317,0,0,0
2587,True,,378,378,0,0,0
2588,True,,393,393,0,0,0
2589,True,,385,385,0,0,0
2590,True,,724,724,0,0,0
2591,True,,651,651,0,0,0
2594,True,,705,705,0,0,0
2595,True,,708,708,0,0,0
2596,True,,727,727,0,0,0
2597,True,,661,661,0,0,0
2598,True,,322,322,0,0,0
2603,True,,731,731,0,0,0
2606,True,,680,680,0,0,0
2608,True,,660,660,0,0,0
2609,True,,599,599,0,0,0
2610,True,,584,584,0,0,0
2611,True,,390,390,0,0,0
2612,True,,667,667,0,0,0
2613,True,,363,363,0,0,0
2614,True,,568,568,0,0,0
2615,True,,566,566,0,0,0
2616,True,,551,551,0,0,0
2617,True,,658,658,0,0,0
2618,True,,716,716,0,0,0
2619,True,,637,637,0,0,0
2620,True,,677,677,0,0,0
2621,True,,648,648,0,0,0
2622,True,,518,518,0,0,0
2623,True,,542,542,0,0,0
2624,True,,630,630,0,0,0
2625,True,,368,368,0,0,0
2626,True,,590,590,0,0,0
2627,True,,533,533,0,0,0
2628,True,,644,644,0,0,0
2629,True,,307,307,0,0,0
2630,True,,357,357,0,0,0
2631,True,,570,570,0,0,0
2632,True,,639,639,0,0,0
2633,True,,396,396,0,0,0
2634,True,,619,619,0,0,0
2635,True,,382,382,0,0,0
2636,True,,461,461,0,0,0
2637,True,,368,368,0,0,0
2638,True,,478,478,0,0,0
2639,True,,450,450,0,0,0
2640,True,,256,256,0,0,0
2641,True,,463,463,0,0,0
2642,True,,428,428,0,0,0
2643,True,,421,421,0,0,0
2644,True,,418,418,0,0,0
2645,True,,430,430,0,0,0
2646,True,,507,507,0,0,0
2647,True,,496,496,0,0,0
2648,True,,387,387,0,0,0
2649,True,,474,474,0,0,0
2650,True,,471,471,0,0,0
2651,True,,470,470,0,0,0
2652,True,,466,466,0,0,0
2653,True,,449,449,0,0,0
2654,True,,441,441,0,0,0
2655,True,,242,242,0,0,0
2656,True,,485,485,0,0,0
2657,True,,224,224,0,0,0
2658,True,,462,462,0,0,0
2659,True,,396,396,0,0,0
2660,True,,458,458,0,0,0
2661,True,,424,424,0,0,0
2662,True,,427,427,0,0,0
2663,True,,462,462,0,0,0
2664,True,,242,242,0,0,0
2665,True,,439,439,0,0,0
2666,True,,447,447,0,0,0
2667,True,,435,435,0,0,0
2668,True,,265,265,0,0,0
2669,True,,230,230,0,0,0
2670,True,,374,374,0,0,0
2671,True,,415,415,0,0,0
2672,True,,533,533,0,0,0
2673,True,,467,467,0,0,0
2674,True,,527,527,0,0,0
2675,True,,512,512,0,0,0
2676,True,,556,556,0,0,0
2677,True,,525,525,0,0,0
2678,True,,508,508,0,0,0
2679,True,,542,542,0,0,0
2680,True,,536,536,0,0,0
2681,True,,566,566,0,0,0
2682,True,,575,575,0,0,0
2683,True,,540,540,0,0,0
2684,True,,561,561,0,0,0
2685,True,,558,558,0,0,0
2686,True,,570,570,0,0,0
2687,True,,541,541,0,0,0
2688,True,,297,297,0,0,0
2689,True,,306,306,0,0,0
2690,True,,531,531,0,0,0
2691,True,,624,624,0,0,0
2692,True,,560,560,0,0,0
2693,True,,296,296,0,0,0
2694,True,,327,327,0,0,0
2695,True,,614,614,0,0,0
2696,True,,545,545,0,0,0
2697,True,,577,577,0,0,0
2698,True,,611,611,0,0,0
2699,True,,329,329,0,0,0
2700,True,,536,536,0,0,0
2701,True,,476,476,0,0,0
2702,True,,504,504,0,0,0
2703,True,,532,532,0,0,0
2704,True,,516,516,0,0,0
2705,True,,583,583,0,0,0
2706,True,,502,502,0,0,0
2707,True,,500,500,0,0,0
2708,True,,524,524,0,0,0
2709,True,,505,505,0,0,0
2710,True,,488,488,0,0,0
2711,True,,526,526,0,0,0
2712,True,,421,421,0,0,0
2713,True,,479,479,0,0,0
2714,True,,457,457,0,0,0
2715,True,,415,415,0,0,0
2716,True,,465,465,0,0,0
2717,True,,514,514,0,0,0
2718,True,,515,515,0,0,0
2719,True,,429,429,0,0,0
2720,True,,281,281,0,0,0
2721,True,,450,450,0,0,0
2722,True,,509,509,0,0,0
2723,True,,488,488,0,0,0
2724,True,,465,465,0,0,0
2725,True,,433,433,0,0,0
2726,True,,295,295,0,0,0
2727,True,,496,496,0,0,0
2728,True,,524,524,0,0,0
2729,True,,477,477,0,0,0
2730,True,,526,526,0,0,0
2731,True,,349,349,0,0,0
2732,True,,518,518,0,0,0
2733,True,,286,286,0,0,0
2734,True,,258,258,0,0,0
2735,True,,256,256,0,0,0
2736,True,,528,528,0,0,0
2737,True,,511,511,0,0,0
2738,True,,528,528,0,0,0
2739,True,,524,524,0,0,0
2740,True,,526,526,0,0,0
2741,True,,392,392,0,0,0
2742,True,,486,486,0,0,0
2743,True,,506,506,0,0,0
2744,True,,319,319,0,0,0
2745,True,,490,490,0,0,0
2746,True,,489,489,0,0,0
2747,True,,433,433,0,0,0
2748,True,,238,238,0,0,0
2749,True,,460,460,0,0,0
2750,True,,496,496,0,0,0
2751,True,,526,526,0,0,0
2752,True,,485,485,0,0,0
2753,True,,311,311,0,0,0
2754,True,,392,392,0,0,0
2755,True,,350,350,0,0,0
2756,True,,477,477,0,0,0
2757,True,,481,481,0,0,0
2758,True,,449,449,0,0,0
2759,True,,313,313,0,0,0
2760,True,,485,485,0,0,0
2761,True,,490,490,0,0,0
2762,True,,521,521,0,0,0
2763,True,,504,504,0,0,0
2764,True,,462,462,0,0,0
2765,True,,489,489,0,0,0
2766,True,,467,467,0,0,0
2767,True,,505,505,0,0,0
2768,True,,499,499,0,0,0
2769,True,,460,460,0,0,0
2770,True,,514,514,0,0,0
2771,True,,325,325,0,0,0
2772,True,,451,451,0,0,0
2773,True,,450,450,0,0,0
2774,True,,441,441,0,0,0
2775,True,,452,452,0,0,0
2776,True,,509,509,0,0,0
2777,True,,442,442,0,0,0
2778,True,,455,455,0,0,0
2779,True,,332,332,0,0,0
2780,True,,498,498,0,0,0
2781,True,,445,445,0,0,0
2782,True,,506,506,0,0,0
2783,True,,501,501,0,0,0
2784,True,,489,489,0,0,0
2785,True,,541,541,0,0,0
2786,True,,473,473,0,0,0
2787,True,,484,484,0,0,0
2788,True,,461,461,0,0,0
2789,True,,477,477,0,0,0
2790,True,,515,515,0,0,0
2791,True,,458,458,0,0,0
2792,True,,492,492,0,0,0
2793,True,,475,475,0,0,0
2794,True,,238,238,0,0,0
2795,True,,548,548,0,0,0
2796,True,,563,563,0,0,0
2797,True,,498,498,0,0,0
2798,True,,316,316,0,0,0
2799,True,,410,410,0,0,0
2800,True,,324,324,0,0,0
2801,True,,530,530,0,0,0
2802,True,,550,550,0,0,0
2803,True,,430,430,0,0,0
2804,True,,499,499,0,0,0
2805,True,,469,469,0,0,0
2806,True,,310,310,0,0,0
2807,True,,503,503,0,0,0
2808,True,,484,484,0,0,0
2809,True,,473,473,0,0,0
2810,True,,276,276,0,0,0
2811,True,,430,430,0,0,0
2812,True,,330,330,0,0,0
2813,True,,530,530,0,0,0
2814,True,,477,477,0,0,0
2815,True,,479,479,0,0,0
2816,True,,463,463,0,0,0
2817,True,,495,495,0,0,0
2818,True,,252,252,0,0,0
2819,True,,516,516,0,0,0
2820,True,,293,293,0,0,0
2821,True,,242,242,0,0,0
2822,True,,527,527,0,0,0
2823,True,,484,484,0,0,0
2824,True,,534,534,0,0,0
2825,True,,468,468,0,0,0
2826,True,,474,474,0,0,0
2827,True,,449,449,0,0,0
2828,True,,536,536,0,0,0
2829,True,,520,520,0,0,0
2830,True,,265,265,0,0,0
2831,True,,237,237,0,0,0
2832,True,,491,491,0,0,0
2833,True,,528,528,0,0,0
2834,True,,516,516,0,0,0
2835,True,,521,521,0,0,0
2836,True,,254,254,0,0,0
2837,True,,521,521,0,0,0
2838,True,,223,223,0,0,0
2839,True,,546,546,0,0,0
2840,True,,252,252,0,0,0
2841,True,,334,334,0,0,0
2842,True,,389,389,0,0,0
2843,True,,384,384,0,0,0
2844,True,,353,353,0,0,0
2845,True,,343,343,0,0,0
2846,True,,367,367,0,0,0
2847,True,,338,338,0,0,0
2848,True,,284,284,0,0,0
2849,True,,365,365,0,0,0
2850,True,,373,373,0,0,0
2851,True,,341,341,0,0,0
2852,True,,356,356,0,0,0
2853,True,,311,311,0,0,0
2854,True,,263,263,0,0,0
2855,True,,309,309,0,0,0
2856,True,,337,337,0,0,0
2857,True,,350,350,0,0,0
2858,True,,340,340,0,0,0
2859,True,,334,334,0,0,0
2860,True,,348,348,0,0,0
2861,True,,350,350,0,0,0
2862,True,,316,316,0,0,0
2863,True,,366,366,0,0,0
2864,True,,386,386,0,0,0
2865,True,,310,310,0,0,0
2866,True,,336,336,0,0,0
2867,True,,323,323,0,0,0
2868,True,,374,374,0,0,0
2869,True,,345,345,0,0,0
2870,True,,353,353,0,0,0
2871,True,,318,318,0,0,0
2872,True,,361,361,0,0,0
2873,True,,304,304,0,0,0
2874,True,,361,361,0,0,0
2875,True,,375,375,0,0,0
2876,True,,365,365,0,0,0
2877,True,,296,296,0,0,0
2878,True,,363,363,0,0,0
2879,True,,364,364,0,0,0
2880,True,,390,390,0,0,0
2881,True,,351,351,0,0,0
2882,True,,304,304,0,0,0
2883,True,,338,338,0,0,0
2884,True,,396,396,0,0,0
2885,True,,400,400,0,0,0
2886,True,,311,311,0,0,0
2887,True,,340,340,0,0,0
2888,True,,238,238,0,0,0
2889,True,,390,390,0,0,0
2890,True,,352,352,0,0,0
2891,True,,356,356,0,0,0
2892,True,,307,307,0,0,0
2893,True,,379,379,0,0,0
2894,True,,379,379,0,0,0
2895,True,,376,376,0,0,0
2896,True,,356,356,0,0,0
2897,True,,372,372,0,0,0
2898,True,,357,357,0,0,0
2899,True,,371,371,0,0,0
2900,True,,380,380,0,0,0
2901,True,,373,373,0,0,0
2902,True,,378,378,0,0,0
2903,True,,363,363,0,0,0
2904,True,,411,411,0,0,0
2905,True,,411,411,0,0,0
2906,True,,373,373,0,0,0
2907,True,,349,349,0,0,0
2908,True,,287,287,0,0,0
2909,True,,264,264,0,0,0
2910,True,,321,321,0,0,0
2911,True,,294,294,0,0,0
2912,True,,322,322,0,0,0
2913,True,,330,330,0,0,0
2914,True,,316,316,0,0,0
2915,True,,358,358,0,0,0
2916,True,,422,422,0,0,0
2917,True,,406,406,0,0,0
2918,True,,435,435,0,0,0
2919,True,,411,411,0,0,0
2920,True,,388,388,0,0,0
2921,True,,418,418,0,0,0
2922,True,,380,380,0,0,0
2923,True,,397,397,0,0,0
2924,True,,394,394,0,0,0
2925,True,,423,423,0,0,0
2926,True,,398,398,0,0,0
2927,True,,412,412,0,0,0
2928,True,,380,380,0,0,0
2929,True,,373,373,0,0,0
2930,True,,441,441,0,0,0
2931,True,,397,397,0,0,0
2932,True,,407,407,0,0,0
2933,True,,433,433,0,0,0
2934,True,,371,371,0,0,0
2935,True,,322,322,0,0,0
2936,True,,383,383,0,0,0
2937,True,,342,342,0,0,0
2938,True,,384,384,0,0,0
2939,True,,376,376,0,0,0
2940,True,,250,250,0,0,0
2941,True,,342,342,0,0,0
2942,True,,339,339,0,0,0
2943,True,,365,365,0,0,0
2944,True,,337,337,0,0,0
2945,True,,383,383,0,0,0
2946,True,,345,345,0,0,0
2947,True,,327,327,0,0,0
2948,True,,363,363,0,0,0
2949,True,,363,363,0,0,0
2950,True,,341,341,0,0,0
2951,True,,380,380,0,0,0
2952,True,,361,361,0,0,0
2953,True,,365,365,0,0,0
2954,True,,419,419,0,0,0
2955,True,,352,352,0,0,0
2956,True,,410,410,0,0,0
2957,True,,344,344,0,0,0
2958,True,,345,345,0,0,0
2959,True,,361,361,0,0,0
2960,True,,328,328,0,0,0
2961,True,,405,405,0,0,0
2962,True,,384,384,0,0,0
2963,True,,367,367,0,0,0
2964,True,,334,334,0,0,0
2965,True,,360,360,0,0,0
2966,True,,372,372,0,0,0
2967,True,,357,357,0,0,0
2968,True,,392,392,0,0,0
2969,True,,374,374,0,0,0
2970,True,,407,407,0,0,0
2971,True,,323,323,0,0,0
2972,True,,374,374,0,0,0
2973,True,,373,373,0,0,0
2974,True,,322,322,0,0,0
2975,True,,357,357,0,0,0
2976,True,,357,357,0,0,0
2977,True,,298,298,0,0,0
2978,True,,352,352,0,0,0
2979,True,,360,360,0,0,0
2980,True,,367,367,0,0,0
2981,True,,422,422,0,0,0
2982,True,,361,361,0,0,0
2983,True,,369,369,0,0,0
2984,True,,366,366,0,0,0
2985,True,,315,315,0,0,0
2986,True,,348,348,0,0,0
2987,True,,322,322,0,0,0
2988,True,,375,375,0,0,0
2989,True,,401,401,0,0,0
2990,True,,484,484,0,0,0
2991,True,,453,453,0,0,0
2992,True,,394,394,0,0,0
2993,True,,410,410,0,0,0
2994,True,,455,455,0,0,0
2995,True,,356,356,0,0,0
2996,True,,438,438,0,0,0
2997,True,,204,204,0,0,0
2998,True,,433,433,0,0,0
2999,True,,404,404,0,0,0
3000,True,,304,304,0,0,0
3001,True,,328,328,0,0,0
3002,True,,412,412,0,0,0
3003,True,,365,365,0,0,0
3004,True,,397,397,0,0,0
3005,True,,359,359,0,0,0
3006,True,,376,376,0,0,0
3007,True,,377,377,0,0,0
3008,True,,416,416,0,0,0
3009,True,,283,283,0,0,0
3010,True,,318,318,0,0,0
3011,True,,330,330,0,0,0
3012,True,,309,309,0,0,0
3013,True,,325,325,0,0,0
3014,True,,330,330,0,0,0
3015,True,,301,301,0,0,0
3016,True,,305,305,0,0,0
3017,True,,369,369,0,0,0
3018,True,,311,311,0,0,0
3019,True,,376,376,0,0,0
3020,True,,376,376,0,0,0
3021,True,,367,367,0,0,0
3022,True,,308,308,0,0,0
3023,True,,343,343,0,0,0
3024,True,,378,378,0,0,0
3025,True,,351,351,0,0,0
3026,True,,348,348,0,0,0
3027,True,,351,351,0,0,0
3028,True,,337,337,0,0,0
3029,True,,294,294,0,0,0
3030,True,,345,345,0,0,0
3031,True,,326,326,0,0,0
3032,True,,333,333,0,0,0
3033,True,,327,327,0,0,0
3034,True,,335,335,0,0,0
3035,True,,351,351,0,0,0
3036,True,,331,331,0,0,0
3037,True,,348,348,0,0,0
3038,True,,309,309,0,0,0
3039,True,,327,327,0,0,0
3040,True,,340,340,0,0,0
3041,True,,336,336,0,0,0
3042,True,,363,363,0,0,0
3043,True,,313,313,0,0,0
3044,True,,299,299,0,0,0
3045,True,,291,291,0,0,0
3046,True,,341,341,0,0,0
3047,True,,358,358,0,0,0
3048,True,,347,347,0,0,0
3049,True,,327,327,0,0,0
3050,True,,338,338,0,0,0
3051,True,,349,349,0,0,0
3052,True,,370,370,0,0,0
3053,True,,320,320,0,0,0
3054,True,,393,393,0,0,0
3055,True,,385,385,0,0,0
3056,True,,360,360,0,0,0
3057,True,,336,336,0,0,0
3058,True,,360,360,0,0,0
3059,True,,401,401,0,0,0
3060,True,,337,337,0,0,0
3061,True,,341,341,0,0,0
3062,True,,373,373,0,0,0
3063,True,,364,364,0,0,0
3064,True,,355,355,0,0,0
3065,True,,389,389,0,0,0
3066,True,,388,388,0,0,0
3067,True,,394,394,0,0,0
3068,True,,393,393,0,0,0
3069,True,,414,414,0,0,0
3070,True,,345,345,0,0,0
3071,True,,394,394,0,0,0
3072,True,,211,211,0,0,0
3073,True,,346,346,0,0,0
3074,True,,407,407,0,0,0
3075,True,,403,403,0,0,0
3076,True,,420,420,0,0,0
3077,True,,372,372,0,0,0
3078,True,,383,383,0,0,0
3079,True,,390,390,0,0,0
3080,True,,373,373,0,0,0
3081,True,,424,424,0,0,0
3082,True,,387,387,0,0,0
3083,True,,357,357,0,0,0
3084,True,,332,332,0,0,0
3085,True,,356,356,0,0,0
3086,True,,347,347,0,0,0
3087,True,,328,328,0,0,0
3088,True,,309,309,0,0,0
3089,True,,342,342,0,0,0
3090,True,,330,330,0,0,0
3091,True,,301,301,0,0,0
3092,True,,206,206,0,0,0
3093,True,,389,389,0,0,0
3094,True,,380,380,0,0,0
3095,True,,446,446,0,0,0
3096,True,,412,412,0,0,0
3097,True,,395,395,0,0,0
3098,True,,346,346,0,0,0
3099,True,,377,377,0,0,0
3100,True,,412,412,0,0,0
3101,True,,443,443,0,0,0
3102,True,,453,453,0,0,0
3103,True,,412,412,0,0,0
3104,True,,432,432,0,0,0
3105,True,,425,425,0,0,0
3106,True,,418,418,0,0,0
3107,True,,426,426,0,0,0
3108,True,,422,422,0,0,0
3109,True,,406,406,0,0,0
3110,True,,331,331,0,0,0
3111,True,,384,384,0,0,0
3112,True,,345,345,0,0,0
3113,True,,391,391,0,0,0
3114,True,,397,397,0,0,0
3115,True,,389,389,0,0,0
3116,True,,400,400,0,0,0
3117,True,,379,379,0,0,0
3118,True,,358,358,0,0,0
3119,True,,324,324,0,0,0
3120,True,,436,436,0,0,0
3121,True,,407,407,0,0,0
3122,True,,402,402,0,0,0
3123,True,,443,443,0,0,0
3124,True,,409,409,0,0,0
3125,True,,378,378,0,0,0
3126,True,,438,438,0,0,0
3127,True,,430,430,0,0,0
3128,True,,449,449,0,0,0
3129,True,,391,391,0,0,0
3130,True,,393,393,0,0,0
3131,True,,390,390,0,0,0
3132,True,,254,254,0,0,0
3133,True,,412,412,0,0,0
3134,True,,394,394,0,0,0
3135,True,,369,369,0,0,0
3136,True,,405,405,0,0,0
3137,True,,452,452,0,0,0
3138,True,,385,385,0,0,0
3139,True,,368,368,0,0,0
3140,True,,357,357,0,0,0
3141,True,,362,362,0,0,0
3142,True,,336,336,0,0,0
3143,True,,364,364,0,0,0
3144,True,,371,371,0,0,0
3145,True,,336,336,0,0,0
3146,True,,361,361,0,0,0
3147,True,,306,306,0,0,0
3148,True,,357,357,0,0,0
3149,True,,338,338,0,0,0
3150,True,,339,339,0,0,0
3151,True,,387,387,0,0,0
3152,True,,387,387,0,0,0
3153,True,,316,316,0,0,0
3154,True,,338,338,0,0,0
3155,True,,345,345,0,0,0
3156,True,,350,350,0,0,0
3157,True,,380,380,0,0,0
3158,True,,374,374,0,0,0
3159,True,,337,337,0,0,0
3160,True,,415,415,0,0,0
3161,True,,368,368,0,0,0
3162,True,,344,344,0,0,0
3163,True,,371,371,0,0,0
3164,True,,358,358,0,0,0
3165,True,,371,371,0,0,0
3166,True,,398,398,0,0,0
3167,True,,371,371,0,0,0
3168,True,,398,398,0,0,0
3169,True,,357,357,0,0,0
3170,True,,378,378,0,0,0
3171,True,,383,383,0,0,0
3172,True,,330,330,0,0,0
3173,True,,426,426,0,0,0
3174,True,,395,395,0,0,0
3175,True,,217,217,0,0,0
3176,True,,269,269,0,0,0
3177,True,,342,342,0,0,0
3178,True,,300,300,0,0,0
3179,True,,347,347,0,0,0
3180,True,,282,282,0,0,0
3181,True,,298,298,0,0,0
3182,True,,354,354,0,0,0
3183,True,,296,296,0,0,0
3184,True,,337,337,0,0,0
3185,True,,281,281,0,0,0
3186,True,,309,309,0,0,0
3187,True,,319,319,0,0,0
3188,True,,321,321,0,0,0
3189,True,,291,291,0,0,0
3190,True,,324,324,0,0,0
3191,True,,314,314,0,0,0
3192,True,,307,307,0,0,0
3193,True,,332,332,0,0,0
3194,True,,303,303,0,0,0
3195,True,,338,338,0,0,0
3196,True,,316,316,0,0,0
3197,True,,322,322,0,0,0
3198,True,,338,338,0,0,0
3199,True,,354,354,0,0,0
3200,True,,327,327,0,0,0
3201,True,,310,310,0,0,0
3202,True,,334,334,0,0,0
3203,True,,317,317,0,0,0
3204,True,,335,335,0,0,0
3205,True,,369,369,0,0,0
3206,True,,372,372,0,0,0
3207,True,,368,368,0,0,0
3208,True,,372,372,0,0,0
3209,True,,348,348,0,0,0
3210,True,,347,347,0,0,0
3211,True,,334,334,0,0,0
3212,True,,316,316,0,0,0
3213,True,,388,388,0,0,0
3214,True,,366,366,0,0,0
3215,True,,396,396,0,0,0
3216,True,,379,379,0,0,0
3217,True,,385,385,0,0,0
3218,True,,373,373,0,0,0
3219,True,,404,404,0,0,0
3220,True,,374,374,0,0,0
3221,True,,389,389,0,0,0
3222,True,,370,370,0,0,0
3223,True,,357,357,0,0,0
3224,True,,391,391,0,0,0
3225,True,,341,341,0,0,0
3226,True,,335,335,0,0,0
3227,True,,368,368,0,0,0
3228,True,,232,232,0,0,0
3229,True,,224,224,0,0,0
3230,True,,348,348,0,0,0
3231,True,,395,395,0,0,0
3232,True,,401,401,0,0,0
3233,True,,382,382,0,0,0
3234,True,,390,390,0,0,0
3235,True,,393,393,0,0,0
3236,True,,417,417,0,0,0
3237,True,,393,393,0,0,0
3238,True,,400,400,0,0,0
3239,True,,370,370,0,0,0
3240,True,,428,428,0,0,0
3241,True,,379,379,0,0,0
3242,True,,402,402,0,0,0
3243,True,,261,261,0,0,0
3244,True,,356,356,0,0,0
3245,True,,424,424,0,0,0
3246,True,,435,435,0,0,0
3247,True,,403,403,0,0,0
3248,True,,399,399,0,0,0
3249,True,,373,373,0,0,0
3250,True,,380,380,0,0,0
3251,True,,376,376,0,0,0
3252,True,,419,419,0,0,0
3253,True,,334,334,0,0,0
3254,True,,380,380,0,0,0
3255,True,,392,392,0,0,0
3256,True,,356,356,0,0,0
3257,True,,325,325,0,0,0
3258,True,,345,345,0,0,0
3259,True,,405,405,0,0,0
3260,True,,356,356,0,0,0
3261,True,,383,383,0,0,0
3262,True,,292,292,0,0,0
3263,True,,374,374,0,0,0
3264,True,,364,364,0,0,0
3265,True,,369,369,0,0,0
3266,True,,390,390,0,0,0
3267,True,,403,403,0,0,0
3268,True,,407,407,0,0,0
3269,True,,377,377,0,0,0
3270,True,,352,352,0,0,0
3271,True,,290,290,0,0,0
3272,True,,348,348,0,0,0
3273,True,,320,320,0,0,0
3274,True,,352,352,0,0,0
3275,True,,344,344,0,0,0
3276,True,,387,387,0,0,0
3277,True,,339,339,0,0,0
3278,True,,405,405,0,0,0
3279,True,,372,372,0,0,0
3280,True,,374,374,0,0,0
3281,True,,418,418,0,0,0
3282,True,,226,226,0,0,0
3283,True,,390,390,0,0,0
3284,True,,374,374,0,0,0
3285,True,,371,371,0,0,0
3286,True,,387,387,0,0,0
3287,True,,607,607,0,0,0
3288,True,,298,298,0,0,0
3289,True,,351,351,0,0,0
3290,True,,571,571,0,0,0
3291,True,,329,329,0,0,0
3292,True,,568,568,0,0,0
3293,True,,527,527,0,0,0
3294,True,,552,552,0,0,0
3295,True,,375,375,0,0,0
3296,True,,500,500,0,0,0
3297,True,,457,457,0,0,0
3298,True,,488,488,0,0,0
3299,True,,437,437,0,0,0
3300,True,,481,481,0,0,0
3301,True,,488,488,0,0,0
3302,True,,432,432,0,0,0
3303,True,,471,471,0,0,0
3304,True,,431,431,0,0,0
3305,True,,398,398,0,0,0
3306,True,,700,700,0,0,0
3307,True,,743,743,0,0,0
3308,True,,411,411,0,0,0
3309,True,,680,680,0,0,0
3310,True,,639,639,0,0,0
3311,True,,684,684,0,0,0
3312,True,,345,345,0,0,0
3313,True,,699,699,0,0,0
3314,True,,782,782,0,0,0
3315,True,,674,674,0,0,0
3316,True,,580,580,0,0,0
3317,True,,757,757,0,0,0
3318,True,,668,668,0,0,0
3319,True,,706,706,0,0,0
3320,True,,704,704,0,0,0
3322,True,,645,645,0,0,0
3323,True,,344,344,0,0,0
3324,True,,420,420,0,0,0
3325,True,,497,497,0,0,0
3326,True,,489,489,0,0,0
3327,True,,480,480,0,0,0
3328,True,,446,446,0,0,0
3329,True,,498,498,0,0,0
3330,True,,531,531,0,0,0
3331,True,,472,472,0,0,0
3332,True,,231,231,0,0,0
3333,True,,541,541,0,0,0
3334,True,,538,538,0,0,0
3335,True,,479,479,0,0,0
3336,True,,412,412,0,0,0
3337,True,,530,530,0,0,0
3338,True,,528,528,0,0,0
3339,True,,513,513,0,0,0
3340,True,,534,534,0,0,0
3341,True,,316,316,0,0,0
3342,True,,265,265,0,0,0
3343,True,,307,307,0,0,0
3344,True,,465,465,0,0,0
3345,True,,572,572,0,0,0
3346,True,,472,472,0,0,0
3347,True,,531,531,0,0,0
3348,True,,542,542,0,0,0
3349,True,,477,477,0,0,0
3350,True,,285,285,0,0,0
3351,True,,520,520,0,0,0
3352,True,,532,532,0,0,0
3353,True,,448,448,0,0,0
3354,True,,492,492,0,0,0
3355,True,,518,518,0,0,0
3356,True,,306,306,0,0,0
3357,True,,529,529,0,0,0
3358,True,,527,527,0,0,0
3359,True,,464,464,0,0,0
3360,True,,268,268,0,0,0
3361,True,,472,472,0,0,0
3362,True,,358,358,0,0,0
3363,True,,496,496,0,0,0
3364,True,,411,411,0,0,0
3365,True,,238,238,0,0,0
3366,True,,390,390,0,0,0
3367,True,,481,481,0,0,0
3368,True,,261,261,0,0,0
3369,True,,348,348,0,0,0
3370,True,,256,256,0,0,0
3371,True,,449,449,0,0,0
3372,True,,212,212,0,0,0
3373,True,,568,568,0,0,0
3374,True,,359,359,0,0,0
3375,True,,604,604,0,0,0
3376,True,,584,584,0,0,0
3377,True,,536,536,0,0,0
3378,True,,549,549,0,0,0
3379,True,,612,612,0,0,0
3380,True,,457,457,0,0,0
3381,True,,375,375,0,0,0
3382,True,,379,379,0,0,0
3383,True,,358,358,0,0,0
3384,True,,348,348,0,0,0
3385,True,,408,408,0,0,0
3386,True,,347,347,0,0,0
3387,True,,370,370,0,0,0
3388,True,,351,351,0,0,0
3389,True,,359,359,0,0,0
3390,True,,383,383,0,0,0
3391,True,,365,365,0,0,0
3392,True,,366,366,0,0,0
3393,True,,346,346,0,0,0
3394,True,,360,360,0,0,0
3395,True,,383,383,0,0,0
3396,True,,433,433,0,0,0
3397,True,,401,401,0,0,0
3398,True,,405,405,0,0,0
3399,True,,402,402,0,0,0
3400,True,,378,378,0,0,0
3401,True,,392,392,0,0,0
3402,True,,401,401,0,0,0
3403,True,,380,380,0,0,0
3404,True,,354,354,0,0,0
3405,True,,402,402,0,0,0
3406,True,,368,368,0,0,0
3407,True,,343,343,0,0,0
3408,True,,397,397,0,0,0
3409,True,,547,547,0,0,0
3410,True,,368,368,0,0,0
3411,True,,531,531,0,0,0
3412,True,,590,590,0,0,0
3413,True,,510,510,0,0,0
3414,True,,542,542,0,0,0
3415,True,,549,549,0,0,0
3416,True,,575,575,0,0,0
3417,True,,554,554,0,0,0
3418,True,,560,560,0,0,0
3419,True,,504,504,0,0,0
3420,True,,516,516,0,0,0
3421,True,,558,558,0,0,0
3422,True,,403,403,0,0,0
3423,True,,532,532,0,0,0
3424,True,,256,256,0,0,0
3425,True,,537,537,0,0,0
3426,True,,538,538,0,0,0
3427,True,,641,641,0,0,0
3429,True,,706,706,0,0,0
3430,True,,366,366,0,0,0
3431,True,,657,657,0,0,0
3432,True,,657,657,0,0,0
3433,True,,674,674,0,0,0
3434,True,,700,700,0,0,0
3435,True,,884,884,0,0,0
3436,True,,543,543,0,0,0
3437,True,,300,300,0,0,0
3438,True,,516,516,0,0,0
3439,True,,448,448,0,0,0
3440,True,,493,493,0,0,0
3441,True,,355,355,0,0,0
3442,True,,485,485,0,0,0
3443,True,,412,412,0,0,0
3444,True,,478,478,0,0,0
3445,True,,460,460,0,0,0
3446,True,,842,842,0,0,0
3447,True,,685,685,0,0,0
3448,True,,543,543,0,0,0
3449,True,,841,841,0,0,0
3450,True,,592,592,0,0,0
3451,True,,659,659,0,0,0
3452,True,,681,681,0,0,0
3453,True,,817,817,0,0,0
3454,True,,802,802,0,0,0
3455,True,,385,385,0,0,0
3456,True,,351,351,0,0,0
3457,True,,350,350,0,0,0
3458,True,,340,340,0,0,0
3459,True,,339,339,0,0,0
3460,True,,346,346,0,0,0
3461,True,,357,357,0,0,0
3462,True,,223,223,0,0,0
3463,True,,364,364,0,0,0
3464,True,,377,377,0,0,0
3465,True,,324,324,0,0,0
3466,True,,324,324,0,0,0
3467,True,,343,343,0,0,0
3468,True,,355,355,0,0,0
3469,True,,354,354,0,0,0
3470,True,,312,312,0,0,0
3471,True,,336,336,0,0,0
3472,True,,383,383,0,0,0
3473,True,,541,541,0,0,0
3474,True,,550,550,0,0,0
3475,True,,504,504,0,0,0
3476,True,,538,538,0,0,0
3477,True,,622,622,0,0,0
3478,True,,593,593,0,0,0
3479,True,,438,438,0,0,0
3480,True,,589,589,0,0,0
3481,True,,589,589,0,0,0
3482,True,,352,352,0,0,0
3483,True,,400,400,0,0,0
3484,True,,358,358,0,0,0
3485,True,,347,347,0,0,0
3486,True,,389,389,0,0,0
3487,True,,338,338,0,0,0
3488,True,,327,327,0,0,0
3489,True,,360,360,0,0,0
3490,True,,320,320,0,0,0
3491,True,,591,591,0,0,0
3492,True,,625,625,0,0,0
3493,True,,615,615,0,0,0
3494,True,,623,623,0,0,0
3495,True,,572,572,0,0,0
3496,True,,665,665,0,0,0
3497,True,,596,596,0,0,0
3498,True,,656,656,0,0,0
3499,True,,629,629,0,0,0
3500,True,,555,555,0,0,0
3501,True,,474,474,0,0,0
3502,True,,358,358,0,0,0
3503,True,,593,593,0,0,0
3504,True,,499,499,0,0,0
3505,True,,259,259,0,0,0
3506,True,,536,536,0,0,0
3507,True,,326,326,0,0,0
3508,True,,289,289,0,0,0
3509,True,,571,571,0,0,0
3510,True,,324,324,0,0,0
3511,True,,305,305,0,0,0
3512,True,,592,592,0,0,0
3513,True,,319,319,0,0,0
3514,True,,531,531,0,0,0
3515,True,,471,471,0,0,0
3516,True,,480,480,0,0,0
3517,True,,286,286,0,0,0
3518,True,,321,321,0,0,0
3519,True,,532,532,0,0,0
3520,True,,495,495,0,0,0
3521,True,,256,256,0,0,0
3522,True,,498,498,0,0,0
3523,True,,497,497,0,0,0
3524,True,,557,557,0,0,0
3525,True,,487,487,0,0,0
3526,True,,280,280,0,0,0
