n,n_pos,n_neg,auc_roc,auc_pr,brier,logit_mean,logit_std,pos_logit_mean,neg_logit_mean,score_gap,family,condition,delta_auc,delta_aupr,delta_score_gap,delta_logit_std,mean_abs_delta_logit,pearson_r_vs_baseline,delta_auc_ci_low,delta_auc_ci_high,delta_aupr_ci_low,delta_aupr_ci_high
495,267,228,0.7115447795518759,0.7355542340494808,0.40083593149543967,-4.159061431884766,3.4086148738861084,-3.001723289489746,-5.514364242553711,2.512640953063965,P450,baseline,0.0,0.0,0.0,0.0,0.0,1.0,0.0,0.0,0.0,0.0
495,267,228,0.5575267757408502,0.5742854210291328,0.4953104674832593,-5.474599838256836,3.562793254852295,-5.169255256652832,-5.832174777984619,0.6629195213317871,P450,seq_off,-0.1540180038110257,-0.161268813020348,-1.8497214317321777,0.15417838096618652,2.9798152446746826,0.44558065162822985,-0.20980709330487685,-0.09797750709154351,-0.21449711731025478,-0.10265199758339497
495,267,228,0.6971384453643471,0.7348744503992319,0.28928379599969944,-2.2195169925689697,3.121428966522217,-1.6772077083587646,-2.8545901775360107,1.177382469177246,P450,mol_off,-0.014406334187528791,-0.0006797836502488996,-1.3352584838867188,-0.2871859073638916,3.4909491539001465,0.26876149455392623,-0.07393236913904724,0.044391705025374185,-0.0626263124750532,0.06587159451961759
495,267,228,0.43664169787765295,0.5402684841951139,0.5333740119515866,-21.975053787231445,14.195134162902832,-23.620946884155273,-20.04762077331543,-3.5733261108398438,P450,str_off,-0.27490308167422295,-0.19528574985436697,-6.085967063903809,10.786519289016724,17.872371673583984,0.28712380103981083,-0.3292479827986166,-0.21929808626662925,-0.24564951604262372,-0.1389637246564554
495,267,228,0.6216078585978053,0.6392077999073025,0.5239774217341934,-10.782339096069336,8.875297546386719,-9.82805061340332,-11.899859428405762,2.0718088150024414,P450,seq_only,-0.08993692095407058,-0.09634643414217836,-0.44083213806152344,5.46668267250061,7.748107433319092,0.17095521864293822,-0.15588503852455915,-0.02430038212798779,-0.1657816803317722,-0.021358204969497373
495,267,228,0.4710723437808003,0.548840392134833,0.5284633556395169,-21.05866813659668,13.809053421020508,-21.970300674438477,-19.99110221862793,-1.9791984558105469,P450,mol_only,-0.24047243577107558,-0.1867138419146478,-4.491839408874512,10.4004385471344,17.087326049804688,0.20638603984767645,-0.30056473171616915,-0.18015510305458504,-0.2437598059555136,-0.12465811991063748
495,267,228,0.4514094224324857,0.505380650653179,0.3363341101796425,-1.0779434442520142,0.3681255280971527,-1.1038289070129395,-1.0476300716400146,-0.056198835372924805,P450,str_only,-0.2601353571193902,-0.23017358339630178,-2.5688397884368896,-3.0404893457889557,3.505694627761841,-0.030270023917215567,-0.3258423717732228,-0.19143947558924207,-0.28641232496269914,-0.16176082082325263
495,267,228,0.5,0.5393939393939394,0.25854371270730553,-0.2455580234527588,2.9802322387695312e-08,-0.24555803835391998,-0.24555803835391998,0.0,P450,all_off,-0.2115447795518759,-0.1961602946555414,-2.512640953063965,-3.408614844083786,4.0963335037231445,,-0.256905720012266,-0.1657339270801607,-0.24466344343077673,-0.14800669461692828
6291,978,5313,0.8773997260260263,0.6564898283042977,0.08389369325704829,-2.9405412673950195,2.4662926197052,-0.09652528166770935,-3.4640586376190186,3.367533355951309,Phosphatase,baseline,0.0,0.0,0.0,0.0,0.0,0.9999999999999998,0.0,0.0,0.0,0.0
6291,978,5313,0.5774264190508522,0.19243361061704095,0.14832941764387508,-4.547892093658447,1.2988754510879517,-4.237976551055908,-4.604940414428711,0.36696386337280273,Phosphatase,seq_off,-0.2999733069751741,-0.46405621768725674,-3.0005694925785065,-1.1674171686172485,2.375990390777588,0.2125617093287386,-0.32162484189552965,-0.27773468816030306,-0.49263425759129953,-0.4331163982978085
6291,978,5313,0.7258805330291058,0.3581757876428856,0.18815617432657764,-1.6094880104064941,2.763803005218506,0.3057355284690857,-1.9620361328125,2.2677716612815857,Phosphatase,mol_off,-0.15151919299692052,-0.2983140406614121,-1.0997616946697235,0.29751038551330566,2.3474838733673096,0.4750375056932228,-0.1698230923582144,-0.13470054461545705,-0.32683739226680053,-0.2685147618101723
6291,978,5313,0.7675272328513193,0.47127583244275406,0.10906134082374483,-4.275613307952881,4.7373046875,-1.6468058824539185,-4.759515762329102,3.112709879875183,Phosphatase,str_off,-0.10987249317470704,-0.18521399586154363,-0.2548234760761261,2.2710120677948,2.290682792663574,0.6181503122731601,-0.12338034396457735,-0.0965244848463903,-0.21225533429353882,-0.15646913191588427
6291,978,5313,0.6247548648855663,0.2447903288365017,0.26005674443553745,-0.6943950653076172,2.374669075012207,0.1725548952817917,-0.8539804816246033,1.026535376906395,Phosphatase,seq_only,-0.25264486114046003,-0.411699499467796,-2.3409979790449142,-0.09162354469299316,3.041851043701172,0.2111664000618804,-0.27232548757003106,-0.23240287199245957,-0.44135400309431305,-0.3807128382303088
6291,978,5313,0.6056097883918636,0.20606284745224834,0.150920379723697,-5.959458351135254,3.229832887649536,-5.1242523193359375,-6.1132001876831055,0.988947868347168,Phosphatase,mol_only,-0.2717899376341627,-0.45042698085204935,-2.3785854876041412,0.7635402679443359,3.3859338760375977,0.3012836620524212,-0.29163391487805806,-0.25196503104934187,-0.48058228420422683,-0.420020417460472
6291,978,5313,0.5325601016451911,0.17377886534468884,0.134811599000998,-1.753847599029541,0.7781161069869995,-1.6771700382232666,-1.7679623365402222,0.09079229831695557,Phosphatase,str_only,-0.34483962438083526,-0.48271096295960886,-3.2767410576343536,-1.6881765127182007,2.1684584617614746,0.10191800069538481,-0.3677074577890805,-0.32231645882465565,-0.5120134278034043,-0.45347872330881545
6291,978,5313,0.5,0.15546018121125418,0.21164013832173711,-0.24555806815624237,1.4901161193847656e-08,-0.24555803835391998,-0.24555805325508118,1.4901161193847656e-08,Phosphatase,all_off,-0.37739972602602634,-0.5010296470930435,-3.367533341050148,-2.466292604804039,3.036949396133423,,-0.38992508863971115,-0.3646687859845106,-0.5298617868748297,-0.47549629343527794
